<?xml version='1.0' encoding='utf-8'?>
<osm version="0.6" generator="maps-vietnam toll-station-pipeline">
  <node id="14000000000" lat="10.768771" lon="106.92285" version="1" timestamp="2026-06-11T02:34:07Z">
    <tag k="barrier" v="toll_booth" />
    <tag k="highway" v="toll_gantry" />
    <tag k="payment" v="etc" />
    <tag k="payment:etc" v="yes" />
    <tag k="toll" v="yes" />
    <tag k="name" v="Trạm thu phí 319 HLD" />
    <tag k="addr:full" v="Ngã 3, Bến Cam, Nhơn Trạch, Đồng Nai, Việt Nam" />
    <tag k="addr:province" v="Đồng Nai" />
    <tag k="source" v="maps-vietnam toll-station-pipeline" />
    <tag k="source:datasets" v="A_colleague;B_final" />
    <tag k="source:google_place_id" v="ChIJu33VcOUZdTERpLbzmSFFqDo" />
    <tag k="source:google_cid" v="4226704260906333860" />
    <tag k="source:url" v="https://www.google.com/maps/place/Tr%E1%BA%A1m+Thu+ph%C3%AD+319+HLD/data=!4m7!3m6!1s0x317519e570d57dbb:0x3aa8452199f3b6a4!8m2!3d10.7687709!4d106.9228499!16s%2Fg%2F11shlyq3yg!19sChIJu33VcOUZdTERpLbzmSFFqDo?authuser=0&amp;hl=vi&amp;rclk=1" />
    <tag k="ref:osm_match" v="vn-toll-osm-1223191092" />
    <tag k="note:osm_match_name" v="OSM toll 1223191092" />
    <tag k="maps_vietnam:id" v="vn-toll-gmaps-chiju33vcouzdterplbzmsffqdo" />
    <tag k="maps_vietnam:clean_status" v="auto_keep_merge" />
    <tag k="maps_vietnam:confidence" v="0.8" />
    <tag k="maps_vietnam:status" v="active" />
  </node>
  <node id="14000000001" lat="13.3493" lon="109.208309" version="1" timestamp="2026-06-11T02:34:07Z">
    <tag k="barrier" v="toll_booth" />
    <tag k="highway" v="toll_gantry" />
    <tag k="payment" v="etc" />
    <tag k="payment:etc" v="yes" />
    <tag k="toll" v="yes" />
    <tag k="name" v="Trạm thu phí An Dân" />
    <tag k="addr:full" v="86X5+P87 Trạm Thu phí An Dân, QL1A, Tuy An Bắc, Đắk Lắk, Việt Nam" />
    <tag k="addr:province" v="Đắk Lắk" />
    <tag k="road" v="QL1A" />
    <tag k="source" v="maps-vietnam toll-station-pipeline" />
    <tag k="source:datasets" v="B_final" />
    <tag k="source:google_place_id" v="ChIJ29z21fWXbzERSLDVctWeXyc" />
    <tag k="source:google_cid" v="2837160929858531400" />
    <tag k="source:url" v="https://www.google.com/maps/place/Tr%E1%BA%A1m+Thu+phi%CC%81+An+D%C3%A2n/data=!4m7!3m6!1s0x316f97f5d5f6dcdb:0x275f9ed572d5b048!8m2!3d13.3492996!4d109.2083086!16s%2Fg%2F11f2wfdyp0!19sChIJ29z21fWXbzERSLDVctWeXyc?authuser=0&amp;hl=vi&amp;rclk=1" />
    <tag k="ref:osm_match" v="vn-toll-osm-8436783101" />
    <tag k="note:osm_match_name" v="Trạm Thu Phí An Dân (Thạch Bàn)" />
    <tag k="maps_vietnam:id" v="vn-toll-gmaps-chij29z21fwxbzersldvctwexyc" />
    <tag k="maps_vietnam:clean_status" v="auto_keep_unique" />
    <tag k="maps_vietnam:confidence" v="0.8" />
    <tag k="maps_vietnam:status" v="active" />
  </node>
  <node id="14000000002" lat="9.6596264" lon="105.9312819" version="1" timestamp="2026-06-11T02:34:07Z">
    <tag k="barrier" v="toll_booth" />
    <tag k="highway" v="toll_gantry" />
    <tag k="payment" v="etc" />
    <tag k="payment:etc" v="yes" />
    <tag k="toll" v="yes" />
    <tag k="name" v="Trạm thu phí An Hiệp" />
    <tag k="addr:full" v="MW5J+VG3, An Ninh, Cần Thơ, Việt Nam" />
    <tag k="addr:province" v="Cần Thơ" />
    <tag k="source" v="maps-vietnam toll-station-pipeline" />
    <tag k="source:datasets" v="A_colleague" />
    <tag k="source:google_place_id" v="ChIJ6dcbN61RoDERnkcej8daO3A" />
    <tag k="source:google_cid" v="0x31a051ad371bd7e9:0x703b5ac78f1e479e" />
    <tag k="source:url" v="https://www.google.com/maps/place/Tr%E1%BA%A1m+Thu+ph%C3%AD+An+Hi%E1%BB%87p/data=!4m7!3m6!1s0x31a051ad371bd7e9:0x703b5ac78f1e479e!8m2!3d9.6596264!4d105.9312819!16s%2Fg%2F11c208q_qg!19sChIJ6dcbN61RoDERnkcej8daO3A?authuser=0&amp;hl=vi&amp;rclk=1" />
    <tag k="maps_vietnam:id" v="vn-toll-clean-089" />
    <tag k="maps_vietnam:clean_status" v="auto_keep_unique" />
    <tag k="maps_vietnam:status" v="active" />
  </node>
  <node id="14000000003" lat="10.317215" lon="105.885382" version="1" timestamp="2026-06-11T02:34:07Z">
    <tag k="barrier" v="toll_booth" />
    <tag k="highway" v="toll_gantry" />
    <tag k="payment" v="etc" />
    <tag k="payment:etc" v="yes" />
    <tag k="toll" v="yes" />
    <tag k="name" v="Trạm thu phí An Hữu - cao tốc Mỹ Thuận - Cần Thơ" />
    <tag k="addr:full" v="8V8P+95Q Trạm thu phí lối vào cao tốc, Thanh Hưng, Đồng Tháp, Việt Nam" />
    <tag k="addr:province" v="Đồng Tháp" />
    <tag k="road" v="Cao Tốc 8V8P" />
    <tag k="source" v="maps-vietnam toll-station-pipeline" />
    <tag k="source:datasets" v="A_colleague;B_final" />
    <tag k="source:google_place_id" v="ChIJzau1-oGFCjER9VtFj6WDmtI" />
    <tag k="source:google_cid" v="15175586641474837493" />
    <tag k="source:url" v="https://www.google.com/maps/place/Tr%E1%BA%A1m+thu+ph%C3%AD+l%E1%BB%91i+v%C3%A0o+cao+t%E1%BB%91c/data=!4m7!3m6!1s0x310a8581fab5abcd:0xd29a83a58f455bf5!8m2!3d10.3172145!4d105.8853816!16s%2Fg%2F11rncskrlz!19sChIJzau1-oGFCjER9VtFj6WDmtI?authuser=0&amp;hl=vi&amp;rclk=1" />
    <tag k="ref:osm_match" v="vn-toll-osm-13594609049" />
    <tag k="note:osm_match_name" v="Trạm Thu phí An Thái Trung" />
    <tag k="maps_vietnam:id" v="vn-toll-gmaps-chijzau1-ogfcjer9vtfj6wdmti" />
    <tag k="maps_vietnam:clean_status" v="auto_keep_merge" />
    <tag k="maps_vietnam:confidence" v="0.8" />
    <tag k="maps_vietnam:status" v="active" />
  </node>
  <node id="14000000004" lat="20.799313" lon="106.523135" version="1" timestamp="2026-06-11T02:34:07Z">
    <tag k="barrier" v="toll_booth" />
    <tag k="highway" v="toll_gantry" />
    <tag k="payment" v="etc" />
    <tag k="payment:etc" v="yes" />
    <tag k="toll" v="yes" />
    <tag k="name" v="Trạm thu phí An Lão" />
    <tag k="addr:full" v="QGXF+P7C Trạm Thu phí An Lão, An Quang, Hải Phòng, Việt Nam" />
    <tag k="addr:province" v="Hải Phòng" />
    <tag k="source" v="maps-vietnam toll-station-pipeline" />
    <tag k="source:datasets" v="A_colleague;B_final" />
    <tag k="source:google_place_id" v="ChIJuY91ddKJNTEROFqAtaCXWy8" />
    <tag k="source:google_cid" v="3412487859158932024" />
    <tag k="source:url" v="https://www.google.com/maps/place/Tr%E1%BA%A1m+Thu+ph%C3%AD+An+L%C3%A3o/data=!4m7!3m6!1s0x313589d275758fb9:0x2f5b97a0b5805a38!8m2!3d20.7993129!4d106.5231346!16s%2Fg%2F11c2kk9mxd!19sChIJuY91ddKJNTEROFqAtaCXWy8?authuser=0&amp;hl=vi&amp;rclk=1" />
    <tag k="ref:osm_match" v="vn-toll-osm-1483838042" />
    <tag k="note:osm_match_name" v="Trạm Thu phí Quốc lộ 10" />
    <tag k="maps_vietnam:id" v="vn-toll-gmaps-chijuy91ddkjnterofqatacxwy8" />
    <tag k="maps_vietnam:clean_status" v="auto_keep_merge" />
    <tag k="maps_vietnam:confidence" v="0.8" />
    <tag k="maps_vietnam:status" v="active" />
  </node>
  <node id="14000000005" lat="10.7949827" lon="106.5966321" version="1" timestamp="2026-06-11T02:34:07Z">
    <tag k="barrier" v="toll_booth" />
    <tag k="highway" v="toll_gantry" />
    <tag k="payment" v="etc" />
    <tag k="payment:etc" v="yes" />
    <tag k="toll" v="yes" />
    <tag k="name" v="Trạm thu phí An Sương - An Lạc" />
    <tag k="addr:full" v="QHVV+VC8 Trạm thu phí An Sương-An Lạc, 562 QL1A, Bình Hưng Hòa, Hồ Chí Minh, Việt Nam" />
    <tag k="addr:province" v="Hồ Chí Minh" />
    <tag k="road" v="QL1A" />
    <tag k="source" v="maps-vietnam toll-station-pipeline" />
    <tag k="source:datasets" v="A_colleague" />
    <tag k="source:google_cid" v="0x31752b882c626f87:0xc3fe29f53512493a" />
    <tag k="source:url" v="https://www.google.com/maps/place/Tr%E1%BA%A1m+thu+ph%C3%AD+An+S%C6%B0%C6%A1ng+-+An+L%E1%BA%A1c/@10.7949827,106.5966321,17z/data=!3m1!4b1!4m6!3m5!1s0x31752b882c626f87:0xc3fe29f53512493a!8m2!3d10.7949827!4d106.5966321!16s%2Fg%2F11gbh_x9_3?entry=ttu&amp;g_ep=EgoyMDI2MDYwMS4wIKXMDSoASAFQAw%3D%3D" />
    <tag k="maps_vietnam:id" v="vn-toll-clean-077" />
    <tag k="maps_vietnam:clean_status" v="auto_keep_unique" />
    <tag k="maps_vietnam:status" v="active" />
  </node>
  <node id="14000000006" lat="21.009102" lon="107.354951" version="1" timestamp="2026-06-11T02:34:07Z">
    <tag k="barrier" v="toll_booth" />
    <tag k="highway" v="toll_gantry" />
    <tag k="payment" v="etc" />
    <tag k="payment:etc" v="yes" />
    <tag k="toll" v="yes" />
    <tag k="name" v="Trạm thu phí BOT Biên Cương" />
    <tag k="addr:full" v="2953+JXW Trạm thu phí BOT Biên Cương, Cửa Ông, Quảng Ninh, Việt Nam" />
    <tag k="addr:province" v="Quảng Ninh" />
    <tag k="source" v="maps-vietnam toll-station-pipeline" />
    <tag k="source:datasets" v="B_final" />
    <tag k="source:google_place_id" v="ChIJx_YKtRABSzERdY-SngzPN_c" />
    <tag k="source:google_cid" v="17813934504194248565" />
    <tag k="source:url" v="https://www.google.com/maps/place/Tr%E1%BA%A1m+thu+ph%C3%AD+BOT+Bi%C3%AAn+C%C6%B0%C6%A1ng/data=!4m7!3m6!1s0x314b0110b50af6c7:0xf737cf0c9e928f75!8m2!3d21.0091023!4d107.3549506!16s%2Fg%2F11f4m5mfl5!19sChIJx_YKtRABSzERdY-SngzPN_c?authuser=0&amp;hl=vi&amp;rclk=1" />
    <tag k="ref:osm_match" v="vn-toll-osm-1371597727" />
    <tag k="note:osm_match_name" v="Trạm thu phí Biên Cương" />
    <tag k="maps_vietnam:id" v="vn-toll-gmaps-chijx-yktrabszerdy-sngzpn-c" />
    <tag k="maps_vietnam:clean_status" v="auto_keep_unique" />
    <tag k="maps_vietnam:confidence" v="0.8" />
    <tag k="maps_vietnam:status" v="active" />
  </node>
  <node id="14000000007" lat="12.830902" lon="108.248057" version="1" timestamp="2026-06-11T02:34:07Z">
    <tag k="barrier" v="toll_booth" />
    <tag k="highway" v="toll_gantry" />
    <tag k="payment" v="etc" />
    <tag k="payment:etc" v="yes" />
    <tag k="toll" v="yes" />
    <tag k="name" v="Trạm thu phí BOT Quang Đức Quốc lộ 14" />
    <tag k="addr:full" v="R6JX+967 Trạm Thu Phí BOT Quang Đức QL14, Hùng Vương, Cư Bao, Đắk Lắk, Việt Nam" />
    <tag k="addr:province" v="Đắk Lắk" />
    <tag k="road" v="QL14" />
    <tag k="source" v="maps-vietnam toll-station-pipeline" />
    <tag k="source:datasets" v="B_final" />
    <tag k="source:google_place_id" v="ChIJs7U-3i_jcTERNihgdqa3bJI" />
    <tag k="source:google_cid" v="10551009952600696886" />
    <tag k="source:url" v="https://www.google.com/maps/place/Tr%E1%BA%A1m+Thu+Ph%C3%AD+BOT+Quang+%C4%90%E1%BB%A9c+QL14/data=!4m7!3m6!1s0x3171e32fde3eb5b3:0x926cb7a676602836!8m2!3d12.8309017!4d108.248057!16s%2Fg%2F11bxd87hkj!19sChIJs7U-3i_jcTERNihgdqa3bJI?authuser=0&amp;hl=vi&amp;rclk=1" />
    <tag k="ref:osm_match" v="vn-toll-osm-13077408419" />
    <tag k="note:osm_match_name" v="OSM toll 13077408419" />
    <tag k="maps_vietnam:id" v="vn-toll-gmaps-chijs7u-3i-jcternihgdqa3bji" />
    <tag k="maps_vietnam:clean_status" v="auto_keep_unique" />
    <tag k="maps_vietnam:confidence" v="0.8" />
    <tag k="maps_vietnam:status" v="active" />
  </node>
  <node id="14000000008" lat="20.3915191" lon="106.4301286" version="1" timestamp="2026-06-11T02:34:07Z">
    <tag k="barrier" v="toll_booth" />
    <tag k="highway" v="toll_gantry" />
    <tag k="payment" v="etc" />
    <tag k="payment:etc" v="yes" />
    <tag k="toll" v="yes" />
    <tag k="name" v="Trạm thu phí BOT Thanh Nê" />
    <tag k="addr:full" v="kiến xương, Kiến Xương, Hưng Yên, Việt Nam" />
    <tag k="addr:province" v="Hưng Yên" />
    <tag k="source" v="maps-vietnam toll-station-pipeline" />
    <tag k="source:datasets" v="A_colleague" />
    <tag k="source:google_place_id" v="ChIJzcOhVPP9NTERZTn9r494isc" />
    <tag k="source:google_cid" v="0x3135fdf354a1c3cd:0xc78a788faffd3965" />
    <tag k="source:url" v="https://www.google.com/maps/place/Tr%E1%BA%A1m+thu+ph%C3%AD+BOT+Thanh+N%C3%AA/data=!4m7!3m6!1s0x3135fdf354a1c3cd:0xc78a788faffd3965!8m2!3d20.3915191!4d106.4301286!16s%2Fg%2F11t89zzh6d!19sChIJzcOhVPP9NTERZTn9r494isc?authuser=0&amp;hl=vi&amp;rclk=1" />
    <tag k="maps_vietnam:id" v="vn-toll-clean-046" />
    <tag k="maps_vietnam:clean_status" v="auto_keep_merge" />
    <tag k="maps_vietnam:status" v="active" />
  </node>
  <node id="14000000009" lat="20.850998" lon="106.202547" version="1" timestamp="2026-06-11T02:34:07Z">
    <tag k="barrier" v="toll_booth" />
    <tag k="highway" v="toll_gantry" />
    <tag k="payment" v="etc" />
    <tag k="payment:etc" v="yes" />
    <tag k="toll" v="yes" />
    <tag k="name" v="Trạm thu phí Bình Giang" />
    <tag k="addr:full" v="V622+GR Trạm Thu phí Bình Giang, Nguyễn Lương Bằng, Hải Phòng, Việt Nam" />
    <tag k="addr:province" v="Hải Phòng" />
    <tag k="source" v="maps-vietnam toll-station-pipeline" />
    <tag k="source:datasets" v="A_colleague;B_final" />
    <tag k="source:google_place_id" v="ChIJCVeMGgCXNTERPQGmbpXJwbc" />
    <tag k="source:google_cid" v="13241086023089652029" />
    <tag k="source:url" v="https://www.google.com/maps/place/Tr%E1%BA%A1m+Thu+ph%C3%AD+B%C3%ACnh+Giang/data=!4m7!3m6!1s0x313597001a8c5709:0xb7c1c9956ea6013d!8m2!3d20.8509984!4d106.2025468!16s%2Fg%2F11vpy_57c8!19sChIJCVeMGgCXNTERPQGmbpXJwbc?authuser=0&amp;hl=vi&amp;rclk=1" />
    <tag k="ref:osm_match" v="vn-toll-osm-11946078822" />
    <tag k="note:osm_match_name" v="OSM toll 11946078822" />
    <tag k="maps_vietnam:id" v="vn-toll-gmaps-chijcvemggcxnterpqgmbpxjwbc" />
    <tag k="maps_vietnam:clean_status" v="auto_keep_merge" />
    <tag k="maps_vietnam:confidence" v="0.8" />
    <tag k="maps_vietnam:status" v="active" />
  </node>
  <node id="14000000010" lat="21.279366" lon="105.669267" version="1" timestamp="2026-06-11T02:34:07Z">
    <tag k="barrier" v="toll_booth" />
    <tag k="highway" v="toll_gantry" />
    <tag k="payment" v="etc" />
    <tag k="payment:etc" v="yes" />
    <tag k="toll" v="yes" />
    <tag k="name" v="Trạm thu phí Bình Xuyên (IC3)" />
    <tag k="addr:full" v="7MH9+PPR Trạm Thu phí Bình Xuyên (IC3), Bình Nguyên, Phú Thọ, Việt Nam" />
    <tag k="addr:province" v="Phú Thọ" />
    <tag k="source" v="maps-vietnam toll-station-pipeline" />
    <tag k="source:datasets" v="B_final" />
    <tag k="source:google_place_id" v="ChIJg7ODDGr7NDERQnTFLucDusI" />
    <tag k="source:google_cid" v="14031531880483222594" />
    <tag k="source:url" v="https://www.google.com/maps/place/Tr%E1%BA%A1m+Thu+ph%C3%AD+B%C3%ACnh+Xuy%C3%AAn+%28IC3%29/data=!4m7!3m6!1s0x3134fb6a0c83b383:0xc2ba03e72ec57442!8m2!3d21.2793664!4d105.6692667!16s%2Fg%2F11f3nlvw3k!19sChIJg7ODDGr7NDERQnTFLucDusI?authuser=0&amp;hl=vi&amp;rclk=1" />
    <tag k="ref:osm_match" v="vn-toll-osm-6970456533" />
    <tag k="note:osm_match_name" v="Trạm thu phí Bình Xuyên" />
    <tag k="maps_vietnam:id" v="vn-toll-gmaps-chijg7oddgr7nderqntflucdusi" />
    <tag k="maps_vietnam:clean_status" v="auto_keep_unique" />
    <tag k="maps_vietnam:confidence" v="0.7" />
    <tag k="maps_vietnam:status" v="active" />
  </node>
  <node id="14000000011" lat="11.7275712" lon="106.8751126" version="1" timestamp="2026-06-11T02:34:07Z">
    <tag k="barrier" v="toll_booth" />
    <tag k="highway" v="toll_gantry" />
    <tag k="payment" v="etc" />
    <tag k="payment:etc" v="yes" />
    <tag k="toll" v="yes" />
    <tag k="name" v="Trạm thu phí Bù Nho" />
    <tag k="addr:full" v="PVHG+22H, ĐT741, Phú Riềng, Đồng Nai, Việt Nam" />
    <tag k="addr:province" v="Đồng Nai" />
    <tag k="road" v="ĐT741" />
    <tag k="source" v="maps-vietnam toll-station-pipeline" />
    <tag k="source:datasets" v="A_colleague" />
    <tag k="source:google_cid" v="0x31735d0004067931:0x7902a27e6cbe0b27" />
    <tag k="source:url" v="https://www.google.com/maps/place/Tr%E1%BA%A1m+Thu+ph%C3%AD+B%C3%B9+Nho/@11.7275712,106.8751126,17z/data=!3m1!4b1!4m6!3m5!1s0x31735d0004067931:0x7902a27e6cbe0b27!8m2!3d11.7275712!4d106.8751126!16s%2Fg%2F11x0r07bk1?entry=ttu&amp;g_ep=EgoyMDI2MDYwMS4wIKXMDSoASAFQAw%3D%3D" />
    <tag k="maps_vietnam:id" v="vn-toll-clean-082" />
    <tag k="maps_vietnam:clean_status" v="auto_keep_unique" />
    <tag k="maps_vietnam:status" v="active" />
  </node>
  <node id="14000000012" lat="9.374352" lon="105.712277" version="1" timestamp="2026-06-11T02:34:07Z">
    <tag k="barrier" v="toll_booth" />
    <tag k="highway" v="toll_gantry" />
    <tag k="payment" v="etc" />
    <tag k="payment:etc" v="yes" />
    <tag k="toll" v="yes" />
    <tag k="name" v="Trạm thu phí Bạc Liêu" />
    <tag k="addr:full" v="9PF6+PWR Trạm Thu phí Bạc Liêu, Vĩnh Lợi, Cà Mau, Việt Nam" />
    <tag k="addr:province" v="Cà Mau" />
    <tag k="source" v="maps-vietnam toll-station-pipeline" />
    <tag k="source:datasets" v="A_colleague;B_final" />
    <tag k="source:google_place_id" v="ChIJz0JDhhgGoTERu0RS7AXzots" />
    <tag k="source:google_cid" v="15826479247298544827" />
    <tag k="source:url" v="https://www.google.com/maps/place/Tr%E1%BA%A1m+Thu+ph%C3%AD+B%E1%BA%A1c+Li%C3%AAu/data=!4m7!3m6!1s0x31a10618864342cf:0xdba2f305ec5244bb!8m2!3d9.3743521!4d105.7122771!16s%2Fg%2F11c6rfwy2c!19sChIJz0JDhhgGoTERu0RS7AXzots?authuser=0&amp;hl=vi&amp;rclk=1" />
    <tag k="ref:osm_match" v="vn-toll-osm-10198627130" />
    <tag k="note:osm_match_name" v="Trạm Thu Phí Bạc Liêu" />
    <tag k="maps_vietnam:id" v="vn-toll-gmaps-chijz0jdhhggoteru0rs7axzots" />
    <tag k="maps_vietnam:clean_status" v="auto_keep_merge" />
    <tag k="maps_vietnam:confidence" v="0.7" />
    <tag k="maps_vietnam:status" v="active" />
  </node>
  <node id="14000000013" lat="14.397124" lon="109.017843" version="1" timestamp="2026-06-11T02:34:07Z">
    <tag k="barrier" v="toll_booth" />
    <tag k="highway" v="toll_gantry" />
    <tag k="payment" v="etc" />
    <tag k="payment:etc" v="yes" />
    <tag k="toll" v="yes" />
    <tag k="name" v="Trạm thu phí Bắc Bình Định" />
    <tag k="addr:full" v="92W9+R4W Trạm Thu phí Bắc Bình Định, AH1, Bồng Sơn, Gia Lai, Việt Nam" />
    <tag k="addr:province" v="Bình Định" />
    <tag k="source" v="maps-vietnam toll-station-pipeline" />
    <tag k="source:datasets" v="A_colleague;B_final" />
    <tag k="source:google_place_id" v="ChIJIReDPcHPaDERZaWUyFy43mo" />
    <tag k="source:google_cid" v="7700795121491813733" />
    <tag k="source:url" v="https://www.google.com/maps/place/Tr%E1%BA%A1m+Thu+ph%C3%AD+B%E1%BA%AFc+B%C3%ACnh+%C4%90%E1%BB%8Bnh/data=!4m7!3m6!1s0x3168cfc13d831721:0x6adeb85cc894a565!8m2!3d14.3971237!4d109.0178425!16s%2Fg%2F11f15ht1rt!19sChIJIReDPcHPaDERZaWUyFy43mo?authuser=0&amp;hl=vi&amp;rclk=1" />
    <tag k="ref:osm_match" v="vn-toll-osm-8432045544" />
    <tag k="note:osm_match_name" v="Trạm Thu Phí Bắc Bình Định" />
    <tag k="maps_vietnam:id" v="vn-toll-gmaps-chijiredpchpaderzawuyfy43mo" />
    <tag k="maps_vietnam:clean_status" v="auto_keep_merge" />
    <tag k="maps_vietnam:confidence" v="0.8" />
    <tag k="maps_vietnam:status" v="active" />
  </node>
  <node id="14000000014" lat="15.15787" lon="108.751739" version="1" timestamp="2026-06-11T02:34:07Z">
    <tag k="barrier" v="toll_booth" />
    <tag k="highway" v="toll_gantry" />
    <tag k="payment" v="etc" />
    <tag k="payment:etc" v="yes" />
    <tag k="toll" v="yes" />
    <tag k="name" v="Trạm thu phí Bắc Quảng Ngãi" />
    <tag k="addr:full" v="5Q52+4MX Trạm Thu phí Bắc Quảng Ngãi, Thôn Thọ, Sơn Tịnh, Quảng Ngãi, Việt Nam" />
    <tag k="addr:province" v="Quảng Ngãi" />
    <tag k="source" v="maps-vietnam toll-station-pipeline" />
    <tag k="source:datasets" v="B_final" />
    <tag k="source:google_place_id" v="ChIJjz33lwWtaTERPqnDaejLzy4" />
    <tag k="source:google_cid" v="3373138844991072574" />
    <tag k="source:url" v="https://www.google.com/maps/place/Tr%E1%BA%A1m+Thu+ph%C3%AD+B%E1%BA%AFc+Qu%E1%BA%A3ng+Ng%C3%A3i/data=!4m7!3m6!1s0x3169ad0597f73d8f:0x2ecfcbe869c3a93e!8m2!3d15.1578704!4d108.751739!16s%2Fg%2F11h4d3p847!19sChIJjz33lwWtaTERPqnDaejLzy4?authuser=0&amp;hl=vi&amp;rclk=1" />
    <tag k="ref:osm_match" v="vn-toll-osm-12723387255" />
    <tag k="note:osm_match_name" v="Trạm Thu Phí Bắc Quảng Ngãi" />
    <tag k="maps_vietnam:id" v="vn-toll-gmaps-chijjz33lwwtaterpqndaejlzy4" />
    <tag k="maps_vietnam:clean_status" v="auto_keep_unique" />
    <tag k="maps_vietnam:confidence" v="0.8" />
    <tag k="maps_vietnam:status" v="active" />
  </node>
  <node id="14000000015" lat="21.203178" lon="105.77953" version="1" timestamp="2026-06-11T02:34:07Z">
    <tag k="barrier" v="toll_booth" />
    <tag k="highway" v="toll_gantry" />
    <tag k="payment" v="etc" />
    <tag k="payment:etc" v="yes" />
    <tag k="toll" v="yes" />
    <tag k="name" v="Trạm thu phí Bắc Thăng Long - Nội Bài" />
    <tag k="addr:full" v="6Q3H+7RC Trạm Thu phí Bắc Thăng Long - Nội Bài, Đ. Võ Văn Kiệt, Nội Bài, Hà Nội, Việt Nam" />
    <tag k="addr:province" v="Hà Nội" />
    <tag k="source" v="maps-vietnam toll-station-pipeline" />
    <tag k="source:datasets" v="A_colleague;B_final" />
    <tag k="source:google_place_id" v="ChIJBQK091H9NDER80IYuxU9CkQ" />
    <tag k="source:google_cid" v="4902798307888743155" />
    <tag k="source:url" v="https://www.google.com/maps/place/Tr%E1%BA%A1m+Thu+ph%C3%AD+B%E1%BA%AFc+Th%C4%83ng+Long+-+N%E1%BB%99i+B%C3%A0i/data=!4m7!3m6!1s0x3134fd51f7b40205:0x440a3d15bb1842f3!8m2!3d21.2031777!4d105.7795302!16s%2Fg%2F11h40yh90n!19sChIJBQK091H9NDER80IYuxU9CkQ?authuser=0&amp;hl=vi&amp;rclk=1" />
    <tag k="ref:osm_match" v="vn-toll-osm-1337380557" />
    <tag k="note:osm_match_name" v="Đường Võ Văn Kiệt" />
    <tag k="maps_vietnam:id" v="vn-toll-gmaps-chijbqk091h9nder80iyuxu9ckq" />
    <tag k="maps_vietnam:clean_status" v="auto_keep_merge" />
    <tag k="maps_vietnam:confidence" v="0.8" />
    <tag k="maps_vietnam:status" v="active" />
  </node>
  <node id="14000000016" lat="10.656005" lon="106.473537" version="1" timestamp="2026-06-11T02:34:07Z">
    <tag k="barrier" v="toll_booth" />
    <tag k="highway" v="toll_gantry" />
    <tag k="payment" v="etc" />
    <tag k="payment:etc" v="yes" />
    <tag k="toll" v="yes" />
    <tag k="name" v="Trạm thu phí Bến Lức" />
    <tag k="addr:full" v="Trạm thu phí, Bến Lức, Tây Ninh, Việt Nam" />
    <tag k="addr:province" v="Tây Ninh" />
    <tag k="source" v="maps-vietnam toll-station-pipeline" />
    <tag k="source:datasets" v="A_colleague;B_final" />
    <tag k="source:google_place_id" v="ChIJN4FA8UTMCjERR8ZI6wu9oiU" />
    <tag k="source:google_cid" v="2711937784520164935" />
    <tag k="source:url" v="https://www.google.com/maps/place/Tr%E1%BA%A1m+Thu+ph%C3%AD+B%E1%BA%BFn+L%E1%BB%A9c/data=!4m7!3m6!1s0x310acc44f1408137:0x25a2bd0beb48c647!8m2!3d10.6560048!4d106.4735373!16s%2Fg%2F11cmfdvktc!19sChIJN4FA8UTMCjERR8ZI6wu9oiU?authuser=0&amp;hl=vi&amp;rclk=1" />
    <tag k="ref:osm_match" v="vn-toll-osm-472356996" />
    <tag k="note:osm_match_name" v="Đi Cao tốc Thành phố Hồ Chí Minh - Trung Lương" />
    <tag k="maps_vietnam:id" v="vn-toll-gmaps-chijn4fa8utmcjerr8zi6wu9oiu" />
    <tag k="maps_vietnam:clean_status" v="auto_keep_merge" />
    <tag k="maps_vietnam:confidence" v="0.7" />
    <tag k="maps_vietnam:status" v="active" />
  </node>
  <node id="14000000017" lat="18.648611" lon="105.704591" version="1" timestamp="2026-06-11T02:34:07Z">
    <tag k="barrier" v="toll_booth" />
    <tag k="highway" v="toll_gantry" />
    <tag k="payment" v="etc" />
    <tag k="payment:etc" v="yes" />
    <tag k="toll" v="yes" />
    <tag k="name" v="Trạm thu phí Bến Thủy" />
    <tag k="addr:full" v="JPX3+CRW Trạm Thu Phí Bến Thủy, Nguyễn Du, Trường Vinh, Nghệ An, Việt Nam" />
    <tag k="addr:province" v="Nghệ An" />
    <tag k="source" v="maps-vietnam toll-station-pipeline" />
    <tag k="source:datasets" v="A_colleague;B_final" />
    <tag k="source:google_place_id" v="ChIJnY0TnjDMOTERQGZ5MDb3VqU" />
    <tag k="source:google_cid" v="11913981676368782912" />
    <tag k="source:url" v="https://www.google.com/maps/place/Tr%E1%BA%A1m+Thu+Ph%C3%AD+B%E1%BA%BFn+Th%E1%BB%A7y/data=!4m7!3m6!1s0x3139cc309e138d9d:0xa556f73630796640!8m2!3d18.6486115!4d105.7045906!16s%2Fg%2F11bccmh4x4!19sChIJnY0TnjDMOTERQGZ5MDb3VqU?authuser=0&amp;hl=vi&amp;rclk=1" />
    <tag k="ref:osm_match" v="vn-toll-osm-10198878792" />
    <tag k="note:osm_match_name" v="Trạm Thu Phí Bến Thủy 1" />
    <tag k="maps_vietnam:id" v="vn-toll-gmaps-chijny0tnjdmoterqgz5mdb3vqu" />
    <tag k="maps_vietnam:clean_status" v="auto_keep_merge" />
    <tag k="maps_vietnam:confidence" v="0.8" />
    <tag k="maps_vietnam:status" v="active" />
  </node>
  <node id="14000000018" lat="11.9121874" lon="107.3905139" version="1" timestamp="2026-06-11T02:34:07Z">
    <tag k="barrier" v="toll_booth" />
    <tag k="highway" v="toll_gantry" />
    <tag k="payment" v="etc" />
    <tag k="payment:etc" v="yes" />
    <tag k="toll" v="yes" />
    <tag k="name" v="Trạm thu phí Cai Chanh" />
    <tag k="addr:full" v="W96R+V6C, Quảng Tín, Lâm Đồng, Việt Nam" />
    <tag k="addr:province" v="Lâm Đồng" />
    <tag k="source" v="maps-vietnam toll-station-pipeline" />
    <tag k="source:datasets" v="A_colleague" />
    <tag k="source:google_cid" v="0x3173a3074e16a48d:0xb547db8093c4d94a" />
    <tag k="source:url" v="https://www.google.com/maps/place/Tr%E1%BA%A1m+Thu+ph%C3%AD+Cai+Chanh/@11.9121874,107.3905139,17z/data=!3m1!4b1!4m6!3m5!1s0x3173a3074e16a48d:0xb547db8093c4d94a!8m2!3d11.9121874!4d107.3905139!16s%2Fg%2F11gy7fgyqd?entry=ttu&amp;g_ep=EgoyMDI2MDYwMS4wIKXMDSoASAFQAw%3D%3D" />
    <tag k="maps_vietnam:id" v="vn-toll-clean-080" />
    <tag k="maps_vietnam:clean_status" v="auto_keep_unique" />
    <tag k="maps_vietnam:status" v="active" />
  </node>
  <node id="14000000019" lat="10.410112" lon="106.060544" version="1" timestamp="2026-06-11T02:34:07Z">
    <tag k="barrier" v="toll_booth" />
    <tag k="highway" v="toll_gantry" />
    <tag k="payment" v="etc" />
    <tag k="payment:etc" v="yes" />
    <tag k="toll" v="yes" />
    <tag k="name" v="Trạm thu phí Cai Lậy" />
    <tag k="addr:full" v="C366+26V Trạm Thu phí Cai Lậy, Bình Phú, Đồng Tháp, Việt Nam" />
    <tag k="addr:province" v="Đồng Tháp" />
    <tag k="source" v="maps-vietnam toll-station-pipeline" />
    <tag k="source:datasets" v="A_colleague;B_final" />
    <tag k="source:google_place_id" v="ChIJ2Q5HfMqQCjERvJb8VivxGQM" />
    <tag k="source:google_cid" v="223474824976832188" />
    <tag k="source:url" v="https://www.google.com/maps/place/Tr%E1%BA%A1m+Thu+ph%C3%AD+Cai+L%E1%BA%ADy/data=!4m7!3m6!1s0x310a90ca7c470ed9:0x319f12b56fc96bc!8m2!3d10.4101123!4d106.0605441!16s%2Fg%2F11fy4htjk8!19sChIJ2Q5HfMqQCjERvJb8VivxGQM?authuser=0&amp;hl=vi&amp;rclk=1" />
    <tag k="ref:osm_match" v="vn-toll-osm-1017066822" />
    <tag k="note:osm_match_name" v="Trạm thu phí Cai Lậy" />
    <tag k="maps_vietnam:id" v="vn-toll-gmaps-chij2q5hfmqqcjervjb8vivxgqm" />
    <tag k="maps_vietnam:clean_status" v="auto_keep_merge" />
    <tag k="maps_vietnam:confidence" v="0.7" />
    <tag k="maps_vietnam:status" v="active" />
  </node>
  <node id="14000000020" lat="12.057288" lon="109.1246321" version="1" timestamp="2026-06-11T02:34:07Z">
    <tag k="barrier" v="toll_booth" />
    <tag k="highway" v="toll_gantry" />
    <tag k="payment" v="etc" />
    <tag k="payment:etc" v="yes" />
    <tag k="toll" v="yes" />
    <tag k="name" v="Trạm thu phí Cam Lâm" />
    <tag k="addr:full" v="1998 Bãi Giếng - Trung Hiệp, Cam Lâm, Khánh Hòa, Việt Nam" />
    <tag k="addr:province" v="Khánh Hòa" />
    <tag k="source" v="maps-vietnam toll-station-pipeline" />
    <tag k="source:datasets" v="A_colleague" />
    <tag k="source:google_cid" v="0x3170f5005d14d789:0x93538b7077e7957f" />
    <tag k="source:url" v="https://www.google.com/maps/place/Tr%E1%BA%A1m+Thu+ph%C3%AD+Cam+L%C3%A2m/@12.057288,109.1246321,17z/data=!3m1!4b1!4m6!3m5!1s0x3170f5005d14d789:0x93538b7077e7957f!8m2!3d12.057288!4d109.1246321!16s%2Fg%2F11vz7ttwy6?entry=ttu&amp;g_ep=EgoyMDI2MDYwMS4wIKXMDSoASAFQAw%3D%3D" />
    <tag k="maps_vietnam:id" v="vn-toll-clean-071" />
    <tag k="maps_vietnam:clean_status" v="auto_keep_unique" />
    <tag k="maps_vietnam:status" v="active" />
  </node>
  <node id="14000000021" lat="11.8724221" lon="109.1085221" version="1" timestamp="2026-06-11T02:34:07Z">
    <tag k="barrier" v="toll_booth" />
    <tag k="highway" v="toll_gantry" />
    <tag k="payment" v="etc" />
    <tag k="payment:etc" v="yes" />
    <tag k="toll" v="yes" />
    <tag k="name" v="Trạm thu phí Cam Thịnh" />
    <tag k="addr:full" v="V4C5+XC6, AH1, Nam Cam Ranh, Khánh Hòa, Việt Nam" />
    <tag k="addr:province" v="Khánh Hòa" />
    <tag k="source" v="maps-vietnam toll-station-pipeline" />
    <tag k="source:datasets" v="A_colleague" />
    <tag k="source:google_cid" v="0x3170ec11a54e6a3b:0xea4b65a46949a0b6" />
    <tag k="source:url" v="https://www.google.com/maps/place/Tr%E1%BA%A1m+Thu+ph%C3%AD+Cam+Th%E1%BB%8Bnh/@11.8724221,109.1085221,17z/data=!3m1!4b1!4m6!3m5!1s0x3170ec11a54e6a3b:0xea4b65a46949a0b6!8m2!3d11.8724221!4d109.1085221!16s%2Fg%2F11c72r_xh5?entry=ttu&amp;g_ep=EgoyMDI2MDYwMS4wIKXMDSoASAFQAw%3D%3D" />
    <tag k="maps_vietnam:id" v="vn-toll-clean-007" />
    <tag k="maps_vietnam:clean_status" v="auto_keep_merge" />
    <tag k="maps_vietnam:status" v="active" />
  </node>
  <node id="14000000022" lat="20.1664286" lon="105.8628399" version="1" timestamp="2026-06-11T02:34:07Z">
    <tag k="barrier" v="toll_booth" />
    <tag k="highway" v="toll_gantry" />
    <tag k="payment" v="etc" />
    <tag k="payment:etc" v="yes" />
    <tag k="toll" v="yes" />
    <tag k="name" v="Trạm thu phí Cao Bồ" />
    <tag k="source" v="maps-vietnam toll-station-pipeline" />
    <tag k="source:datasets" v="B_final" />
    <tag k="source:google_place_id" v="ChIJ-cUWDQN3NjERssQ2fMiAUBw" />
    <tag k="source:url" v="https://www.google.com/maps/place/Tr%E1%BA%A1m+Thu+ph%C3%AD+Cao+B%E1%BB%93/data=!4m7!3m6!1s0x313677030d16c5f9:0x1c5080c87c36c4b2!8m2!3d20.1664286!4d105.8628399!16s%2Fg%2F11c1p6mq15!19sChIJ-cUWDQN3NjERssQ2fMiAUBw?authuser=0&amp;hl=vi&amp;rclk=1" />
    <tag k="ref:osm_match" v="vn-toll-osm-1483493038" />
    <tag k="note:osm_match_name" v="Đường cao tốc Mai Sơn - Quốc lộ 45" />
    <tag k="maps_vietnam:id" v="final-ChIJ-cUWDQN3NjERssQ2fMiAUBw" />
    <tag k="maps_vietnam:clean_status" v="auto_keep_unique" />
    <tag k="maps_vietnam:confidence" v="0.8" />
    <tag k="maps_vietnam:status" v="active" />
  </node>
  <node id="14000000023" lat="10.6755667" lon="107.0197492" version="1" timestamp="2026-06-11T02:34:07Z">
    <tag k="barrier" v="toll_booth" />
    <tag k="highway" v="toll_gantry" />
    <tag k="payment" v="etc" />
    <tag k="payment:etc" v="yes" />
    <tag k="toll" v="yes" />
    <tag k="name" v="Trạm thu phí cao tốc bến lức - Long Thành (quốc lộ 51)" />
    <tag k="addr:full" v="M2G9+6VH, CT01, Phước Thái, Đồng Nai, Việt Nam" />
    <tag k="addr:province" v="Đồng Nai" />
    <tag k="road" v="quốc lộ 51" />
    <tag k="source" v="maps-vietnam toll-station-pipeline" />
    <tag k="source:datasets" v="A_colleague" />
    <tag k="source:google_place_id" v="ChIJDzprYgARdTEROwMoGQW7jKI" />
    <tag k="source:google_cid" v="0x31751100626b3a0f:0xa28cbb051928033b" />
    <tag k="source:url" v="https://www.google.com/maps/place/Tr%E1%BA%A1m+thu+ph%C3%AD+cao+t%E1%BB%91c+b%E1%BA%BFn+l%E1%BB%A9c+-+Long+Th%C3%A0nh+%28qu%E1%BB%91c+l%E1%BB%99+51%29/data=!4m7!3m6!1s0x31751100626b3a0f:0xa28cbb051928033b!8m2!3d10.6755667!4d107.0197492!16s%2Fg%2F11wj4j65fs!19sChIJDzprYgARdTEROwMoGQW7jKI?authuser=0&amp;hl=vi&amp;rclk=1" />
    <tag k="maps_vietnam:id" v="vn-toll-clean-095" />
    <tag k="maps_vietnam:clean_status" v="auto_keep_unique" />
    <tag k="maps_vietnam:status" v="active" />
  </node>
  <node id="14000000024" lat="20.770163" lon="106.712798" version="1" timestamp="2026-06-11T02:34:07Z">
    <tag k="barrier" v="toll_booth" />
    <tag k="highway" v="toll_gantry" />
    <tag k="payment" v="etc" />
    <tag k="payment:etc" v="yes" />
    <tag k="toll" v="yes" />
    <tag k="name" v="Trạm thu phí cao tốc Hà Nội - Hải Phòng - Dương Kính" />
    <tag k="addr:full" v="QPC7+347 Trạm thu phí cao tốc Hà Nội - Hải Phòng, CT04, Dương Kinh, Hải Phòng, Việt Nam" />
    <tag k="addr:province" v="Hà Nội" />
    <tag k="road" v="Cao Tốc Hà Nội - Hải Phòng Qpc7" />
    <tag k="source" v="maps-vietnam toll-station-pipeline" />
    <tag k="source:datasets" v="A_colleague;B_final" />
    <tag k="source:google_place_id" v="ChIJSdFRX9pxSjERShfNQ83HhaU" />
    <tag k="source:google_cid" v="11927158872580364106" />
    <tag k="source:url" v="https://www.google.com/maps/place/Tr%E1%BA%A1m+thu+ph%C3%AD+cao+t%E1%BB%91c+H%C3%A0+N%E1%BB%99i+-+H%E1%BA%A3i+Ph%C3%B2ng/data=!4m7!3m6!1s0x314a71da5f51d149:0xa585c7cd43cd174a!8m2!3d20.770163!4d106.712798!16s%2Fg%2F11c5325vp1!19sChIJSdFRX9pxSjERShfNQ83HhaU?authuser=0&amp;hl=vi&amp;rclk=1" />
    <tag k="ref:osm_match" v="vn-toll-osm-8544582973" />
    <tag k="note:osm_match_name" v="OSM toll 8544582973" />
    <tag k="maps_vietnam:id" v="vn-toll-gmaps-chijsdfrx9pxsjershfnq83hhau" />
    <tag k="maps_vietnam:clean_status" v="auto_keep_merge" />
    <tag k="maps_vietnam:confidence" v="0.9" />
    <tag k="maps_vietnam:status" v="active" />
  </node>
  <node id="14000000025" lat="20.931708" lon="105.971447" version="1" timestamp="2026-06-11T02:34:07Z">
    <tag k="barrier" v="toll_booth" />
    <tag k="highway" v="toll_gantry" />
    <tag k="payment" v="etc" />
    <tag k="payment:etc" v="yes" />
    <tag k="toll" v="yes" />
    <tag k="name" v="Trạm thu phí cao tốc Hà Nội - Hải Phòng - Văn Giang" />
    <tag k="addr:full" v="WXJC+MHP Trạm Thu phí Cao tốc Hà Nội - Hải Phòng, CT04, Văn Giang, Hưng Yên, Việt Nam" />
    <tag k="addr:province" v="Hà Nội" />
    <tag k="road" v="Cao Tốc Hà Nội - Hải Phòng Wxjc" />
    <tag k="source" v="maps-vietnam toll-station-pipeline" />
    <tag k="source:datasets" v="B_final" />
    <tag k="source:google_place_id" v="ChIJCwI7OZGlNTEREBNeQrZ056U" />
    <tag k="source:google_cid" v="11954652062024602384" />
    <tag k="source:url" v="https://www.google.com/maps/place/Tr%E1%BA%A1m+Thu+ph%C3%AD+Cao+t%E1%BB%91c+H%C3%A0+N%E1%BB%99i+-+H%E1%BA%A3i+Ph%C3%B2ng/@20.931708,105.9714466,17z/data=!3m1!4b1!4m6!3m5!1s0x3135a591393b020b:0xa5e774b6425e1310!8m2!3d20.931708!4d105.9714466!16s%2Fg%2F11jr_nt1c9?hl=vi&amp;entry=ttu&amp;g_ep=EgoyMDI2MDYwMS4wIKXMDSoASAFQAw%3D%3D" />
    <tag k="ref:osm_match" v="vn-toll-osm-1324667567" />
    <tag k="note:osm_match_name" v="OSM toll 1324667567" />
    <tag k="maps_vietnam:id" v="vn-toll-gmaps-chijcwi7ozglnterebneqrz056u" />
    <tag k="maps_vietnam:clean_status" v="auto_keep_unique" />
    <tag k="maps_vietnam:confidence" v="0.9" />
    <tag k="maps_vietnam:status" v="active" />
  </node>
  <node id="14000000026" lat="21.082426" lon="107.392871" version="1" timestamp="2026-06-11T02:34:07Z">
    <tag k="barrier" v="toll_booth" />
    <tag k="highway" v="toll_gantry" />
    <tag k="payment" v="etc" />
    <tag k="payment:etc" v="yes" />
    <tag k="toll" v="yes" />
    <tag k="name" v="Trạm thu phí cao tốc Hạ Long - Vân Đồn" />
    <tag k="addr:full" v="39JV+X4H Trạm thu phí cao tốc Hạ Long - Vân Đồn, Unnamed, Road, Vân Đồn, Quảng Ninh, Việt Nam" />
    <tag k="addr:province" v="Quảng Ninh" />
    <tag k="road" v="Cao Tốc Hạ Long - Vân Đồn 39Jv" />
    <tag k="source" v="maps-vietnam toll-station-pipeline" />
    <tag k="source:datasets" v="A_colleague;B_final" />
    <tag k="source:google_place_id" v="ChIJl6J3blwFSzER0pCyADVEP-U" />
    <tag k="source:google_cid" v="16518996952653926610" />
    <tag k="source:url" v="https://www.google.com/maps/place/Tr%E1%BA%A1m+thu+ph%C3%AD+cao+t%E1%BB%91c+H%E1%BA%A1+Long+-+V%C3%A2n+%C4%90%E1%BB%93n/data=!4m7!3m6!1s0x314b055c6e77a297:0xe53f443500b290d2!8m2!3d21.0824258!4d107.3928713!16s%2Fg%2F11fmd7ct3t!19sChIJl6J3blwFSzER0pCyADVEP-U?authuser=0&amp;hl=vi&amp;rclk=1" />
    <tag k="ref:osm_match" v="vn-toll-osm-1316305913" />
    <tag k="note:osm_match_name" v="Trạm Thu phí Đoàn Kết" />
    <tag k="maps_vietnam:id" v="vn-toll-gmaps-chijl6j3blwfszer0pcyadvep-u" />
    <tag k="maps_vietnam:clean_status" v="auto_keep_merge" />
    <tag k="maps_vietnam:confidence" v="0.9" />
    <tag k="maps_vietnam:status" v="active" />
  </node>
  <node id="14000000027" lat="20.974346" lon="106.965774" version="1" timestamp="2026-06-11T02:34:07Z">
    <tag k="barrier" v="toll_booth" />
    <tag k="highway" v="toll_gantry" />
    <tag k="payment" v="etc" />
    <tag k="payment:etc" v="yes" />
    <tag k="toll" v="yes" />
    <tag k="name" v="Trạm thu phí cao tốc Hạ Long - Vân Đồn" />
    <tag k="addr:full" v="XXF8+P8J Trạm Thu Phí Cao Tốc Hạ Long - Vân Đồn, Unnamed, Road, Việt Hưng, Quảng Ninh, Việt Nam" />
    <tag k="addr:province" v="Quảng Ninh" />
    <tag k="road" v="Cao Tốc Hạ Long - Vân Đồn Xxf8" />
    <tag k="source" v="maps-vietnam toll-station-pipeline" />
    <tag k="source:datasets" v="B_final" />
    <tag k="source:google_place_id" v="ChIJzT0YfhJfSjERe2WNMCahP3w" />
    <tag k="source:google_cid" v="8953051769631237499" />
    <tag k="source:url" v="https://www.google.com/maps/place/Tr%E1%BA%A1m+Thu+Ph%C3%AD+Cao+T%E1%BB%91c+H%E1%BA%A1+Long+-+V%C3%A2n+%C4%90%E1%BB%93n/data=!4m7!3m6!1s0x314a5f127e183dcd:0x7c3fa126308d657b!8m2!3d20.9743461!4d106.9657744!16s%2Fg%2F11hz8nm4j8!19sChIJzT0YfhJfSjERe2WNMCahP3w?authuser=0&amp;hl=vi&amp;rclk=1" />
    <tag k="ref:osm_match" v="vn-toll-osm-6221327319" />
    <tag k="note:osm_match_name" v="Trạm Thu phí Việt Hưng" />
    <tag k="maps_vietnam:id" v="vn-toll-gmaps-chijzt0yfhjfsjere2wnmcahp3w" />
    <tag k="maps_vietnam:clean_status" v="auto_keep_unique" />
    <tag k="maps_vietnam:confidence" v="0.9" />
    <tag k="maps_vietnam:status" v="active" />
  </node>
  <node id="14000000028" lat="10.317545" lon="105.880116" version="1" timestamp="2026-06-11T02:34:07Z">
    <tag k="barrier" v="toll_booth" />
    <tag k="highway" v="toll_gantry" />
    <tag k="payment" v="etc" />
    <tag k="payment:etc" v="yes" />
    <tag k="toll" v="yes" />
    <tag k="name" v="Trạm thu phí cao tốc Trung Lương - Mỹ Thuận" />
    <tag k="addr:full" v="8V9J+62 Trạm Thu phí Cao Tốc Trung Lương - Mỹ Thuận, Thanh Hưng, Đồng Tháp, Việt Nam" />
    <tag k="addr:province" v="Đồng Tháp" />
    <tag k="road" v="Cao Tốc Trung Lương - Mỹ Thuận 8V9J" />
    <tag k="source" v="maps-vietnam toll-station-pipeline" />
    <tag k="source:datasets" v="A_colleague;B_final" />
    <tag k="source:google_place_id" v="ChIJ25u6Y96FCjERroMG4BCFTo0" />
    <tag k="source:google_cid" v="10182222115055764398" />
    <tag k="source:url" v="https://www.google.com/maps/place/Tr%E1%BA%A1m+Thu+ph%C3%AD+Cao+T%E1%BB%91c+Trung+L%C6%B0%C6%A1ng+-+M%E1%BB%B9+Thu%E1%BA%ADn/data=!4m7!3m6!1s0x310a85de63ba9bdb:0x8d4e8510e00683ae!8m2!3d10.3175446!4d105.8801164!16s%2Fg%2F11rncst8dm!19sChIJ25u6Y96FCjERroMG4BCFTo0?authuser=0&amp;hl=vi&amp;rclk=1" />
    <tag k="ref:osm_match" v="vn-toll-osm-13594609044" />
    <tag k="note:osm_match_name" v="Trạm Thu phí An Thái Trung" />
    <tag k="maps_vietnam:id" v="vn-toll-gmaps-chij25u6y96fcjerromg4bcfto0" />
    <tag k="maps_vietnam:clean_status" v="auto_keep_merge" />
    <tag k="maps_vietnam:confidence" v="0.8" />
    <tag k="maps_vietnam:status" v="active" />
  </node>
  <node id="14000000029" lat="15.442239" lon="108.593055" version="1" timestamp="2026-06-11T02:34:07Z">
    <tag k="barrier" v="toll_booth" />
    <tag k="highway" v="toll_gantry" />
    <tag k="payment" v="etc" />
    <tag k="payment:etc" v="yes" />
    <tag k="toll" v="yes" />
    <tag k="name" v="Trạm thu phí Chu Lai" />
    <tag k="addr:full" v="CHRV+V6V Trạm Thu phí Chu Lai, ĐCT Đà Nẵng – Quảng Ngãi, Núi Thành, Đà Nẵng, Việt Nam" />
    <tag k="addr:province" v="Quảng Ngãi" />
    <tag k="source" v="maps-vietnam toll-station-pipeline" />
    <tag k="source:datasets" v="B_final" />
    <tag k="source:google_place_id" v="ChIJASTH-dLHaTER8CEN2KfC4v0" />
    <tag k="source:google_cid" v="18294398662472442352" />
    <tag k="source:url" v="https://www.google.com/maps/place/Tr%E1%BA%A1m+Thu+ph%C3%AD+Chu+Lai/data=!4m7!3m6!1s0x3169c7d2f9c72401:0xfde2c2a7d80d21f0!8m2!3d15.4422387!4d108.593055!16s%2Fg%2F11h4nd1627!19sChIJASTH-dLHaTER8CEN2KfC4v0?authuser=0&amp;hl=vi&amp;rclk=1" />
    <tag k="ref:osm_match" v="vn-toll-osm-12725719649" />
    <tag k="note:osm_match_name" v="Trạm Thu Phí Chu Lai" />
    <tag k="maps_vietnam:id" v="vn-toll-gmaps-chijasth-dlhater8cen2kfc4v0" />
    <tag k="maps_vietnam:clean_status" v="auto_keep_unique" />
    <tag k="maps_vietnam:confidence" v="0.8" />
    <tag k="maps_vietnam:status" v="active" />
  </node>
  <node id="14000000030" lat="11.373688" lon="108.881072" version="1" timestamp="2026-06-11T02:34:07Z">
    <tag k="barrier" v="toll_booth" />
    <tag k="highway" v="toll_gantry" />
    <tag k="payment" v="etc" />
    <tag k="payment:etc" v="yes" />
    <tag k="toll" v="yes" />
    <tag k="name" v="Trạm thu phí Cà Ná" />
    <tag k="addr:full" v="9VFJ+JJ5 Trạm Thu phí Cà Ná, Cà Ná, Khánh Hòa, Việt Nam" />
    <tag k="addr:province" v="Khánh Hòa" />
    <tag k="source" v="maps-vietnam toll-station-pipeline" />
    <tag k="source:datasets" v="A_colleague;B_final" />
    <tag k="source:google_place_id" v="ChIJK-OpbJ4rdzERQ0sya1Sjjvs" />
    <tag k="source:google_cid" v="18126605133183863619" />
    <tag k="source:url" v="https://www.google.com/maps/place/Tr%E1%BA%A1m+Thu+ph%C3%AD+C%C3%A0+N%C3%A1/data=!4m7!3m6!1s0x31772b9e6ca9e32b:0xfb8ea3546b324b43!8m2!3d11.3736884!4d108.8810717!16s%2Fg%2F11qb5qnhpt!19sChIJK-OpbJ4rdzERQ0sya1Sjjvs?authuser=0&amp;hl=vi&amp;rclk=1" />
    <tag k="ref:osm_match" v="vn-toll-osm-6860674132" />
    <tag k="note:osm_match_name" v="Trạm Thu Phí Cà Ná" />
    <tag k="maps_vietnam:id" v="vn-toll-gmaps-chijk-opbj4rdzerq0sya1sjjvs" />
    <tag k="maps_vietnam:clean_status" v="auto_keep_merge" />
    <tag k="maps_vietnam:confidence" v="0.8" />
    <tag k="maps_vietnam:status" v="active" />
  </node>
  <node id="14000000031" lat="10.4068739" lon="106.0320194" version="1" timestamp="2026-06-11T02:34:07Z">
    <tag k="barrier" v="toll_booth" />
    <tag k="highway" v="toll_gantry" />
    <tag k="payment" v="etc" />
    <tag k="payment:etc" v="yes" />
    <tag k="toll" v="yes" />
    <tag k="name" v="Trạm thu phí Cái Bè" />
    <tag k="addr:full" v="C24J+PRR, Hội Cư, Đồng Tháp, Việt Nam" />
    <tag k="addr:province" v="Đồng Tháp" />
    <tag k="source" v="maps-vietnam toll-station-pipeline" />
    <tag k="source:datasets" v="A_colleague" />
    <tag k="source:google_place_id" v="ChIJuTYFVgCRCjERQOizDEVzOoo" />
    <tag k="source:google_cid" v="0x310a9100560536b9:0x8a3a73450cb3e840" />
    <tag k="source:url" v="https://www.google.com/maps/place/Tr%E1%BA%A1m+Thu+ph%C3%AD+C%C3%A1i+B%C3%A8/data=!4m7!3m6!1s0x310a9100560536b9:0x8a3a73450cb3e840!8m2!3d10.4068739!4d106.0320194!16s%2Fg%2F11y41q8l8p!19sChIJuTYFVgCRCjERQOizDEVzOoo?authuser=0&amp;hl=vi&amp;rclk=1" />
    <tag k="maps_vietnam:id" v="vn-toll-clean-085" />
    <tag k="maps_vietnam:clean_status" v="auto_keep_unique" />
    <tag k="maps_vietnam:status" v="active" />
  </node>
  <node id="14000000032" lat="9.972868" lon="105.74043" version="1" timestamp="2026-06-11T02:34:07Z">
    <tag k="barrier" v="toll_booth" />
    <tag k="highway" v="toll_gantry" />
    <tag k="payment" v="etc" />
    <tag k="payment:etc" v="yes" />
    <tag k="toll" v="yes" />
    <tag k="name" v="Trạm thu phí Cần Thơ - Phụng Hiệp" />
    <tag k="addr:full" v="119 QL1, Cái Răng, Cần Thơ, Việt Nam" />
    <tag k="addr:province" v="Cần Thơ" />
    <tag k="road" v="QL1" />
    <tag k="source" v="maps-vietnam toll-station-pipeline" />
    <tag k="source:datasets" v="A_colleague;B_final" />
    <tag k="source:google_place_id" v="ChIJpxj0CNGJoDERcd6xH4C4V6g" />
    <tag k="source:google_cid" v="12130366981772795505" />
    <tag k="source:url" v="https://www.google.com/maps/place/Tr%E1%BA%A1m+Thu+ph%C3%AD+C%E1%BA%A7n+Th%C6%A1+-+Ph%E1%BB%A5ng+Hi%E1%BB%87p/data=!4m7!3m6!1s0x31a089d108f418a7:0xa857b8801fb1de71!8m2!3d9.9728676!4d105.7404303!16s%2Fg%2F11gzngmf37!19sChIJpxj0CNGJoDERcd6xH4C4V6g?authuser=0&amp;hl=vi&amp;rclk=1" />
    <tag k="ref:osm_match" v="vn-toll-osm-9381034607" />
    <tag k="note:osm_match_name" v="Trạm Thu Phí Cần Thơ - Phụng Hiệp" />
    <tag k="maps_vietnam:id" v="vn-toll-gmaps-chijpxj0cngjodercd6xh4c4v6g" />
    <tag k="maps_vietnam:clean_status" v="auto_keep_merge" />
    <tag k="maps_vietnam:confidence" v="0.8" />
    <tag k="maps_vietnam:status" v="active" />
  </node>
  <node id="14000000033" lat="20.8628088" lon="106.7849049" version="1" timestamp="2026-06-11T02:34:07Z">
    <tag k="barrier" v="toll_booth" />
    <tag k="highway" v="toll_gantry" />
    <tag k="payment" v="etc" />
    <tag k="payment:etc" v="yes" />
    <tag k="toll" v="yes" />
    <tag k="name" v="Trạm thu phí Cầu Bạch Đằng" />
    <tag k="addr:full" v="VQ7M+4XC, Cao Tốc Hạ Long - Hải Phòng, Liên Hòa, Quảng Ninh, Việt Nam" />
    <tag k="addr:province" v="Quảng Ninh" />
    <tag k="road" v="Cao Tốc Hạ Long - Hải Phòng" />
    <tag k="source" v="maps-vietnam toll-station-pipeline" />
    <tag k="source:datasets" v="A_colleague;B_final" />
    <tag k="source:google_place_id" v="ChIJYzm4pxZlSjEReNGpes7DV6c" />
    <tag k="source:google_cid" v="0x314a6516a7b83963:0xa757c3ce7aa9d178" />
    <tag k="source:url" v="https://www.google.com/maps/place/Tr%E1%BA%A1m+Thu+ph%C3%AD+C%E1%BA%A7u+B%E1%BA%A1ch+%C4%90%E1%BA%B1ng/data=!4m7!3m6!1s0x314a6516a7b83963:0xa757c3ce7aa9d178!8m2!3d20.8628001!4d106.7848935!16s%2Fg%2F11f9zs3z6j!19sChIJYzm4pxZlSjEReNGpes7DV6c?authuser=0&amp;hl=vi&amp;rclk=1" />
    <tag k="ref:osm_match" v="vn-toll-osm-12323861336" />
    <tag k="note:osm_match_name" v="Trạm Thu Phí Cầu Bạch Đằng" />
    <tag k="maps_vietnam:id" v="final-ChIJYzm4pxZlSjEReNGpes7DV6c" />
    <tag k="maps_vietnam:clean_status" v="auto_keep_merge" />
    <tag k="maps_vietnam:confidence" v="0.8" />
    <tag k="maps_vietnam:status" v="active" />
  </node>
  <node id="14000000034" lat="18.6408" lon="105.699069" version="1" timestamp="2026-06-11T02:34:07Z">
    <tag k="barrier" v="toll_booth" />
    <tag k="highway" v="toll_gantry" />
    <tag k="payment" v="etc" />
    <tag k="payment:etc" v="yes" />
    <tag k="toll" v="yes" />
    <tag k="name" v="Trạm thu phí Cầu Bến Thuỷ 2" />
    <tag k="addr:full" v="JMRX+8JG Trạm Thu phí Cầu Bến Thuỷ 2, AH1, Lam Thành, Nghệ An, Việt Nam" />
    <tag k="addr:province" v="Nghệ An" />
    <tag k="source" v="maps-vietnam toll-station-pipeline" />
    <tag k="source:datasets" v="A_colleague;B_final" />
    <tag k="source:google_place_id" v="ChIJ1TA-OyPMOTERd0gBiy9q6U0" />
    <tag k="source:google_cid" v="5614135162922158199" />
    <tag k="source:url" v="https://www.google.com/maps/place/Tr%E1%BA%A1m+Thu+ph%C3%AD+C%E1%BA%A7u+B%E1%BA%BFn+Thu%E1%BB%B7+2/data=!4m7!3m6!1s0x3139cc233b3e30d5:0x4de96a2f8b014877!8m2!3d18.6408002!4d105.6990692!16s%2Fg%2F11fzf13zck!19sChIJ1TA-OyPMOTERd0gBiy9q6U0?authuser=0&amp;hl=vi&amp;rclk=1" />
    <tag k="ref:osm_match" v="vn-toll-osm-10198877242" />
    <tag k="note:osm_match_name" v="Trạm Thu Phí Bến Thủy 2" />
    <tag k="maps_vietnam:id" v="vn-toll-gmaps-chij1ta-oypmoterd0gbiy9q6u0" />
    <tag k="maps_vietnam:clean_status" v="auto_keep_merge" />
    <tag k="maps_vietnam:confidence" v="0.8" />
    <tag k="maps_vietnam:status" v="active" />
  </node>
  <node id="14000000035" lat="10.0199467" lon="106.2974383" version="1" timestamp="2026-06-11T02:34:07Z">
    <tag k="barrier" v="toll_booth" />
    <tag k="highway" v="toll_gantry" />
    <tag k="payment" v="etc" />
    <tag k="payment:etc" v="yes" />
    <tag k="toll" v="yes" />
    <tag k="name" v="Trạm thu phí Cầu Cổ Chiên" />
    <tag k="addr:full" v="QL60, Nhị Long, Vĩnh Long, Việt Nam" />
    <tag k="addr:province" v="Vĩnh Long" />
    <tag k="road" v="QL60" />
    <tag k="source" v="maps-vietnam toll-station-pipeline" />
    <tag k="source:datasets" v="A_colleague" />
    <tag k="source:google_cid" v="0x31a011d2e7cc7445:0x5736ca957fd86d" />
    <tag k="source:url" v="https://www.google.com/maps/place/Tr%E1%BA%A1m+Thu+phi%CC%81+C%E1%BA%A7u+C%E1%BB%95+Chi%C3%AAn/@10.0199467,106.2974383,17z/data=!3m1!4b1!4m6!3m5!1s0x31a011d2e7cc7445:0x5736ca957fd86d!8m2!3d10.0199467!4d106.2974383!16s%2Fg%2F11c5gdl6p7?entry=ttu&amp;g_ep=EgoyMDI2MDYwMS4wIKXMDSoASAFQAw%3D%3D" />
    <tag k="maps_vietnam:id" v="vn-toll-clean-079" />
    <tag k="maps_vietnam:clean_status" v="auto_keep_unique" />
    <tag k="maps_vietnam:status" v="active" />
  </node>
  <node id="14000000036" lat="21.294515" lon="105.449386" version="1" timestamp="2026-06-11T02:34:07Z">
    <tag k="barrier" v="toll_booth" />
    <tag k="highway" v="toll_gantry" />
    <tag k="payment" v="etc" />
    <tag k="payment:etc" v="yes" />
    <tag k="toll" v="yes" />
    <tag k="name" v="Trạm thu phí Cầu Hạc Trì" />
    <tag k="addr:full" v="Trạm thu phí cầu Hạc Trì, Thanh Miếu, Phú Thọ, Việt Nam" />
    <tag k="addr:province" v="Phú Thọ" />
    <tag k="source" v="maps-vietnam toll-station-pipeline" />
    <tag k="source:datasets" v="A_colleague;B_final" />
    <tag k="source:google_place_id" v="ChIJw3EsE_vzNDERvaBDck3eGRk" />
    <tag k="source:google_cid" v="1808721149576847549" />
    <tag k="source:url" v="https://www.google.com/maps/place/Tr%E1%BA%A1m+Thu+ph%C3%AD+C%E1%BA%A7u+H%E1%BA%A1c+Tr%C3%AC/data=!4m7!3m6!1s0x3134f3fb132c71c3:0x1919de4d7243a0bd!8m2!3d21.2945151!4d105.4493861!16s%2Fg%2F11p01q3gyj!19sChIJw3EsE_vzNDERvaBDck3eGRk?authuser=0&amp;hl=vi&amp;rclk=1" />
    <tag k="ref:osm_match" v="vn-toll-osm-1182173344" />
    <tag k="note:osm_match_name" v="Trạm thu phí Cầu Hạc Trì" />
    <tag k="maps_vietnam:id" v="vn-toll-gmaps-chijw3ese-vzndervabdck3egrk" />
    <tag k="maps_vietnam:clean_status" v="auto_keep_merge" />
    <tag k="maps_vietnam:confidence" v="0.7" />
    <tag k="maps_vietnam:status" v="active" />
  </node>
  <node id="14000000037" lat="21.080139" lon="106.092165" version="1" timestamp="2026-06-11T02:34:07Z">
    <tag k="barrier" v="toll_booth" />
    <tag k="highway" v="toll_gantry" />
    <tag k="payment" v="etc" />
    <tag k="payment:etc" v="yes" />
    <tag k="toll" v="yes" />
    <tag k="name" v="Trạm thu phí Cầu Hồ" />
    <tag k="addr:full" v="33JR+3V3 Trạm Thu phí Cầu Hồ, QL38, Tân Chi, Bắc Ninh, Việt Nam" />
    <tag k="addr:province" v="Bắc Ninh" />
    <tag k="road" v="QL38" />
    <tag k="source" v="maps-vietnam toll-station-pipeline" />
    <tag k="source:datasets" v="A_colleague;B_final" />
    <tag k="source:google_place_id" v="ChIJbYVFM3QKNTERcjpALLN1Y8g" />
    <tag k="source:google_cid" v="14439514242681944690" />
    <tag k="source:url" v="https://www.google.com/maps/place/Tr%E1%BA%A1m+Thu+ph%C3%AD+C%E1%BA%A7u+H%E1%BB%93/data=!4m7!3m6!1s0x31350a743345856d:0xc86375b32c403a72!8m2!3d21.0801386!4d106.0921654!16s%2Fg%2F11gh03_18k!19sChIJbYVFM3QKNTERcjpALLN1Y8g?authuser=0&amp;hl=vi&amp;rclk=1" />
    <tag k="ref:osm_match" v="vn-toll-osm-6862997895" />
    <tag k="note:osm_match_name" v="Trạm Thu Phí Bắc Ninh Hải Dương" />
    <tag k="maps_vietnam:id" v="vn-toll-gmaps-chijbyvfm3qkntercjpalln1y8g" />
    <tag k="maps_vietnam:clean_status" v="auto_keep_merge" />
    <tag k="maps_vietnam:confidence" v="0.8" />
    <tag k="maps_vietnam:status" v="active" />
  </node>
  <node id="14000000038" lat="22.4168543" lon="103.9071458" version="1" timestamp="2026-06-11T02:34:07Z">
    <tag k="barrier" v="toll_booth" />
    <tag k="highway" v="toll_gantry" />
    <tag k="payment" v="etc" />
    <tag k="payment:etc" v="yes" />
    <tag k="toll" v="yes" />
    <tag k="name" v="Trạm thu phí Cầu Móng Sến" />
    <tag k="addr:full" v="CW84+PVR, Tả Phìn, Lào Cai, Việt Nam" />
    <tag k="addr:province" v="Lào Cai" />
    <tag k="source" v="maps-vietnam toll-station-pipeline" />
    <tag k="source:datasets" v="A_colleague" />
    <tag k="source:google_place_id" v="ChIJRavZ_4przTYRS3EMm6qhQxs" />
    <tag k="source:google_cid" v="0x36cd6b8affd9ab45:0x1b43a1aa9b0c714b" />
    <tag k="source:url" v="https://www.google.com/maps/place/Tr%E1%BA%A1m+Thu+ph%C3%AD+C%E1%BA%A7u+M%C3%B3ng+S%E1%BA%BFn/data=!4m7!3m6!1s0x36cd6b8affd9ab45:0x1b43a1aa9b0c714b!8m2!3d22.4168543!4d103.9071458!16s%2Fg%2F11vb6d6hnt!19sChIJRavZ_4przTYRS3EMm6qhQxs?authuser=0&amp;hl=vi&amp;rclk=1" />
    <tag k="maps_vietnam:id" v="vn-toll-clean-093" />
    <tag k="maps_vietnam:clean_status" v="auto_keep_unique" />
    <tag k="maps_vietnam:status" v="active" />
  </node>
  <node id="14000000039" lat="9.9242626" lon="105.8540449" version="1" timestamp="2026-06-11T02:34:07Z">
    <tag k="barrier" v="toll_booth" />
    <tag k="highway" v="toll_gantry" />
    <tag k="payment" v="etc" />
    <tag k="payment:etc" v="yes" />
    <tag k="toll" v="yes" />
    <tag k="name" v="Trạm thu phí Cầu Phú Hữu" />
    <tag k="source" v="maps-vietnam toll-station-pipeline" />
    <tag k="source:datasets" v="B_final" />
    <tag k="source:google_place_id" v="ChIJcYnshklhoDERkLnRXydRhaw" />
    <tag k="source:url" v="https://www.google.com/maps/place/Tr%E1%BA%A1m+Thu+ph%C3%AD+C%E1%BA%A7u+Ph%C3%BA+H%E1%BB%AFu/data=!4m7!3m6!1s0x31a0614986ec8971:0xac8551275fd1b990!8m2!3d9.9242626!4d105.8540449!16s%2Fg%2F11gh_2vjx7!19sChIJcYnshklhoDERkLnRXydRhaw?authuser=0&amp;hl=vi&amp;rclk=1" />
    <tag k="note:osm_match_name" v="Trạm Thu phí Cầu Phú Hữu" />
    <tag k="maps_vietnam:id" v="final-ChIJcYnshklhoDERkLnRXydRhaw" />
    <tag k="maps_vietnam:clean_status" v="auto_keep_unique" />
    <tag k="maps_vietnam:confidence" v="0.8" />
    <tag k="maps_vietnam:status" v="active" />
  </node>
  <node id="14000000040" lat="10.760046" lon="106.764818" version="1" timestamp="2026-06-11T02:34:07Z">
    <tag k="barrier" v="toll_booth" />
    <tag k="highway" v="toll_gantry" />
    <tag k="payment" v="etc" />
    <tag k="payment:etc" v="yes" />
    <tag k="toll" v="yes" />
    <tag k="name" v="Trạm thu phí Cầu Phú Mỹ" />
    <tag k="addr:full" v="QQ67+2W8 Trạm Thu phí Cầu Phú Mỹ, Đường Vành đai trong, Cát Lái, Hồ Chí Minh, Việt Nam" />
    <tag k="addr:province" v="TP. Hồ Chí Minh" />
    <tag k="source" v="maps-vietnam toll-station-pipeline" />
    <tag k="source:datasets" v="B_final" />
    <tag k="source:google_place_id" v="ChIJq6qqJ7QldTER5VynVzWFjvo" />
    <tag k="source:google_cid" v="18054514420325244133" />
    <tag k="source:url" v="https://www.google.com/maps/place/Tr%E1%BA%A1m+Thu+ph%C3%AD+C%E1%BA%A7u+Ph%C3%BA+M%E1%BB%B9/data=!4m7!3m6!1s0x317525b427aaaaab:0xfa8e853557a75ce5!8m2!3d10.7600458!4d106.7648183!16s%2Fg%2F11c6rxph4q!19sChIJq6qqJ7QldTER5VynVzWFjvo?authuser=0&amp;hl=vi&amp;rclk=1" />
    <tag k="ref:osm_match" v="vn-toll-osm-1098418720" />
    <tag k="note:osm_match_name" v="Trạm thu phí Cầu Phú Mỹ" />
    <tag k="maps_vietnam:id" v="vn-toll-gmaps-chijq6qqj7qldter5vynvzwfjvo" />
    <tag k="maps_vietnam:clean_status" v="auto_keep_unique" />
    <tag k="maps_vietnam:confidence" v="0.8" />
    <tag k="maps_vietnam:status" v="active" />
  </node>
  <node id="14000000041" lat="10.314707" lon="106.348376" version="1" timestamp="2026-06-11T02:34:07Z">
    <tag k="barrier" v="toll_booth" />
    <tag k="highway" v="toll_gantry" />
    <tag k="payment" v="etc" />
    <tag k="payment:etc" v="yes" />
    <tag k="toll" v="yes" />
    <tag k="name" v="Trạm thu phí Cầu Rạch Miễu" />
    <tag k="addr:full" v="QL60, Phú Túc, Vĩnh Long, Việt Nam" />
    <tag k="addr:province" v="Vĩnh Long" />
    <tag k="road" v="QL60" />
    <tag k="source" v="maps-vietnam toll-station-pipeline" />
    <tag k="source:datasets" v="A_colleague;B_final" />
    <tag k="source:google_place_id" v="ChIJtWtFRmKvCjERObgwTuRjBdk" />
    <tag k="source:google_cid" v="15638015113329424441" />
    <tag k="source:url" v="https://www.google.com/maps/place/Tr%E1%BA%A1m+Thu+ph%C3%AD+C%E1%BA%A7u+R%E1%BA%A1ch+Mi%E1%BB%85u/data=!4m7!3m6!1s0x310aaf6246456bb5:0xd90563e44e30b839!8m2!3d10.3147072!4d106.3483764!16s%2Fg%2F12lsmn4x4!19sChIJtWtFRmKvCjERObgwTuRjBdk?authuser=0&amp;hl=vi&amp;rclk=1" />
    <tag k="ref:osm_match" v="vn-toll-osm-1025088286" />
    <tag k="note:osm_match_name" v="Trạm thu phí Cầu Rạch Miễu" />
    <tag k="maps_vietnam:id" v="vn-toll-gmaps-chijtwtfrmkvcjerobgwturjbdk" />
    <tag k="maps_vietnam:clean_status" v="auto_keep_merge" />
    <tag k="maps_vietnam:confidence" v="0.8" />
    <tag k="maps_vietnam:status" v="active" />
  </node>
  <node id="14000000042" lat="20.590872" lon="106.139251" version="1" timestamp="2026-06-11T02:34:07Z">
    <tag k="barrier" v="toll_booth" />
    <tag k="highway" v="toll_gantry" />
    <tag k="payment" v="etc" />
    <tag k="payment:etc" v="yes" />
    <tag k="toll" v="yes" />
    <tag k="name" v="Trạm thu phí Cầu Thái Hà" />
    <tag k="addr:full" v="H4RQ+8PR Trạm Thu phí Cầu Thái Hà, Long Hưng, Hưng Yên, Việt Nam" />
    <tag k="addr:province" v="Hưng Yên" />
    <tag k="source" v="maps-vietnam toll-station-pipeline" />
    <tag k="source:datasets" v="B_final" />
    <tag k="source:google_place_id" v="ChIJCdGNMMHDNTEREi-tFxzxNHk" />
    <tag k="source:google_cid" v="8733870680336838418" />
    <tag k="source:url" v="https://www.google.com/maps/place/Tr%E1%BA%A1m+Thu+ph%C3%AD+C%E1%BA%A7u+Th%C3%A1i+H%C3%A0/data=!4m7!3m6!1s0x3135c3c1308dd109:0x7934f11c17ad2f12!8m2!3d20.5908723!4d106.1392512!16s%2Fg%2F11h7c_48pr!19sChIJCdGNMMHDNTEREi-tFxzxNHk?authuser=0&amp;hl=vi&amp;rclk=1" />
    <tag k="ref:osm_match" v="vn-toll-osm-13338380133" />
    <tag k="note:osm_match_name" v="OSM toll 13338380133" />
    <tag k="maps_vietnam:id" v="vn-toll-gmaps-chijcdgnmmhdnterei-tfxzxnhk" />
    <tag k="maps_vietnam:clean_status" v="auto_keep_unique" />
    <tag k="maps_vietnam:confidence" v="0.7" />
    <tag k="maps_vietnam:status" v="active" />
  </node>
  <node id="14000000043" lat="21.285532" lon="105.404046" version="1" timestamp="2026-06-11T02:34:07Z">
    <tag k="barrier" v="toll_booth" />
    <tag k="highway" v="toll_gantry" />
    <tag k="payment" v="etc" />
    <tag k="payment:etc" v="yes" />
    <tag k="toll" v="yes" />
    <tag k="name" v="Trạm thu phí Cầu Văn Lang" />
    <tag k="addr:full" v="Km7+180 đường Phú Hà (đường dẫn cầu Văn Lang, Cổ Đô, Hà Nội, Việt Nam" />
    <tag k="addr:province" v="Hà Nội" />
    <tag k="source" v="maps-vietnam toll-station-pipeline" />
    <tag k="source:datasets" v="A_colleague;B_final" />
    <tag k="source:google_place_id" v="ChIJsdENaHaNNDERsdrKMfp5jXw" />
    <tag k="source:google_cid" v="8974963747903429297" />
    <tag k="source:url" v="https://www.google.com/maps/place/Tr%E1%BA%A1m+Thu+ph%C3%AD+C%E1%BA%A7u+V%C4%83n+Lang/data=!4m7!3m6!1s0x31348d76680dd1b1:0x7c8d79fa31cadab1!8m2!3d21.2855318!4d105.4040457!16s%2Fg%2F11gmcc9sjt!19sChIJsdENaHaNNDERsdrKMfp5jXw?authuser=0&amp;hl=vi&amp;rclk=1" />
    <tag k="ref:osm_match" v="vn-toll-osm-6563222996" />
    <tag k="note:osm_match_name" v="OSM toll 6563222996" />
    <tag k="maps_vietnam:id" v="vn-toll-gmaps-chijsdenahanndersdrkmfp5jxw" />
    <tag k="maps_vietnam:clean_status" v="auto_keep_merge" />
    <tag k="maps_vietnam:confidence" v="0.8" />
    <tag k="maps_vietnam:status" v="active" />
  </node>
  <node id="14000000044" lat="20.658939" lon="106.048984" version="1" timestamp="2026-06-11T02:34:07Z">
    <tag k="barrier" v="toll_booth" />
    <tag k="highway" v="toll_gantry" />
    <tag k="payment" v="etc" />
    <tag k="payment:etc" v="yes" />
    <tag k="toll" v="yes" />
    <tag k="name" v="Trạm thu phí Cầu Yên Lệnh" />
    <tag k="addr:full" v="Trạm thu phí, QL38, Sơn Nam, Hưng Yên, Việt Nam" />
    <tag k="addr:province" v="Hưng Yên" />
    <tag k="road" v="QL38" />
    <tag k="source" v="maps-vietnam toll-station-pipeline" />
    <tag k="source:datasets" v="A_colleague;B_final" />
    <tag k="source:google_place_id" v="ChIJpUd-AwDHNTERAUKymVQ_3DI" />
    <tag k="source:google_cid" v="3664873829361140225" />
    <tag k="source:url" v="https://www.google.com/maps/place/Tr%E1%BA%A1m+Thu+ph%C3%AD+C%E1%BA%A7u+Y%C3%AAn+L%E1%BB%87nh/data=!4m7!3m6!1s0x3135c700037e47a5:0x32dc3f5499b24201!8m2!3d20.6589395!4d106.0489839!16s%2Fg%2F11x0pqc_4x!19sChIJpUd-AwDHNTERAUKymVQ_3DI?authuser=0&amp;hl=vi&amp;rclk=1" />
    <tag k="ref:osm_match" v="vn-toll-osm-10198957829" />
    <tag k="note:osm_match_name" v="OSM toll 10198957829" />
    <tag k="maps_vietnam:id" v="vn-toll-gmaps-chijpud-awdhnteraukymvq-3di" />
    <tag k="maps_vietnam:clean_status" v="auto_keep_merge" />
    <tag k="maps_vietnam:confidence" v="0.8" />
    <tag k="maps_vietnam:status" v="active" />
  </node>
  <node id="14000000045" lat="21.003101" lon="107.327187" version="1" timestamp="2026-06-11T02:34:07Z">
    <tag k="barrier" v="toll_booth" />
    <tag k="highway" v="toll_gantry" />
    <tag k="payment" v="etc" />
    <tag k="payment:etc" v="yes" />
    <tag k="toll" v="yes" />
    <tag k="name" v="Trạm thu phí Cẩm Phả" />
    <tag k="addr:full" v="Trần Quốc Tảng, Cửa Ông, Quảng Ninh, Việt Nam" />
    <tag k="addr:province" v="Quảng Ninh" />
    <tag k="source" v="maps-vietnam toll-station-pipeline" />
    <tag k="source:datasets" v="A_colleague;B_final" />
    <tag k="source:google_place_id" v="ChIJuf95la0BSzER7KKiFo99L6E" />
    <tag k="source:google_cid" v="11614640017525351148" />
    <tag k="source:url" v="https://www.google.com/maps/place/Tr%E1%BA%A1m+Thu+Ph%C3%AD+C%E1%BA%A9m+Ph%E1%BA%A3/data=!4m7!3m6!1s0x314b01ad9579ffb9:0xa12f7d8f16a2a2ec!8m2!3d21.0031012!4d107.3271867!16s%2Fg%2F11fx9h1q9d!19sChIJuf95la0BSzER7KKiFo99L6E?authuser=0&amp;hl=vi&amp;rclk=1" />
    <tag k="ref:osm_match" v="vn-toll-osm-1381203335" />
    <tag k="note:osm_match_name" v="OSM toll 1381203335" />
    <tag k="maps_vietnam:id" v="vn-toll-gmaps-chijuf95la0bszer7kkifo99l6e" />
    <tag k="maps_vietnam:clean_status" v="auto_keep_merge" />
    <tag k="maps_vietnam:confidence" v="0.8" />
    <tag k="maps_vietnam:status" v="active" />
  </node>
  <node id="14000000046" lat="12.254518" lon="109.0237874" version="1" timestamp="2026-06-11T02:34:07Z">
    <tag k="barrier" v="toll_booth" />
    <tag k="highway" v="toll_gantry" />
    <tag k="payment" v="etc" />
    <tag k="payment:etc" v="yes" />
    <tag k="toll" v="yes" />
    <tag k="name" v="Trạm thu phí Diên Thọ" />
    <tag k="addr:full" v="723F+RG3, Diên Thọ, Khánh Hòa, Việt Nam" />
    <tag k="addr:province" v="Khánh Hòa" />
    <tag k="source" v="maps-vietnam toll-station-pipeline" />
    <tag k="source:datasets" v="A_colleague" />
    <tag k="source:google_place_id" v="ChIJwylGIxRRcDER4DIusczLq28" />
    <tag k="source:google_cid" v="0x31705114234629c3:0x6fabcbccb12e32e0" />
    <tag k="source:url" v="https://www.google.com/maps/place/Tr%E1%BA%A1m+Thu+ph%C3%AD+Di%C3%AAn+Th%E1%BB%8D/data=!4m7!3m6!1s0x31705114234629c3:0x6fabcbccb12e32e0!8m2!3d12.254518!4d109.0237874!16s%2Fg%2F11vlvbk772!19sChIJwylGIxRRcDER4DIusczLq28?authuser=0&amp;hl=vi&amp;rclk=1" />
    <tag k="maps_vietnam:id" v="vn-toll-clean-090" />
    <tag k="maps_vietnam:clean_status" v="auto_keep_unique" />
    <tag k="maps_vietnam:status" v="active" />
  </node>
  <node id="14000000047" lat="20.776114" lon="106.723902" version="1" timestamp="2026-06-11T02:34:07Z">
    <tag k="barrier" v="toll_booth" />
    <tag k="highway" v="toll_gantry" />
    <tag k="payment" v="etc" />
    <tag k="payment:etc" v="yes" />
    <tag k="toll" v="yes" />
    <tag k="name" v="Trạm thu phí Dương Kinh" />
    <tag k="addr:full" v="QPGF+CHR Trạm Thu phí Dương Kinh, Dương Kinh, Hải Phòng, Việt Nam" />
    <tag k="addr:province" v="Hải Phòng" />
    <tag k="source" v="maps-vietnam toll-station-pipeline" />
    <tag k="source:datasets" v="A_colleague;B_final" />
    <tag k="source:google_place_id" v="ChIJ17Nu3CluSjERPS6To2kBcUc" />
    <tag k="source:google_cid" v="5147897402288713277" />
    <tag k="source:url" v="https://www.google.com/maps/place/Tr%E1%BA%A1m+Thu+ph%C3%AD+D%C6%B0%C6%A1ng+Kinh/data=!4m7!3m6!1s0x314a6e29dc6eb3d7:0x47710169a3932e3d!8m2!3d20.7761144!4d106.7239025!16s%2Fg%2F11b5wkj957!19sChIJ17Nu3CluSjERPS6To2kBcUc?authuser=0&amp;hl=vi&amp;rclk=1" />
    <tag k="ref:osm_match" v="vn-toll-osm-1329847084" />
    <tag k="note:osm_match_name" v="OSM toll 1329847084" />
    <tag k="maps_vietnam:id" v="vn-toll-gmaps-chij17nu3clusjerps6to2kbcuc" />
    <tag k="maps_vietnam:clean_status" v="auto_keep_merge" />
    <tag k="maps_vietnam:confidence" v="0.8" />
    <tag k="maps_vietnam:status" v="active" />
  </node>
  <node id="14000000048" lat="10.918303" lon="107.163982" version="1" timestamp="2026-06-11T02:34:07Z">
    <tag k="barrier" v="toll_booth" />
    <tag k="highway" v="toll_gantry" />
    <tag k="payment" v="etc" />
    <tag k="payment:etc" v="yes" />
    <tag k="toll" v="yes" />
    <tag k="name" v="Trạm thu phí Dầu Giây" />
    <tag k="addr:full" v="Trạm thu phí Dầu Giây, ĐCT Thành phố Hồ Chí Minh - Long Thành - Dầu Giây, Dầu Giây, Đồng Nai, Việt Nam" />
    <tag k="addr:province" v="Đồng Nai" />
    <tag k="source" v="maps-vietnam toll-station-pipeline" />
    <tag k="source:datasets" v="A_colleague;B_final" />
    <tag k="source:google_place_id" v="ChIJLwR0CGn8dDERylvoDvGJNrs" />
    <tag k="source:google_cid" v="13490121402265131978" />
    <tag k="source:url" v="https://www.google.com/maps/place/Tr%E1%BA%A1m+Thu+ph%C3%AD+D%E1%BA%A7u+Gi%C3%A2y/data=!4m7!3m6!1s0x3174fc690874042f:0xbb3689f10ee85bca!8m2!3d10.9183029!4d107.1639825!16s%2Fg%2F11c1nch_b2!19sChIJLwR0CGn8dDERylvoDvGJNrs?authuser=0&amp;hl=vi&amp;rclk=1" />
    <tag k="ref:osm_match" v="vn-toll-osm-1006324193" />
    <tag k="note:osm_match_name" v="Trạm thu phí Dàu Giây" />
    <tag k="maps_vietnam:id" v="vn-toll-gmaps-chijlwr0cgn8dderylvodvgjnrs" />
    <tag k="maps_vietnam:clean_status" v="auto_keep_merge" />
    <tag k="maps_vietnam:confidence" v="0.8" />
    <tag k="maps_vietnam:status" v="active" />
  </node>
  <node id="14000000049" lat="12.812957" lon="108.511572" version="1" timestamp="2026-06-11T02:34:07Z">
    <tag k="barrier" v="toll_booth" />
    <tag k="highway" v="toll_gantry" />
    <tag k="payment" v="etc" />
    <tag k="payment:etc" v="yes" />
    <tag k="toll" v="yes" />
    <tag k="name" v="Trạm thu phí Ea Đar" />
    <tag k="addr:full" v="RG76+5JP Trạm Thu phí Ea Đar, Ea Đar, Ea Kar, Đắk Lắk, Việt Nam" />
    <tag k="addr:province" v="Đắk Lắk" />
    <tag k="source" v="maps-vietnam toll-station-pipeline" />
    <tag k="source:datasets" v="A_colleague;B_final" />
    <tag k="source:google_place_id" v="ChIJgTHiJADfcTERXE_rFTDw2w4" />
    <tag k="source:google_cid" v="1070713425747464028" />
    <tag k="source:url" v="https://www.google.com/maps/place/Tr%E1%BA%A1m+Thu+ph%C3%AD+Ea+%C4%90ar/data=!4m7!3m6!1s0x3171df0024e23181:0xedbf03015eb4f5c!8m2!3d12.8129567!4d108.511572!16s%2Fg%2F11lmhftr8f!19sChIJgTHiJADfcTERXE_rFTDw2w4?authuser=0&amp;hl=vi&amp;rclk=1" />
    <tag k="ref:osm_match" v="vn-toll-osm-668471135" />
    <tag k="note:osm_match_name" v="Trạm Thu Phí Ea Đar Đắk Lắk" />
    <tag k="maps_vietnam:id" v="vn-toll-gmaps-chijgthijadfcterxe-rftdw2w4" />
    <tag k="maps_vietnam:clean_status" v="auto_keep_merge" />
    <tag k="maps_vietnam:confidence" v="0.7" />
    <tag k="maps_vietnam:status" v="active" />
  </node>
  <node id="14000000050" lat="16.0046282" lon="108.246048" version="1" timestamp="2026-06-11T02:34:07Z">
    <tag k="barrier" v="toll_booth" />
    <tag k="highway" v="toll_gantry" />
    <tag k="payment" v="etc" />
    <tag k="payment:etc" v="yes" />
    <tag k="toll" v="yes" />
    <tag k="name" v="Trạm thu phí Hoà Phước" />
    <tag k="addr:full" v="263W+VC3, Quảng Nam, Ngũ Hành Sơn, Đà Nẵng 550000, Việt Nam" />
    <tag k="addr:province" v="Đà Nẵng 550000" />
    <tag k="source" v="maps-vietnam toll-station-pipeline" />
    <tag k="source:datasets" v="A_colleague" />
    <tag k="source:google_cid" v="0x314211002803bfd5:0x866ac438de653492" />
    <tag k="source:url" v="https://www.google.com/maps/place/Tr%E1%BA%A1m+thu+ph%C3%AD+Ho%C3%A0+Ph%C6%B0%E1%BB%9Bc/@16.0046282,108.246048,17z/data=!3m1!4b1!4m6!3m5!1s0x314211002803bfd5:0x866ac438de653492!8m2!3d16.0046282!4d108.246048!16s%2Fg%2F11njrx82nx?entry=ttu&amp;g_ep=EgoyMDI2MDYwMS4wIKXMDSoASAFQAw%3D%3D" />
    <tag k="maps_vietnam:id" v="vn-toll-clean-075" />
    <tag k="maps_vietnam:clean_status" v="auto_keep_unique" />
    <tag k="maps_vietnam:status" v="active" />
  </node>
  <node id="14000000051" lat="19.3019039" lon="105.7242358" version="1" timestamp="2026-06-11T02:34:07Z">
    <tag k="barrier" v="toll_booth" />
    <tag k="highway" v="toll_gantry" />
    <tag k="payment" v="etc" />
    <tag k="payment:etc" v="yes" />
    <tag k="toll" v="yes" />
    <tag k="name" v="Trạm thu phí Hoàng Mai" />
    <tag k="addr:full" v="AH1, Hoàng Mai, Nghệ An, Việt Nam" />
    <tag k="addr:province" v="Nghệ An" />
    <tag k="source" v="maps-vietnam toll-station-pipeline" />
    <tag k="source:datasets" v="A_colleague" />
    <tag k="source:google_cid" v="0x31370b0631ba47d3:0x514cec1b205bf852" />
    <tag k="source:url" v="https://www.google.com/maps/place/Tr%E1%BA%A1m+Thu+Ph%C3%AD+Ho%C3%A0ng+Mai,+AH1,+Ho%C3%A0ng+Mai,+Ngh%E1%BB%87+An,+Vi%E1%BB%87t+Nam/@19.3019039,105.7242358,17z/data=!3m1!4b1!4m6!3m5!1s0x31370b0631ba47d3:0x514cec1b205bf852!8m2!3d19.3019039!4d105.7242358!16s%2Fg%2F11bx1_g2qf?entry=ttu&amp;g_ep=EgoyMDI2MDYwMS4wIKXMDSoASAFQAw%3D%3D" />
    <tag k="maps_vietnam:id" v="vn-toll-clean-074" />
    <tag k="maps_vietnam:clean_status" v="auto_keep_unique" />
    <tag k="maps_vietnam:status" v="active" />
  </node>
  <node id="14000000052" lat="21.090344" lon="105.960513" version="1" timestamp="2026-06-11T02:34:07Z">
    <tag k="barrier" v="toll_booth" />
    <tag k="highway" v="toll_gantry" />
    <tag k="payment" v="etc" />
    <tag k="payment:etc" v="yes" />
    <tag k="toll" v="yes" />
    <tag k="name" v="Trạm thu phí Hà Nội - Bắc Giang" />
    <tag k="addr:full" v="3XR6+46J Trạm Thu phí Hà Nội - Bắc Giang, AH1, Từ Sơn, Bắc Ninh, Việt Nam" />
    <tag k="addr:province" v="Hà Nội" />
    <tag k="source" v="maps-vietnam toll-station-pipeline" />
    <tag k="source:datasets" v="A_colleague;B_final" />
    <tag k="source:google_place_id" v="ChIJxxXG8PgHNTERlACQOZXsXPg" />
    <tag k="source:google_cid" v="17896439144923529364" />
    <tag k="source:url" v="https://www.google.com/maps/place/Tr%E1%BA%A1m+Thu+ph%C3%AD+H%C3%A0+N%E1%BB%99i+-+B%E1%BA%AFc+Giang/data=!4m7!3m6!1s0x313507f8f0c615c7:0xf85cec9539900094!8m2!3d21.0903439!4d105.9605126!16s%2Fg%2F11cs0bb15g!19sChIJxxXG8PgHNTERlACQOZXsXPg?authuser=0&amp;hl=vi&amp;rclk=1" />
    <tag k="ref:osm_match" v="vn-toll-osm-1095628565" />
    <tag k="note:osm_match_name" v="Trạm thu phí Hà Nội - Bắc Giang" />
    <tag k="maps_vietnam:id" v="vn-toll-gmaps-chijxxxg8pghnterlacqozxsxpg" />
    <tag k="maps_vietnam:clean_status" v="auto_keep_merge" />
    <tag k="maps_vietnam:confidence" v="0.8" />
    <tag k="maps_vietnam:status" v="active" />
  </node>
  <node id="14000000053" lat="21.533157" lon="104.972637" version="1" timestamp="2026-06-11T02:34:07Z">
    <tag k="barrier" v="toll_booth" />
    <tag k="highway" v="toll_gantry" />
    <tag k="payment" v="etc" />
    <tag k="payment:etc" v="yes" />
    <tag k="toll" v="yes" />
    <tag k="name" v="Trạm thu phí Hạ Hoà (IC11)" />
    <tag k="addr:full" v="GXMF+736 Trạm Thu phí Hạ Hoà (IC11), Văn Lang, Phú Thọ, Việt Nam" />
    <tag k="addr:province" v="Phú Thọ" />
    <tag k="source" v="maps-vietnam toll-station-pipeline" />
    <tag k="source:datasets" v="B_final" />
    <tag k="source:google_place_id" v="ChIJs-UXlDFhMzERHgmOv8HZfq0" />
    <tag k="source:google_cid" v="12501669041792747806" />
    <tag k="source:url" v="https://www.google.com/maps/place/Tr%E1%BA%A1m+Thu+ph%C3%AD+H%E1%BA%A1+Ho%C3%A0+%28IC11%29/data=!4m7!3m6!1s0x313361319417e5b3:0xad7ed9c1bf8e091e!8m2!3d21.5331573!4d104.9726372!16s%2Fg%2F11h1zdj_79!19sChIJs-UXlDFhMzERHgmOv8HZfq0?authuser=0&amp;hl=vi&amp;rclk=1" />
    <tag k="ref:osm_match" v="vn-toll-osm-6554530141" />
    <tag k="note:osm_match_name" v="IC11" />
    <tag k="maps_vietnam:id" v="vn-toll-gmaps-chijs-uxldfhmzerhgmov8hzfq0" />
    <tag k="maps_vietnam:clean_status" v="auto_keep_unique" />
    <tag k="maps_vietnam:confidence" v="0.7" />
    <tag k="maps_vietnam:status" v="active" />
  </node>
  <node id="14000000054" lat="21.4650905" lon="107.7058191" version="1" timestamp="2026-06-11T02:34:07Z">
    <tag k="barrier" v="toll_booth" />
    <tag k="highway" v="toll_gantry" />
    <tag k="payment" v="etc" />
    <tag k="payment:etc" v="yes" />
    <tag k="toll" v="yes" />
    <tag k="name" v="Trạm thu phí Hải Hà" />
    <tag k="addr:full" v="FP84+28P, Quảng Đức, Quảng Ninh, Việt Nam" />
    <tag k="addr:province" v="Quảng Ninh" />
    <tag k="source" v="maps-vietnam toll-station-pipeline" />
    <tag k="source:datasets" v="A_colleague" />
    <tag k="source:google_cid" v="0x314b492f469c0df7:0xf8ffe4c1f81ae76f" />
    <tag k="source:url" v="https://www.google.com/maps/place/Tr%E1%BA%A1m+Thu+ph%C3%AD+H%E1%BA%A3i+H%C3%A0/@21.4650905,107.7058191,17z/data=!3m1!4b1!4m6!3m5!1s0x314b492f469c0df7:0xf8ffe4c1f81ae76f!8m2!3d21.4650905!4d107.7058191!16s%2Fg%2F11sbrbplmn?entry=ttu&amp;g_ep=EgoyMDI2MDYwMS4wIKXMDSoASAFQAw%3D%3D" />
    <tag k="maps_vietnam:id" v="vn-toll-clean-078" />
    <tag k="maps_vietnam:clean_status" v="auto_keep_unique" />
    <tag k="maps_vietnam:status" v="active" />
  </node>
  <node id="14000000055" lat="13.703552" lon="109.174479" version="1" timestamp="2026-06-11T02:34:07Z">
    <tag k="barrier" v="toll_booth" />
    <tag k="highway" v="toll_gantry" />
    <tag k="payment" v="etc" />
    <tag k="payment:etc" v="yes" />
    <tag k="toll" v="yes" />
    <tag k="name" v="Trạm thu phí hầm Cù Mông" />
    <tag k="addr:full" v="P53F+CQH Trạm thu phí hầm Cù Mông, khu vực 8, Quy Nhơn Tây, Gia Lai, Việt Nam" />
    <tag k="addr:province" v="Gia Lai" />
    <tag k="source" v="maps-vietnam toll-station-pipeline" />
    <tag k="source:datasets" v="A_colleague;B_final" />
    <tag k="source:google_place_id" v="ChIJZftdnjgTbzERiCsl5a4sLSc" />
    <tag k="source:google_cid" v="2822961671111519112" />
    <tag k="source:url" v="https://www.google.com/maps/place/Tr%E1%BA%A1m+thu+ph%C3%AD+h%E1%BA%A7m+C%C3%B9+M%C3%B4ng/data=!4m7!3m6!1s0x316f13389e5dfb65:0x272d2caee5252b88!8m2!3d13.7035521!4d109.1744789!16s%2Fg%2F11fk3d3hxq!19sChIJZftdnjgTbzERiCsl5a4sLSc?authuser=0&amp;hl=vi&amp;rclk=1" />
    <tag k="ref:osm_match" v="vn-toll-osm-1156958867" />
    <tag k="note:osm_match_name" v="Trạm thu phí Hầm Cù Mông" />
    <tag k="maps_vietnam:id" v="vn-toll-gmaps-chijzftdnjgtbzericsl5a4slsc" />
    <tag k="maps_vietnam:clean_status" v="auto_keep_merge" />
    <tag k="maps_vietnam:confidence" v="0.7" />
    <tag k="maps_vietnam:status" v="active" />
  </node>
  <node id="14000000056" lat="16.228523" lon="108.084722" version="1" timestamp="2026-06-11T02:34:07Z">
    <tag k="barrier" v="toll_booth" />
    <tag k="highway" v="toll_gantry" />
    <tag k="payment" v="etc" />
    <tag k="payment:etc" v="yes" />
    <tag k="toll" v="yes" />
    <tag k="name" v="Trạm thu phí hầm Hải Vân" />
    <tag k="addr:full" v="63HM+CV5 Trạm thu phí hầm Hải Vân, Chân Mây - Lăng Cô, Huế, Việt Nam" />
    <tag k="addr:province" v="Huế" />
    <tag k="source" v="maps-vietnam toll-station-pipeline" />
    <tag k="source:datasets" v="B_final" />
    <tag k="source:google_place_id" v="ChIJs3b9oCQnQjER6h3oURZBvps" />
    <tag k="source:google_cid" v="11222478885573107178" />
    <tag k="source:url" v="https://www.google.com/maps/place/Tr%E1%BA%A1m+thu+ph%C3%AD+h%E1%BA%A7m+H%E1%BA%A3i+V%C3%A2n/data=!4m7!3m6!1s0x31422724a0fd76b3:0x9bbe411651e81dea!8m2!3d16.2285227!4d108.0847222!16s%2Fg%2F11c311d05k!19sChIJs3b9oCQnQjER6h3oURZBvps?authuser=0&amp;hl=vi&amp;rclk=1" />
    <tag k="ref:osm_match" v="vn-toll-osm-668605383" />
    <tag k="note:osm_match_name" v="Trạm Thu Phí Hải Vân" />
    <tag k="maps_vietnam:id" v="vn-toll-gmaps-chijs3b9ocqnqjer6h3ourzbvps" />
    <tag k="maps_vietnam:clean_status" v="auto_keep_unique" />
    <tag k="maps_vietnam:confidence" v="0.7" />
    <tag k="maps_vietnam:status" v="active" />
  </node>
  <node id="14000000057" lat="12.903225" lon="109.365703" version="1" timestamp="2026-06-11T02:34:07Z">
    <tag k="barrier" v="toll_booth" />
    <tag k="highway" v="toll_gantry" />
    <tag k="payment" v="etc" />
    <tag k="payment:etc" v="yes" />
    <tag k="toll" v="yes" />
    <tag k="name" v="Trạm thu phí Hầm Đèo Cả" />
    <tag k="addr:full" v="W938+77 Trạm Thu phí Hầm Đèo Cả, Hòa Xuân, Đắk Lắk, Việt Nam" />
    <tag k="addr:province" v="Đắk Lắk" />
    <tag k="source" v="maps-vietnam toll-station-pipeline" />
    <tag k="source:datasets" v="A_colleague;B_final" />
    <tag k="source:google_place_id" v="ChIJteMJOLPlbzERy1nNypqV4gs" />
    <tag k="source:google_cid" v="856411371213773259" />
    <tag k="source:url" v="https://www.google.com/maps/place/Tr%E1%BA%A1m+Thu+ph%C3%AD+H%E1%BA%A7m+%C4%90%C3%A8o+C%E1%BA%A3/data=!4m7!3m6!1s0x316fe5b33809e3b5:0xbe2959acacd59cb!8m2!3d12.9032248!4d109.365703!16s%2Fg%2F11rqncv7b2!19sChIJteMJOLPlbzERy1nNypqV4gs?authuser=0&amp;hl=vi&amp;rclk=1" />
    <tag k="ref:osm_match" v="vn-toll-osm-1177157173" />
    <tag k="note:osm_match_name" v="Trạm thu phí Hầm Đèo Cả" />
    <tag k="maps_vietnam:id" v="vn-toll-gmaps-chijtemjolplbzery1nnypqv4gs" />
    <tag k="maps_vietnam:clean_status" v="auto_keep_merge" />
    <tag k="maps_vietnam:confidence" v="0.7" />
    <tag k="maps_vietnam:status" v="active" />
  </node>
  <node id="14000000058" lat="21.49101" lon="106.371324" version="1" timestamp="2026-06-11T02:34:07Z">
    <tag k="barrier" v="toll_booth" />
    <tag k="highway" v="toll_gantry" />
    <tag k="payment" v="etc" />
    <tag k="payment:etc" v="yes" />
    <tag k="toll" v="yes" />
    <tag k="name" v="Trạm thu phí Hồ Sơn" />
    <tag k="addr:full" v="F9RC+CG4 Trạm Thu phí Hồ Sơn, Khu Tân Hoa, Xã, Hữu Lũng, Lạng Sơn, Việt Nam" />
    <tag k="addr:province" v="Lạng Sơn" />
    <tag k="source" v="maps-vietnam toll-station-pipeline" />
    <tag k="source:datasets" v="B_final" />
    <tag k="source:google_place_id" v="ChIJ55ZU7qFdNTER8-nW9wAilHw" />
    <tag k="source:google_cid" v="8976837344809642483" />
    <tag k="source:url" v="https://www.google.com/maps/place/Tr%E1%BA%A1m+Thu+ph%C3%AD+H%E1%BB%93+S%C6%A1n/data=!4m7!3m6!1s0x31355da1ee5496e7:0x7c942200f7d6e9f3!8m2!3d21.4910096!4d106.3713244!16s%2Fg%2F11j8t11bv0!19sChIJ55ZU7qFdNTER8-nW9wAilHw?authuser=0&amp;hl=vi&amp;rclk=1" />
    <tag k="ref:osm_match" v="vn-toll-osm-6837952528" />
    <tag k="note:osm_match_name" v="Trạm Thu phí Hồ Sơn" />
    <tag k="maps_vietnam:id" v="vn-toll-gmaps-chij55zu7qfdnter8-nw9wailhw" />
    <tag k="maps_vietnam:clean_status" v="auto_keep_unique" />
    <tag k="maps_vietnam:confidence" v="0.7" />
    <tag k="maps_vietnam:status" v="active" />
  </node>
  <node id="14000000059" lat="21.315908" lon="106.25888" version="1" timestamp="2026-06-11T02:34:07Z">
    <tag k="barrier" v="toll_booth" />
    <tag k="highway" v="toll_gantry" />
    <tag k="payment" v="etc" />
    <tag k="payment:etc" v="yes" />
    <tag k="toll" v="yes" />
    <tag k="name" v="Trạm thu phí Km 104 cao tốc Bắc Giang - Lạng Sơn" />
    <tag k="addr:full" v="8785+9H6 Trạm Thu phí Km 104 Cao tốc Bắc Giang - Lạng Sơn, Lạng Giang, Bắc Ninh, Việt Nam" />
    <tag k="addr:province" v="Bắc Giang" />
    <tag k="road" v="Cao Tốc Bắc Giang - Lạng Sơn 8785" />
    <tag k="source" v="maps-vietnam toll-station-pipeline" />
    <tag k="source:datasets" v="A_colleague;B_final" />
    <tag k="source:google_place_id" v="ChIJz1ErG79vNTERj9WPxSwipBo" />
    <tag k="source:google_cid" v="1919696916855117199" />
    <tag k="source:url" v="https://www.google.com/maps/place/Tr%E1%BA%A1m+Thu+ph%C3%AD+Km+104+Cao+t%E1%BB%91c+B%E1%BA%AFc+Giang+-+L%E1%BA%A1ng+S%C6%A1n/data=!4m7!3m6!1s0x31356fbf1b2b51cf:0x1aa4222cc58fd58f!8m2!3d21.3159083!4d106.2588803!16s%2Fg%2F11j92yjk63!19sChIJz1ErG79vNTERj9WPxSwipBo?authuser=0&amp;hl=vi&amp;rclk=1" />
    <tag k="ref:osm_match" v="vn-toll-osm-6837953448" />
    <tag k="note:osm_match_name" v="Trạm Thu phí Km104" />
    <tag k="maps_vietnam:id" v="vn-toll-gmaps-chijz1erg79vnterj9wpxswipbo" />
    <tag k="maps_vietnam:clean_status" v="auto_keep_merge" />
    <tag k="maps_vietnam:confidence" v="0.9" />
    <tag k="maps_vietnam:status" v="active" />
  </node>
  <node id="14000000060" lat="14.05472" lon="108.3294748" version="1" timestamp="2026-06-11T02:34:07Z">
    <tag k="barrier" v="toll_booth" />
    <tag k="highway" v="toll_gantry" />
    <tag k="payment" v="etc" />
    <tag k="payment:etc" v="yes" />
    <tag k="toll" v="yes" />
    <tag k="name" v="Trạm thu phí Km 124+720 Quốc lộ 19" />
    <tag k="addr:full" v="Hra, Gia Lai, Việt Nam" />
    <tag k="addr:province" v="Gia Lai" />
    <tag k="road" v="Quốc lộ 19" />
    <tag k="source" v="maps-vietnam toll-station-pipeline" />
    <tag k="source:datasets" v="A_colleague;B_final" />
    <tag k="source:google_place_id" v="ChIJu231AQC7bjERSOZYXQYdEVY" />
    <tag k="source:google_cid" v="0x316ebb0001f56dbb:0x56111d065d58e648" />
    <tag k="source:url" v="https://www.google.com/maps/place/Tr%E1%BA%A1m+Thu+ph%C3%AD+Km+124%2B720+Qu%E1%BB%91c+l%E1%BB%99+19/data=!4m7!3m6!1s0x316ebb0001f56dbb:0x56111d065d58e648!8m2!3d14.05472!4d108.3294748!16s%2Fg%2F11x0q_xdgw!19sChIJu231AQC7bjERSOZYXQYdEVY?authuser=0&amp;hl=vi&amp;rclk=1" />
    <tag k="note:osm_match_name" v="Trạm Thu phí Km 124+720 Quốc lộ 19" />
    <tag k="maps_vietnam:id" v="final-ChIJu231AQC7bjERSOZYXQYdEVY" />
    <tag k="maps_vietnam:clean_status" v="auto_keep_merge" />
    <tag k="maps_vietnam:confidence" v="0.8" />
    <tag k="maps_vietnam:status" v="active" />
  </node>
  <node id="14000000061" lat="22.3651385" lon="104.0808228" version="1" timestamp="2026-06-11T02:34:07Z">
    <tag k="barrier" v="toll_booth" />
    <tag k="highway" v="toll_gantry" />
    <tag k="payment" v="etc" />
    <tag k="payment:etc" v="yes" />
    <tag k="toll" v="yes" />
    <tag k="name" v="Trạm thu phí Km 237 cao tốc Hà Nội - Lào Cai" />
    <tag k="addr:full" v="938J+38, Gia Phú, Lào Cai, Việt Nam" />
    <tag k="addr:province" v="Lào Cai" />
    <tag k="road" v="Cao tốc Hà Nội - Lào Cai 938J" />
    <tag k="source" v="maps-vietnam toll-station-pipeline" />
    <tag k="source:datasets" v="A_colleague" />
    <tag k="source:google_place_id" v="ChIJWcejLwA9zTYROiHjs3JcDWg" />
    <tag k="source:google_cid" v="0x36cd3d002fa3c759:0x680d5c72b3e3213a" />
    <tag k="source:url" v="https://www.google.com/maps/place/Tr%E1%BA%A1m+Thu+ph%C3%AD+Km+237+Cao+t%E1%BB%91c+H%C3%A0+N%E1%BB%99i+-+L%C3%A0o+Cai/data=!4m7!3m6!1s0x36cd3d002fa3c759:0x680d5c72b3e3213a!8m2!3d22.3651385!4d104.0808228!16s%2Fg%2F11x32wb3mq!19sChIJWcejLwA9zTYROiHjs3JcDWg?authuser=0&amp;hl=vi&amp;rclk=1" />
    <tag k="maps_vietnam:id" v="vn-toll-clean-094" />
    <tag k="maps_vietnam:clean_status" v="auto_keep_unique" />
    <tag k="maps_vietnam:status" v="active" />
  </node>
  <node id="14000000062" lat="21.252714" lon="105.739648" version="1" timestamp="2026-06-11T02:34:07Z">
    <tag k="barrier" v="toll_booth" />
    <tag k="highway" v="toll_gantry" />
    <tag k="payment" v="etc" />
    <tag k="payment:etc" v="yes" />
    <tag k="toll" v="yes" />
    <tag k="name" v="Trạm thu phí Km 6 cao tốc Hà Nội - Lào Cai" />
    <tag k="addr:full" v="Trạm thu phí Cao tốc Nội Bài - Lào Cai, ĐCT05, Kim Anh, Hà Nội, Việt Nam" />
    <tag k="addr:province" v="Hà Nội" />
    <tag k="road" v="Cao Tốc Hà Nội - Lào Cai Trạm Thu Phí Cao Tốc Nội Bài - Lào Cai" />
    <tag k="source" v="maps-vietnam toll-station-pipeline" />
    <tag k="source:datasets" v="A_colleague;B_final" />
    <tag k="source:google_place_id" v="ChIJldceNYv9NDERu0_djGbTfGM" />
    <tag k="source:google_cid" v="7168837144270426043" />
    <tag k="source:url" v="https://www.google.com/maps/place/Tr%E1%BA%A1m+Thu+ph%C3%AD+Km+6+Cao+t%E1%BB%91c+H%C3%A0+N%E1%BB%99i+-+L%C3%A0o+Cai/data=!4m7!3m6!1s0x3134fd8b351ed795:0x637cd3668cdd4fbb!8m2!3d21.2527144!4d105.7396484!16s%2Fg%2F11h7t2ytcy!19sChIJldceNYv9NDERu0_djGbTfGM?authuser=0&amp;hl=vi&amp;rclk=1" />
    <tag k="ref:osm_match" v="vn-toll-osm-1329842882" />
    <tag k="note:osm_match_name" v="Trạm thu phí Nội Bài" />
    <tag k="maps_vietnam:id" v="vn-toll-gmaps-chijldcenyv9nderu0-djgbtfgm" />
    <tag k="maps_vietnam:clean_status" v="auto_keep_merge" />
    <tag k="maps_vietnam:confidence" v="0.9" />
    <tag k="maps_vietnam:status" v="active" />
  </node>
  <node id="14000000063" lat="21.686704" lon="106.62769" version="1" timestamp="2026-06-11T02:34:07Z">
    <tag k="barrier" v="toll_booth" />
    <tag k="highway" v="toll_gantry" />
    <tag k="payment" v="etc" />
    <tag k="payment:etc" v="yes" />
    <tag k="toll" v="yes" />
    <tag k="name" v="Trạm thu phí Km 45 - cao tốc Bắc - Nam phía Đông (Bắc Giang - Lạng Sơn)" />
    <tag k="addr:full" v="MJPH+M3P Trạm Thu Phí Km45 - Cao Tốc Bắc - Nam phía Đông (Bắc Giang - Lạng Sơn), Nhân Lý, Lạng Sơn, Việt Nam" />
    <tag k="addr:province" v="Bắc Giang" />
    <tag k="road" v="Cao Tốc Bắc - Nam Phía Đông" />
    <tag k="source" v="maps-vietnam toll-station-pipeline" />
    <tag k="source:datasets" v="A_colleague;B_final" />
    <tag k="source:google_place_id" v="ChIJfRnWDLqrSjERj0LihLAZQZ8" />
    <tag k="source:google_cid" v="11475481571451093647" />
    <tag k="source:url" v="https://www.google.com/maps/place/Tr%E1%BA%A1m+Thu+Ph%C3%AD+Km45+-+Cao+T%E1%BB%91c+B%E1%BA%AFc+-+Nam+ph%C3%ADa+%C4%90%C3%B4ng+%28B%E1%BA%AFc+Giang+-+L%E1%BA%A1ng+S%C6%A1n%29/data=!4m7!3m6!1s0x314aabba0cd6197d:0x9f4119b084e2428f!8m2!3d21.6867037!4d106.6276903!16s%2Fg%2F11k06t238d!19sChIJfRnWDLqrSjERj0LihLAZQZ8?authuser=0&amp;hl=vi&amp;rclk=1" />
    <tag k="ref:osm_match" v="vn-toll-osm-6837952271" />
    <tag k="note:osm_match_name" v="Trạm Thu phí Km45+100" />
    <tag k="maps_vietnam:id" v="vn-toll-gmaps-chijfrnwdlqrsjerj0lihlazqz8" />
    <tag k="maps_vietnam:clean_status" v="auto_keep_merge" />
    <tag k="maps_vietnam:confidence" v="0.9" />
    <tag k="maps_vietnam:status" v="active" />
  </node>
  <node id="14000000064" lat="11.5664985" lon="107.9987574" version="1" timestamp="2026-06-11T02:34:07Z">
    <tag k="barrier" v="toll_booth" />
    <tag k="highway" v="toll_gantry" />
    <tag k="payment" v="etc" />
    <tag k="payment:etc" v="yes" />
    <tag k="toll" v="yes" />
    <tag k="name" v="Trạm thu phí Liên Đầm" />
    <tag k="addr:full" v="QL20, Di Linh, Lâm Đồng, Việt Nam" />
    <tag k="addr:province" v="Lâm Đồng" />
    <tag k="road" v="QL20" />
    <tag k="source" v="maps-vietnam toll-station-pipeline" />
    <tag k="source:datasets" v="A_colleague;B_final" />
    <tag k="source:google_place_id" v="ChIJEUkHFIr-czERw4PbyAJb5bw" />
    <tag k="source:google_cid" v="0x3173fe8a14074911:0xbce55b02c8db83c3" />
    <tag k="source:url" v="https://www.google.com/maps/place/Tr%E1%BA%A1m+Thu+ph%C3%AD+Li%C3%AAn+%C4%90%E1%BA%A7m/data=!4m7!3m6!1s0x3173fe8a14074911:0xbce55b02c8db83c3!8m2!3d11.5664985!4d107.9987574!16s%2Fg%2F11cs0sdl_d!19sChIJEUkHFIr-czERw4PbyAJb5bw?authuser=0&amp;hl=vi&amp;rclk=1" />
    <tag k="note:osm_match_name" v="Trạm Thu phí Liên Đầm" />
    <tag k="maps_vietnam:id" v="final-ChIJEUkHFIr-czERw4PbyAJb5bw" />
    <tag k="maps_vietnam:clean_status" v="auto_keep_merge" />
    <tag k="maps_vietnam:confidence" v="0.8" />
    <tag k="maps_vietnam:status" v="active" />
  </node>
  <node id="14000000065" lat="10.785886" lon="106.851826" version="1" timestamp="2026-06-11T02:34:07Z">
    <tag k="barrier" v="toll_booth" />
    <tag k="highway" v="toll_gantry" />
    <tag k="payment" v="etc" />
    <tag k="payment:etc" v="yes" />
    <tag k="toll" v="yes" />
    <tag k="name" v="Trạm thu phí Long Phước" />
    <tag k="addr:full" v="Trạm thu phí Long Phước, Long Phước, Hồ Chí Minh, Việt Nam" />
    <tag k="addr:province" v="TP. Hồ Chí Minh" />
    <tag k="source" v="maps-vietnam toll-station-pipeline" />
    <tag k="source:datasets" v="A_colleague;B_final" />
    <tag k="source:google_place_id" v="ChIJAQAAZ2MhdTERythZP3_iy10" />
    <tag k="source:google_cid" v="6758744701951137994" />
    <tag k="source:url" v="https://www.google.com/maps/place/Tr%E1%BA%A1m+Thu+ph%C3%AD+Long+Ph%C6%B0%E1%BB%9Bc/data=!4m7!3m6!1s0x3175216367000001:0x5dcbe27f3f59d8ca!8m2!3d10.7858859!4d106.8518264!16s%2Fg%2F11cr_fbnvw!19sChIJAQAAZ2MhdTERythZP3_iy10?authuser=0&amp;hl=vi&amp;rclk=1" />
    <tag k="ref:osm_match" v="vn-toll-osm-631536968" />
    <tag k="note:osm_match_name" v="Trạm thu phí Long Phước" />
    <tag k="maps_vietnam:id" v="vn-toll-gmaps-chijaqaaz2mhdterythzp3-iy10" />
    <tag k="maps_vietnam:clean_status" v="auto_keep_merge" />
    <tag k="maps_vietnam:confidence" v="0.8" />
    <tag k="maps_vietnam:status" v="active" />
  </node>
  <node id="14000000066" lat="21.512378" lon="107.949864" version="1" timestamp="2026-06-11T02:34:07Z">
    <tag k="barrier" v="toll_booth" />
    <tag k="highway" v="toll_gantry" />
    <tag k="payment" v="etc" />
    <tag k="payment:etc" v="yes" />
    <tag k="toll" v="yes" />
    <tag k="name" v="Trạm thu phí Móng Cái" />
    <tag k="addr:full" v="GW6X+XW5 Trạm Thu phí Móng Cái, Móng Cái 2, Quảng Ninh, Việt Nam" />
    <tag k="addr:province" v="Quảng Ninh" />
    <tag k="source" v="maps-vietnam toll-station-pipeline" />
    <tag k="source:datasets" v="B_final" />
    <tag k="source:google_place_id" v="ChIJ67wnCHRRSzERYBGuJ3ZATiI" />
    <tag k="source:google_cid" v="2471984121689018720" />
    <tag k="source:url" v="https://www.google.com/maps/place/Tr%E1%BA%A1m+Thu+ph%C3%AD+M%C3%B3ng+C%C3%A1i/data=!4m7!3m6!1s0x314b51740827bceb:0x224e407627ae1160!8m2!3d21.5123783!4d107.9498637!16s%2Fg%2F11tdmb6x85!19sChIJ67wnCHRRSzERYBGuJ3ZATiI?authuser=0&amp;hl=vi&amp;rclk=1" />
    <tag k="ref:osm_match" v="vn-toll-osm-1483440873" />
    <tag k="note:osm_match_name" v="Trạm Thu phí Móng Cái" />
    <tag k="maps_vietnam:id" v="vn-toll-gmaps-chij67wnchrrszerybguj3zatii" />
    <tag k="maps_vietnam:clean_status" v="auto_keep_unique" />
    <tag k="maps_vietnam:confidence" v="0.8" />
    <tag k="maps_vietnam:status" v="active" />
  </node>
  <node id="14000000067" lat="20.447509" lon="106.119748" version="1" timestamp="2026-06-11T02:34:07Z">
    <tag k="barrier" v="toll_booth" />
    <tag k="highway" v="toll_gantry" />
    <tag k="payment" v="etc" />
    <tag k="payment:etc" v="yes" />
    <tag k="toll" v="yes" />
    <tag k="name" v="Trạm thu phí Mỹ Lộc" />
    <tag k="addr:full" v="C4X9+2V5 Trạm Thu phí Mỹ Lộc, Mỹ Lộc, Ninh Bình, Việt Nam" />
    <tag k="addr:province" v="Ninh Bình" />
    <tag k="source" v="maps-vietnam toll-station-pipeline" />
    <tag k="source:datasets" v="A_colleague;B_final" />
    <tag k="source:google_place_id" v="ChIJcW2-TMjdNTERI9CQcxvFgqI" />
    <tag k="source:google_cid" v="11710138702810370083" />
    <tag k="source:url" v="https://www.google.com/maps/place/Tr%E1%BA%A1m+Thu+ph%C3%AD+M%E1%BB%B9+L%E1%BB%99c/data=!4m7!3m6!1s0x3135ddc84cbe6d71:0xa282c51b7390d023!8m2!3d20.4475087!4d106.1197479!16s%2Fg%2F11c0xrzq1c!19sChIJcW2-TMjdNTERI9CQcxvFgqI?authuser=0&amp;hl=vi&amp;rclk=1" />
    <tag k="ref:osm_match" v="vn-toll-osm-2581153386" />
    <tag k="note:osm_match_name" v="Trạm thu phí Mỹ Lộc" />
    <tag k="maps_vietnam:id" v="vn-toll-gmaps-chijcw2-tmjdnteri9cqcxvfgqi" />
    <tag k="maps_vietnam:clean_status" v="auto_keep_merge" />
    <tag k="maps_vietnam:confidence" v="0.8" />
    <tag k="maps_vietnam:status" v="active" />
  </node>
  <node id="14000000068" lat="13.871314" lon="109.125422" version="1" timestamp="2026-06-11T02:34:07Z">
    <tag k="barrier" v="toll_booth" />
    <tag k="highway" v="toll_gantry" />
    <tag k="payment" v="etc" />
    <tag k="payment:etc" v="yes" />
    <tag k="toll" v="yes" />
    <tag k="name" v="Trạm thu phí Nam Bình Định" />
    <tag k="addr:full" v="V4CG+G5F Trạm Thu phí Nam Bình Định, AH1, An Nhơn Nam, Gia Lai, Việt Nam" />
    <tag k="addr:province" v="Bình Định" />
    <tag k="source" v="maps-vietnam toll-station-pipeline" />
    <tag k="source:datasets" v="A_colleague;B_final" />
    <tag k="source:google_place_id" v="ChIJW7x4LY4VbzERQhXh_N6qOzQ" />
    <tag k="source:google_cid" v="3763789788300252482" />
    <tag k="source:url" v="https://www.google.com/maps/place/Tr%E1%BA%A1m+Thu+ph%C3%AD+Nam+B%C3%ACnh+%C4%90%E1%BB%8Bnh/data=!4m7!3m6!1s0x316f158e2d78bc5b:0x343baadefce11542!8m2!3d13.871314!4d109.1254223!16s%2Fg%2F11cm1sqjy1!19sChIJW7x4LY4VbzERQhXh_N6qOzQ?authuser=0&amp;hl=vi&amp;rclk=1" />
    <tag k="ref:osm_match" v="vn-toll-osm-6950227536" />
    <tag k="note:osm_match_name" v="OSM toll 6950227536" />
    <tag k="maps_vietnam:id" v="vn-toll-gmaps-chijw7x4ly4vbzerqhxh-n6qozq" />
    <tag k="maps_vietnam:clean_status" v="auto_keep_merge" />
    <tag k="maps_vietnam:confidence" v="0.8" />
    <tag k="maps_vietnam:status" v="active" />
  </node>
  <node id="14000000069" lat="20.665174" lon="105.916606" version="1" timestamp="2026-06-11T02:34:07Z">
    <tag k="barrier" v="toll_booth" />
    <tag k="highway" v="toll_gantry" />
    <tag k="payment" v="etc" />
    <tag k="payment:etc" v="yes" />
    <tag k="toll" v="yes" />
    <tag k="name" v="Trạm thu phí Nam Cầu Giẽ" />
    <tag k="addr:full" v="Duy Hà, Ninh Bình, Việt Nam" />
    <tag k="addr:province" v="Ninh Bình" />
    <tag k="source" v="maps-vietnam toll-station-pipeline" />
    <tag k="source:datasets" v="A_colleague;B_final" />
    <tag k="source:google_place_id" v="ChIJPYlvTRvJNTERwkgKbtUn9cs" />
    <tag k="source:google_cid" v="14696696756621166786" />
    <tag k="source:url" v="https://www.google.com/maps/place/Tr%E1%BA%A1m+Thu+ph%C3%AD+Nam+C%E1%BA%A7u+Gi%E1%BA%BD/data=!4m7!3m6!1s0x3135c91b4d6f893d:0xcbf527d56e0a48c2!8m2!3d20.6651745!4d105.9166062!16s%2Fg%2F11b8_7fycf!19sChIJPYlvTRvJNTERwkgKbtUn9cs?authuser=0&amp;hl=vi&amp;rclk=1" />
    <tag k="ref:osm_match" v="vn-toll-osm-1274537951" />
    <tag k="note:osm_match_name" v="Trạm Thu Phí Cầu Giẽ Hà Nam" />
    <tag k="maps_vietnam:id" v="vn-toll-gmaps-chijpylvtrvjnterwkgkbtun9cs" />
    <tag k="maps_vietnam:clean_status" v="auto_keep_merge" />
    <tag k="maps_vietnam:confidence" v="0.8" />
    <tag k="maps_vietnam:status" v="active" />
  </node>
  <node id="14000000070" lat="12.444329" lon="109.120564" version="1" timestamp="2026-06-11T02:34:07Z">
    <tag k="barrier" v="toll_booth" />
    <tag k="highway" v="toll_gantry" />
    <tag k="payment" v="etc" />
    <tag k="payment:etc" v="yes" />
    <tag k="toll" v="yes" />
    <tag k="name" v="Trạm thu phí Ninh Lộc" />
    <tag k="addr:full" v="C4VC+P6P Trạm Thu phí Ninh Lộc, AH1, Nam Ninh Hòa, Khánh Hòa, Việt Nam" />
    <tag k="addr:province" v="Khánh Hòa" />
    <tag k="source" v="maps-vietnam toll-station-pipeline" />
    <tag k="source:datasets" v="A_colleague;B_final" />
    <tag k="source:google_place_id" v="ChIJcyiJxutAcDERa7cPBMuz5zU" />
    <tag k="source:google_cid" v="3884270888158213995" />
    <tag k="source:url" v="https://www.google.com/maps/place/Tr%E1%BA%A1m+Thu+ph%C3%AD+Ninh+L%E1%BB%99c/data=!4m7!3m6!1s0x317040ebc6892873:0x35e7b3cb040fb76b!8m2!3d12.4443288!4d109.1205638!16s%2Fg%2F11g8lv308h!19sChIJcyiJxutAcDERa7cPBMuz5zU?authuser=0&amp;hl=vi&amp;rclk=1" />
    <tag k="ref:osm_match" v="vn-toll-osm-6860612354" />
    <tag k="note:osm_match_name" v="Trạm Thu Phí Ninh An (Ninh Lộc)" />
    <tag k="maps_vietnam:id" v="vn-toll-gmaps-chijcyijxutacdera7cpbmuz5zu" />
    <tag k="maps_vietnam:clean_status" v="auto_keep_merge" />
    <tag k="maps_vietnam:confidence" v="0.8" />
    <tag k="maps_vietnam:status" v="active" />
  </node>
  <node id="14000000071" lat="15.890553" lon="108.173646" version="1" timestamp="2026-06-11T02:34:07Z">
    <tag k="barrier" v="toll_booth" />
    <tag k="highway" v="toll_gantry" />
    <tag k="payment" v="etc" />
    <tag k="payment:etc" v="yes" />
    <tag k="toll" v="yes" />
    <tag k="name" v="Trạm thu phí Phong Thử" />
    <tag k="addr:full" v="V5RF+6FC Trạm Thu phí Phong Thử, Điện Bàn Tây, Đà Nẵng, Việt Nam" />
    <tag k="addr:province" v="Đà Nẵng" />
    <tag k="source" v="maps-vietnam toll-station-pipeline" />
    <tag k="source:datasets" v="B_final" />
    <tag k="source:google_place_id" v="ChIJHeu4jPYEQjER0IEJu1YY09k" />
    <tag k="source:google_cid" v="15695915887100527056" />
    <tag k="source:url" v="https://www.google.com/maps/place/Tr%E1%BA%A1m+Thu+ph%C3%AD+Phong+Th%E1%BB%AD/data=!4m7!3m6!1s0x314204f68cb8eb1d:0xd9d31856bb0981d0!8m2!3d15.8905526!4d108.1736457!16s%2Fg%2F11gf9790vd!19sChIJHeu4jPYEQjER0IEJu1YY09k?authuser=0&amp;hl=vi&amp;rclk=1" />
    <tag k="ref:osm_match" v="vn-toll-osm-1374419135" />
    <tag k="note:osm_match_name" v="OSM toll 1374419135" />
    <tag k="maps_vietnam:id" v="vn-toll-gmaps-chijheu4jpyeqjer0ieju1yy09k" />
    <tag k="maps_vietnam:clean_status" v="auto_keep_unique" />
    <tag k="maps_vietnam:confidence" v="0.8" />
    <tag k="maps_vietnam:status" v="active" />
  </node>
  <node id="14000000072" lat="20.907514" lon="105.86138" version="1" timestamp="2026-06-11T02:34:07Z">
    <tag k="barrier" v="toll_booth" />
    <tag k="highway" v="toll_gantry" />
    <tag k="payment" v="etc" />
    <tag k="payment:etc" v="yes" />
    <tag k="toll" v="yes" />
    <tag k="name" v="Trạm thu phí Pháp Vân" />
    <tag k="addr:full" v="WV46+XF4 Trạm thu phí Pháp Vân, ĐCT Pháp Vân - Cầu Giẽ, Nam Phù, Hà Nội, Việt Nam" />
    <tag k="addr:province" v="Hà Nội" />
    <tag k="source" v="maps-vietnam toll-station-pipeline" />
    <tag k="source:datasets" v="A_colleague;B_final" />
    <tag k="source:google_place_id" v="ChIJ5UIXoOyzNTER1UOU4IMHE6Q" />
    <tag k="source:google_cid" v="11822801709767607253" />
    <tag k="source:url" v="https://www.google.com/maps/place/Tr%E1%BA%A1m+thu+ph%C3%AD+Ph%C3%A1p+V%C3%A2n/data=!4m7!3m6!1s0x3135b3eca01742e5:0xa4130783e09443d5!8m2!3d20.9075135!4d105.8613805!16s%2Fg%2F11t4928m1f!19sChIJ5UIXoOyzNTER1UOU4IMHE6Q?authuser=0&amp;hl=vi&amp;rclk=1" />
    <tag k="ref:osm_match" v="vn-toll-osm-1351999824" />
    <tag k="note:osm_match_name" v="Đường cao tốc Pháp Vân - Cầu Giẽ" />
    <tag k="maps_vietnam:id" v="vn-toll-gmaps-chij5uixooyznter1uou4imhe6q" />
    <tag k="maps_vietnam:clean_status" v="auto_keep_merge" />
    <tag k="maps_vietnam:confidence" v="0.8" />
    <tag k="maps_vietnam:status" v="active" />
  </node>
  <node id="14000000073" lat="21.390527" lon="105.330033" version="1" timestamp="2026-06-11T02:34:07Z">
    <tag k="barrier" v="toll_booth" />
    <tag k="highway" v="toll_gantry" />
    <tag k="payment" v="etc" />
    <tag k="payment:etc" v="yes" />
    <tag k="toll" v="yes" />
    <tag k="name" v="Trạm thu phí Phù Ninh (IC8)" />
    <tag k="addr:full" v="98RJ+627 Trạm Thu phí Phù Ninh (IC8), Phù Ninh, Phú Thọ, Việt Nam" />
    <tag k="addr:province" v="Phú Thọ" />
    <tag k="source" v="maps-vietnam toll-station-pipeline" />
    <tag k="source:datasets" v="B_final" />
    <tag k="source:google_place_id" v="ChIJ60NjJc-TNDERf1GktLbp6bM" />
    <tag k="source:google_cid" v="12964149973286670719" />
    <tag k="source:url" v="https://www.google.com/maps/place/Tr%E1%BA%A1m+Thu+ph%C3%AD+Ph%C3%B9+Ninh+%28IC8%29/data=!4m7!3m6!1s0x313493cf256343eb:0xb3e9e9b6b4a4517f!8m2!3d21.3905272!4d105.3300325!16s%2Fg%2F11ckkwq3tv!19sChIJ60NjJc-TNDERf1GktLbp6bM?authuser=0&amp;hl=vi&amp;rclk=1" />
    <tag k="ref:osm_match" v="vn-toll-osm-3992131737" />
    <tag k="note:osm_match_name" v="OSM toll 3992131737" />
    <tag k="maps_vietnam:id" v="vn-toll-gmaps-chij60njjc-tnderf1gktlbp6bm" />
    <tag k="maps_vietnam:clean_status" v="auto_keep_unique" />
    <tag k="maps_vietnam:confidence" v="0.7" />
    <tag k="maps_vietnam:status" v="active" />
  </node>
  <node id="14000000074" lat="16.370271" lon="107.724977" version="1" timestamp="2026-06-11T02:34:07Z">
    <tag k="barrier" v="toll_booth" />
    <tag k="highway" v="toll_gantry" />
    <tag k="payment" v="etc" />
    <tag k="payment:etc" v="yes" />
    <tag k="toll" v="yes" />
    <tag k="name" v="Trạm thu phí Phú Bài" />
    <tag k="addr:full" v="9PCF+4X5 Trạm Thu phí Phú Bài, AH1, Phú Bài, Huế, Việt Nam" />
    <tag k="addr:province" v="Huế" />
    <tag k="source" v="maps-vietnam toll-station-pipeline" />
    <tag k="source:datasets" v="A_colleague;B_final" />
    <tag k="source:google_place_id" v="ChIJ__-_Va6ZQTERGNgvVJpQ_Fo" />
    <tag k="source:google_cid" v="6556203781312206872" />
    <tag k="source:url" v="https://www.google.com/maps/place/Tr%E1%BA%A1m+Thu+ph%C3%AD+Ph%C3%BA+B%C3%A0i/data=!4m7!3m6!1s0x314199ae55bfffff:0x5afc509a542fd818!8m2!3d16.3702707!4d107.7249773!16s%2Fg%2F11c2k985mg!19sChIJ__-_Va6ZQTERGNgvVJpQ_Fo?authuser=0&amp;hl=vi&amp;rclk=1" />
    <tag k="ref:osm_match" v="vn-toll-osm-6860166455" />
    <tag k="note:osm_match_name" v="Trạm Thu Phí Phú Bài" />
    <tag k="maps_vietnam:id" v="vn-toll-gmaps-chij-va6zqtergngvvjpq-fo" />
    <tag k="maps_vietnam:clean_status" v="auto_keep_merge" />
    <tag k="maps_vietnam:confidence" v="0.7" />
    <tag k="maps_vietnam:status" v="active" />
  </node>
  <node id="14000000075" lat="21.423543" lon="105.230986" version="1" timestamp="2026-06-11T02:34:07Z">
    <tag k="barrier" v="toll_booth" />
    <tag k="highway" v="toll_gantry" />
    <tag k="payment" v="etc" />
    <tag k="payment:etc" v="yes" />
    <tag k="toll" v="yes" />
    <tag k="name" v="Trạm thu phí Phú Thọ (IC9)" />
    <tag k="addr:full" v="C6FJ+C99 Trạm Thu phí Phú Thọ (IC9), Nút giao IC9, Phú Thọ, Việt Nam" />
    <tag k="addr:province" v="Phú Thọ" />
    <tag k="source" v="maps-vietnam toll-station-pipeline" />
    <tag k="source:datasets" v="B_final" />
    <tag k="source:google_place_id" v="ChIJg8S9MaWQNDERQdIR_T0Q-iA" />
    <tag k="source:google_cid" v="2376229611816211009" />
    <tag k="source:url" v="https://www.google.com/maps/place/Tr%E1%BA%A1m+Thu+phi%CC%81+Ph%C3%BA+Th%E1%BB%8D+%28IC9%29/data=!4m7!3m6!1s0x313490a531bdc483:0x20fa103dfd11d241!8m2!3d21.4235429!4d105.2309862!16s%2Fg%2F11cn3rp_5d!19sChIJg8S9MaWQNDERQdIR_T0Q-iA?authuser=0&amp;hl=vi&amp;rclk=1" />
    <tag k="ref:osm_match" v="vn-toll-osm-6877650786" />
    <tag k="note:osm_match_name" v="OSM toll 6877650786" />
    <tag k="maps_vietnam:id" v="vn-toll-gmaps-chijg8s9mawqnderqdir-t0q-ia" />
    <tag k="maps_vietnam:clean_status" v="auto_keep_unique" />
    <tag k="maps_vietnam:confidence" v="0.7" />
    <tag k="maps_vietnam:status" v="active" />
  </node>
  <node id="14000000076" lat="21.116648" lon="106.276521" version="1" timestamp="2026-06-11T02:34:07Z">
    <tag k="barrier" v="toll_booth" />
    <tag k="highway" v="toll_gantry" />
    <tag k="payment" v="etc" />
    <tag k="payment:etc" v="yes" />
    <tag k="toll" v="yes" />
    <tag k="name" v="Trạm thu phí Phả Lại" />
    <tag k="addr:full" v="478G+MJ2 Trạm Thu phí Phả Lại, Phù Lãng, Bắc Ninh, Việt Nam" />
    <tag k="addr:province" v="Bắc Ninh" />
    <tag k="source" v="maps-vietnam toll-station-pipeline" />
    <tag k="source:datasets" v="A_colleague;B_final" />
    <tag k="source:google_place_id" v="ChIJ-b1_QMp3NTER5hrm1tmd6dE" />
    <tag k="source:google_cid" v="15125794382439389926" />
    <tag k="source:url" v="https://www.google.com/maps/place/Tr%E1%BA%A1m+Thu+ph%C3%AD+Ph%E1%BA%A3+L%E1%BA%A1i/data=!4m7!3m6!1s0x313577ca407fbdf9:0xd1e99dd9d6e61ae6!8m2!3d21.116648!4d106.2765208!16s%2Fg%2F11h6nswrsr!19sChIJ-b1_QMp3NTER5hrm1tmd6dE?authuser=0&amp;hl=vi&amp;rclk=1" />
    <tag k="ref:osm_match" v="vn-toll-osm-13602049340" />
    <tag k="note:osm_match_name" v="OSM toll 13602049340" />
    <tag k="maps_vietnam:id" v="vn-toll-gmaps-chij-b1-qmp3nter5hrm1tmd6de" />
    <tag k="maps_vietnam:clean_status" v="auto_keep_merge" />
    <tag k="maps_vietnam:confidence" v="0.7" />
    <tag k="maps_vietnam:status" v="active" />
  </node>
  <node id="14000000077" lat="20.8552617" lon="106.120794" version="1" timestamp="2026-06-11T02:34:07Z">
    <tag k="barrier" v="toll_booth" />
    <tag k="highway" v="toll_gantry" />
    <tag k="payment" v="etc" />
    <tag k="payment:etc" v="yes" />
    <tag k="toll" v="yes" />
    <tag k="name" v="Trạm thu phí Quốc lộ 5B" />
    <tag k="addr:full" v="V439+JWF, Đỗ Mỹ, Phạm Ngũ Lão, Hưng Yên, Việt Nam" />
    <tag k="addr:province" v="Hưng Yên" />
    <tag k="road" v="QL5B" />
    <tag k="source" v="maps-vietnam toll-station-pipeline" />
    <tag k="source:datasets" v="A_colleague" />
    <tag k="source:google_place_id" v="ChIJhS5beAC9NTERIUDy-sZxDXk" />
    <tag k="source:google_cid" v="0x3135bd00785b2e85:0x790d71c6faf24021" />
    <tag k="source:url" v="https://www.google.com/maps/place/Tr%E1%BA%A1m+thu+ph%C3%AD+QL+5B/data=!4m7!3m6!1s0x3135bd00785b2e85:0x790d71c6faf24021!8m2!3d20.8552617!4d106.120794!16s%2Fg%2F11x141gp5b!19sChIJhS5beAC9NTERIUDy-sZxDXk?authuser=0&amp;hl=vi&amp;rclk=1" />
    <tag k="maps_vietnam:id" v="vn-toll-clean-086" />
    <tag k="maps_vietnam:clean_status" v="auto_keep_unique" />
    <tag k="maps_vietnam:status" v="active" />
  </node>
  <node id="14000000078" lat="17.39189" lon="106.646929" version="1" timestamp="2026-06-11T02:34:07Z">
    <tag k="barrier" v="toll_booth" />
    <tag k="highway" v="toll_gantry" />
    <tag k="payment" v="etc" />
    <tag k="payment:etc" v="yes" />
    <tag k="toll" v="yes" />
    <tag k="name" v="Trạm thu phí Quán Hàu" />
    <tag k="addr:full" v="AH1, Quảng Ninh, Quảng Trị, Việt Nam" />
    <tag k="addr:province" v="Quảng Trị" />
    <tag k="source" v="maps-vietnam toll-station-pipeline" />
    <tag k="source:datasets" v="B_final" />
    <tag k="source:google_place_id" v="ChIJVVXFgZlTRzER3n0b0tRGhQ8" />
    <tag k="source:google_cid" v="1118377962343464414" />
    <tag k="source:url" v="https://www.google.com/maps/place/Tr%E1%BA%A1m+Thu+ph%C3%AD+Qu%C3%A1n+H%C3%A0u/data=!4m7!3m6!1s0x3147539981c55555:0xf8546d4d21b7dde!8m2!3d17.3918904!4d106.6469287!16s%2Fg%2F11cs3j_h5z!19sChIJVVXFgZlTRzER3n0b0tRGhQ8?authuser=0&amp;hl=vi&amp;rclk=1" />
    <tag k="ref:osm_match" v="vn-toll-osm-1175282468" />
    <tag k="note:osm_match_name" v="Trạm thu phí Quán Hàu" />
    <tag k="maps_vietnam:id" v="vn-toll-gmaps-chijvvxfgzltrzer3n0b0trghq8" />
    <tag k="maps_vietnam:clean_status" v="auto_keep_unique" />
    <tag k="maps_vietnam:confidence" v="0.8" />
    <tag k="maps_vietnam:status" v="active" />
  </node>
  <node id="14000000079" lat="15.109507" lon="108.757688" version="1" timestamp="2026-06-11T02:34:07Z">
    <tag k="barrier" v="toll_booth" />
    <tag k="highway" v="toll_gantry" />
    <tag k="payment" v="etc" />
    <tag k="payment:etc" v="yes" />
    <tag k="toll" v="yes" />
    <tag k="name" v="Trạm thu phí Quảng Ngãi" />
    <tag k="addr:full" v="4Q55+R34 Trạm Thu phí Quảng Ngãi, Nghĩa Giang, Quảng Ngãi, Việt Nam" />
    <tag k="addr:province" v="Quảng Ngãi" />
    <tag k="source" v="maps-vietnam toll-station-pipeline" />
    <tag k="source:datasets" v="B_final" />
    <tag k="source:google_place_id" v="ChIJCYH3uzmtaTER2xoYt6Row9E" />
    <tag k="source:google_cid" v="15115039831041252059" />
    <tag k="source:url" v="https://www.google.com/maps/place/Tr%E1%BA%A1m+Thu+ph%C3%AD+Qu%E1%BA%A3ng+Ng%C3%A3i/data=!4m7!3m6!1s0x3169ad39bbf78109:0xd1c368a4b7181adb!8m2!3d15.1095073!4d108.7576878!16s%2Fg%2F11h09px2dj!19sChIJCYH3uzmtaTER2xoYt6Row9E?authuser=0&amp;hl=vi&amp;rclk=1" />
    <tag k="ref:osm_match" v="vn-toll-osm-1374419109" />
    <tag k="note:osm_match_name" v="Trạm thu phí Quảng Ngãi - Đà Nẵng Km130" />
    <tag k="maps_vietnam:id" v="vn-toll-gmaps-chijcyh3uzmtater2xoyt6row9e" />
    <tag k="maps_vietnam:clean_status" v="auto_keep_unique" />
    <tag k="maps_vietnam:confidence" v="0.8" />
    <tag k="maps_vietnam:status" v="active" />
  </node>
  <node id="14000000080" lat="20.9647965" lon="106.5191627" version="1" timestamp="2026-06-11T02:34:07Z">
    <tag k="barrier" v="toll_booth" />
    <tag k="highway" v="toll_gantry" />
    <tag k="payment" v="etc" />
    <tag k="payment:etc" v="yes" />
    <tag k="toll" v="yes" />
    <tag k="name" v="Trạm thu phí Quốc lộ 17B" />
    <tag k="addr:full" v="XG79+WM7, ĐT388, Phú Thái, Hải Phòng, Việt Nam" />
    <tag k="addr:province" v="Hải Phòng" />
    <tag k="road" v="Quốc lộ 17B" />
    <tag k="source" v="maps-vietnam toll-station-pipeline" />
    <tag k="source:datasets" v="A_colleague" />
    <tag k="source:google_place_id" v="ChIJl_ANhb2ANTERHQqNVTLmHzA" />
    <tag k="source:google_cid" v="0x313580bd850df097:0x301fe632558d0a1d" />
    <tag k="source:url" v="https://www.google.com/maps/place/Tr%E1%BA%A1m+Thu+ph%C3%AD+Qu%E1%BB%91c+l%E1%BB%99+17B/data=!4m7!3m6!1s0x313580bd850df097:0x301fe632558d0a1d!8m2!3d20.9647965!4d106.5191627!16s%2Fg%2F11b682ndvk!19sChIJl_ANhb2ANTERHQqNVTLmHzA?authuser=0&amp;hl=vi&amp;rclk=1" />
    <tag k="maps_vietnam:id" v="vn-toll-clean-087" />
    <tag k="maps_vietnam:clean_status" v="auto_keep_unique" />
    <tag k="maps_vietnam:status" v="active" />
  </node>
  <node id="14000000081" lat="20.986069" lon="106.90282" version="1" timestamp="2026-06-11T02:34:07Z">
    <tag k="barrier" v="toll_booth" />
    <tag k="highway" v="toll_gantry" />
    <tag k="payment" v="etc" />
    <tag k="payment:etc" v="yes" />
    <tag k="toll" v="yes" />
    <tag k="name" v="Trạm thu phí quốc lộ 18 - Đại Yên" />
    <tag k="addr:full" v="XWP3+C4G Trạm thu phí quốc lộ 18 - Đại Yên, Tuần Châu, Quảng Ninh, Việt Nam" />
    <tag k="addr:province" v="Quảng Ninh" />
    <tag k="road" v="QL18" />
    <tag k="source" v="maps-vietnam toll-station-pipeline" />
    <tag k="source:datasets" v="A_colleague;B_final" />
    <tag k="source:google_place_id" v="ChIJmZDSCgVgSjER8vf1A48ywnY" />
    <tag k="source:google_cid" v="8557457831785527282" />
    <tag k="source:url" v="https://www.google.com/maps/place/Tr%E1%BA%A1m+thu+ph%C3%AD+qu%E1%BB%91c+l%E1%BB%99+18+-+%C4%90%E1%BA%A1i+Y%C3%AAn/data=!4m7!3m6!1s0x314a60050ad29099:0x76c2328f03f5f7f2!8m2!3d20.986069!4d106.9028201!16s%2Fg%2F11c56rdw99!19sChIJmZDSCgVgSjER8vf1A48ywnY?authuser=0&amp;hl=vi&amp;rclk=1" />
    <tag k="ref:osm_match" v="vn-toll-osm-12788166743" />
    <tag k="note:osm_match_name" v="Trạm Thu Phí Đại Yên" />
    <tag k="maps_vietnam:id" v="vn-toll-gmaps-chijmzdscgvgsjer8vf1a48ywny" />
    <tag k="maps_vietnam:clean_status" v="auto_keep_merge" />
    <tag k="maps_vietnam:confidence" v="0.9" />
    <tag k="maps_vietnam:status" v="active" />
  </node>
  <node id="14000000082" lat="21.6205522" lon="106.5586596" version="1" timestamp="2026-06-11T02:34:07Z">
    <tag k="barrier" v="toll_booth" />
    <tag k="highway" v="toll_gantry" />
    <tag k="payment" v="etc" />
    <tag k="payment:etc" v="yes" />
    <tag k="toll" v="yes" />
    <tag k="name" v="Trạm thu phí Quốc lộ 279" />
    <tag k="addr:full" v="JHC5+6FF, ĐCT Bắc Giang - Lạng Sơn, Chi Lăng, Lạng Sơn, Việt Nam" />
    <tag k="addr:province" v="Lạng Sơn" />
    <tag k="road" v="Quốc lộ 279" />
    <tag k="source" v="maps-vietnam toll-station-pipeline" />
    <tag k="source:datasets" v="A_colleague" />
    <tag k="source:google_cid" v="0x314aa94675f122f7:0x34b7d4deee34ac21" />
    <tag k="source:url" v="https://www.google.com/maps/place/Tr%E1%BA%A1m+Thu+ph%C3%AD+Qu%E1%BB%91c+l%E1%BB%99+279/@21.6205522,106.5586596,17z/data=!3m1!4b1!4m6!3m5!1s0x314aa94675f122f7:0x34b7d4deee34ac21!8m2!3d21.6205522!4d106.5586596!16s%2Fg%2F11j8l2s317?entry=ttu&amp;g_ep=EgoyMDI2MDYwMS4wIKXMDSoASAFQAw%3D%3D" />
    <tag k="maps_vietnam:id" v="vn-toll-clean-022" />
    <tag k="maps_vietnam:clean_status" v="auto_keep_merge" />
    <tag k="maps_vietnam:status" v="active" />
  </node>
  <node id="14000000083" lat="21.3890365" lon="106.3022951" version="1" timestamp="2026-06-11T02:34:07Z">
    <tag k="barrier" v="toll_booth" />
    <tag k="highway" v="toll_gantry" />
    <tag k="payment" v="etc" />
    <tag k="payment:etc" v="yes" />
    <tag k="toll" v="yes" />
    <tag k="name" v="Trạm thu phí Quốc lộ 37" />
    <tag k="addr:full" v="98Q2+JW7, Kép, Bắc Ninh, Việt Nam" />
    <tag k="addr:province" v="Bắc Ninh" />
    <tag k="road" v="Quốc lộ 37" />
    <tag k="source" v="maps-vietnam toll-station-pipeline" />
    <tag k="source:datasets" v="A_colleague" />
    <tag k="source:google_place_id" v="ChIJMc8d8iFpNTEReOR_rSBkV0Y" />
    <tag k="source:google_cid" v="0x31356921f21dcf31:0x46576420ad7fe478" />
    <tag k="source:url" v="https://www.google.com/maps/place/Tr%E1%BA%A1m+Thu+ph%C3%AD+Qu%E1%BB%91c+l%E1%BB%99+37/data=!4m7!3m6!1s0x31356921f21dcf31:0x46576420ad7fe478!8m2!3d21.3890365!4d106.3022951!16s%2Fg%2F11ft1v960g!19sChIJMc8d8iFpNTEReOR_rSBkV0Y?authuser=0&amp;hl=vi&amp;rclk=1" />
    <tag k="maps_vietnam:id" v="vn-toll-clean-092" />
    <tag k="maps_vietnam:clean_status" v="auto_keep_unique" />
    <tag k="maps_vietnam:status" v="active" />
  </node>
  <node id="14000000084" lat="10.765217" lon="106.956554" version="1" timestamp="2026-06-11T02:34:07Z">
    <tag k="barrier" v="toll_booth" />
    <tag k="highway" v="toll_gantry" />
    <tag k="payment" v="etc" />
    <tag k="payment:etc" v="yes" />
    <tag k="toll" v="yes" />
    <tag k="name" v="Trạm thu phí Quốc lộ 51" />
    <tag k="addr:full" v="QX84+3JM Trạm Thu phí Quốc lộ 51, Long Thành, Đồng Nai, Việt Nam" />
    <tag k="addr:province" v="Đồng Nai" />
    <tag k="road" v="QL51" />
    <tag k="source" v="maps-vietnam toll-station-pipeline" />
    <tag k="source:datasets" v="A_colleague;B_final" />
    <tag k="source:google_place_id" v="ChIJRY_ACdcYdTERL_81xybzBtA" />
    <tag k="source:google_cid" v="14989935757625786159" />
    <tag k="source:url" v="https://www.google.com/maps/place/Tr%E1%BA%A1m+Thu+ph%C3%AD+Qu%E1%BB%91c+l%E1%BB%99+51/data=!4m7!3m6!1s0x317518d709c08f45:0xd006f326c735ff2f!8m2!3d10.7652167!4d106.9565542!16s%2Fg%2F11g8yfsdks!19sChIJRY_ACdcYdTERL_81xybzBtA?authuser=0&amp;hl=vi&amp;rclk=1" />
    <tag k="ref:osm_match" v="vn-toll-osm-5606336350" />
    <tag k="note:osm_match_name" v="Trạm Thu phí Quốc lộ 51" />
    <tag k="maps_vietnam:id" v="vn-toll-gmaps-chijry-acdcydterl-81xybzbta" />
    <tag k="maps_vietnam:clean_status" v="auto_keep_merge" />
    <tag k="maps_vietnam:confidence" v="0.9" />
    <tag k="maps_vietnam:status" v="active" />
  </node>
  <node id="14000000085" lat="12.178763" lon="109.058643" version="1" timestamp="2026-06-11T02:34:07Z">
    <tag k="barrier" v="toll_booth" />
    <tag k="highway" v="toll_gantry" />
    <tag k="payment" v="etc" />
    <tag k="payment:etc" v="yes" />
    <tag k="toll" v="yes" />
    <tag k="name" v="Trạm thu phí Suối Dầu" />
    <tag k="addr:full" v="53H5+MHQ Trạm Thu phí Suối Dầu, Suối Dầu, Khánh Hòa, Việt Nam" />
    <tag k="addr:province" v="Khánh Hòa" />
    <tag k="source" v="maps-vietnam toll-station-pipeline" />
    <tag k="source:datasets" v="A_colleague;B_final" />
    <tag k="source:google_place_id" v="ChIJz9dyLgBZcDERYflmMd4qeOM" />
    <tag k="source:google_cid" v="16390897977614858593" />
    <tag k="source:url" v="https://www.google.com/maps/place/Tr%E1%BA%A1m+Thu+ph%C3%AD+Su%E1%BB%91i+D%E1%BA%A7u/data=!4m7!3m6!1s0x317059002e72d7cf:0xe3782ade3166f961!8m2!3d12.1787627!4d109.0586434!16s%2Fg%2F11vwyh2tsx!19sChIJz9dyLgBZcDERYflmMd4qeOM?authuser=0&amp;hl=vi&amp;rclk=1" />
    <tag k="ref:osm_match" v="vn-toll-osm-1132445126" />
    <tag k="note:osm_match_name" v="Đi Cao tốc Nha Trang - Cam Lâm" />
    <tag k="maps_vietnam:id" v="vn-toll-gmaps-chijz9dylgbzcderyflmmd4qeom" />
    <tag k="maps_vietnam:clean_status" v="auto_keep_merge" />
    <tag k="maps_vietnam:confidence" v="0.8" />
    <tag k="maps_vietnam:status" v="active" />
  </node>
  <node id="14000000086" lat="11.005237" lon="106.64563" version="1" timestamp="2026-06-11T02:34:07Z">
    <tag k="barrier" v="toll_booth" />
    <tag k="highway" v="toll_gantry" />
    <tag k="payment" v="etc" />
    <tag k="payment:etc" v="yes" />
    <tag k="toll" v="yes" />
    <tag k="name" v="Trạm thu phí Suối Giữa" />
    <tag k="addr:full" v="2J4W+37R Trạm Thu phí Suối Giữa, Đại lộ Bình Dương, Chánh Hiệp, Hồ Chí Minh, Việt Nam" />
    <tag k="addr:province" v="TP. Hồ Chí Minh" />
    <tag k="source" v="maps-vietnam toll-station-pipeline" />
    <tag k="source:datasets" v="A_colleague;B_final" />
    <tag k="source:google_place_id" v="ChIJMfpu1ijRdDERiLkoeLfT8iE" />
    <tag k="source:google_cid" v="2446250332564011400" />
    <tag k="source:url" v="https://www.google.com/maps/place/Tr%E1%BA%A1m+Thu+ph%C3%AD+Su%E1%BB%91i+Gi%E1%BB%AFa/data=!4m7!3m6!1s0x3174d128d66efa31:0x21f2d3b77828b988!8m2!3d11.0052367!4d106.6456296!16s%2Fg%2F1td67ckn!19sChIJMfpu1ijRdDERiLkoeLfT8iE?authuser=0&amp;hl=vi&amp;rclk=1" />
    <tag k="ref:osm_match" v="vn-toll-osm-1012928174" />
    <tag k="note:osm_match_name" v="Trạm thu phí Suối Giữa" />
    <tag k="maps_vietnam:id" v="vn-toll-gmaps-chijmfpu1ijrdderilkoelft8ie" />
    <tag k="maps_vietnam:clean_status" v="auto_keep_merge" />
    <tag k="maps_vietnam:confidence" v="0.8" />
    <tag k="maps_vietnam:status" v="active" />
  </node>
  <node id="14000000087" lat="14.0072709" lon="108.0048155" version="1" timestamp="2026-06-11T02:34:07Z">
    <tag k="barrier" v="toll_booth" />
    <tag k="highway" v="toll_gantry" />
    <tag k="payment" v="etc" />
    <tag k="payment:etc" v="yes" />
    <tag k="toll" v="yes" />
    <tag k="name" v="Trạm thu phí Sân bay Pleiku" />
    <tag k="addr:full" v="2 vũ đức cường, Thống Nhất, Gia Lai 600000, Việt Nam" />
    <tag k="addr:province" v="Gia Lai 600000" />
    <tag k="source" v="maps-vietnam toll-station-pipeline" />
    <tag k="source:datasets" v="A_colleague" />
    <tag k="source:google_place_id" v="ChIJp6Tm68QfbDERr1sLRy0LVNo" />
    <tag k="source:google_cid" v="0x316c1fc4ebe6a4a7:0xda540b2d470b5baf" />
    <tag k="source:url" v="https://www.google.com/maps/place/Tr%E1%BA%A1m+Thu+ph%C3%AD+S%C3%A2n+bay+Pleiku/data=!4m7!3m6!1s0x316c1fc4ebe6a4a7:0xda540b2d470b5baf!8m2!3d14.0072709!4d108.0048155!16s%2Fg%2F11s23zhmc8!19sChIJp6Tm68QfbDERr1sLRy0LVNo?authuser=0&amp;hl=vi&amp;rclk=1" />
    <tag k="maps_vietnam:id" v="vn-toll-clean-088" />
    <tag k="maps_vietnam:clean_status" v="auto_keep_unique" />
    <tag k="maps_vietnam:status" v="active" />
  </node>
  <node id="14000000088" lat="11.203574" lon="108.32627" version="1" timestamp="2026-06-11T02:34:07Z">
    <tag k="barrier" v="toll_booth" />
    <tag k="highway" v="toll_gantry" />
    <tag k="payment" v="etc" />
    <tag k="payment:etc" v="yes" />
    <tag k="toll" v="yes" />
    <tag k="name" v="Trạm thu phí Sông Lũy" />
    <tag k="addr:full" v="683G+CGC Trạm Thu phí Sông Lũy, Sông Lũy, Lâm Đồng, Việt Nam" />
    <tag k="addr:province" v="Lâm Đồng" />
    <tag k="source" v="maps-vietnam toll-station-pipeline" />
    <tag k="source:datasets" v="B_final" />
    <tag k="source:google_place_id" v="ChIJm6TQURu8djERaN-pVWKIIL0" />
    <tag k="source:google_cid" v="13628042428348489576" />
    <tag k="source:url" v="https://www.google.com/maps/place/Tr%E1%BA%A1m+Thu+ph%C3%AD+S%C3%B4ng+L%C5%A9y/data=!4m7!3m6!1s0x3176bc1b51d0a49b:0xbd20886255a9df68!8m2!3d11.2035737!4d108.3262705!16s%2Fg%2F11dzdw2b94!19sChIJm6TQURu8djERaN-pVWKIIL0?authuser=0&amp;hl=vi&amp;rclk=1" />
    <tag k="ref:osm_match" v="vn-toll-osm-10198616916" />
    <tag k="note:osm_match_name" v="OSM toll 10198616916" />
    <tag k="maps_vietnam:id" v="vn-toll-gmaps-chijm6tquru8djeran-pvwkiil0" />
    <tag k="maps_vietnam:clean_status" v="auto_keep_unique" />
    <tag k="maps_vietnam:confidence" v="0.8" />
    <tag k="maps_vietnam:status" v="active" />
  </node>
  <node id="14000000089" lat="10.875323" lon="107.931343" version="1" timestamp="2026-06-11T02:34:07Z">
    <tag k="barrier" v="toll_booth" />
    <tag k="highway" v="toll_gantry" />
    <tag k="payment" v="etc" />
    <tag k="payment:etc" v="yes" />
    <tag k="toll" v="yes" />
    <tag k="name" v="Trạm thu phí Sông Phan" />
    <tag k="addr:full" v="AH1, Hàm Thuận Nam, Lâm Đồng, Việt Nam" />
    <tag k="addr:province" v="Lâm Đồng" />
    <tag k="source" v="maps-vietnam toll-station-pipeline" />
    <tag k="source:datasets" v="A_colleague;B_final" />
    <tag k="source:google_place_id" v="ChIJUyF92xUsdDERP1Zo6R1UEQo" />
    <tag k="source:google_cid" v="725453502430074431" />
    <tag k="source:url" v="https://www.google.com/maps/place/Tr%E1%BA%A1m+Thu+ph%C3%AD+S%C3%B4ng+Phan/data=!4m7!3m6!1s0x31742c15db7d2153:0xa11541de968563f!8m2!3d10.8753228!4d107.9313434!16s%2Fg%2F11c59txqjd!19sChIJUyF92xUsdDERP1Zo6R1UEQo?authuser=0&amp;hl=vi&amp;rclk=1" />
    <tag k="ref:osm_match" v="vn-toll-osm-1588276876" />
    <tag k="note:osm_match_name" v="OSM toll 1588276876" />
    <tag k="maps_vietnam:id" v="vn-toll-gmaps-chijuyf92xusdderp1zo6r1ueqo" />
    <tag k="maps_vietnam:clean_status" v="auto_keep_merge" />
    <tag k="maps_vietnam:confidence" v="0.8" />
    <tag k="maps_vietnam:status" v="active" />
  </node>
  <node id="14000000090" lat="20.949337" lon="106.012557" version="1" timestamp="2026-06-11T02:34:07Z">
    <tag k="barrier" v="toll_booth" />
    <tag k="highway" v="toll_gantry" />
    <tag k="payment" v="etc" />
    <tag k="payment:etc" v="yes" />
    <tag k="toll" v="yes" />
    <tag k="name" v="Trạm thu phí Số 1 - Quốc lộ 5" />
    <tag k="addr:full" v="W2X7+P2M Trạm Thu phí Số 1 - Quốc lộ 5, QL5, Như Quỳnh, Hưng Yên, Việt Nam" />
    <tag k="addr:province" v="Hưng Yên" />
    <tag k="road" v="QL5" />
    <tag k="source" v="maps-vietnam toll-station-pipeline" />
    <tag k="source:datasets" v="A_colleague;B_final" />
    <tag k="source:google_place_id" v="ChIJh4YpGmGlNTERFfP5cS-xI3k" />
    <tag k="source:google_cid" v="8729015320107938581" />
    <tag k="source:url" v="https://www.google.com/maps/place/Tr%E1%BA%A1m+Thu+ph%C3%AD+S%E1%BB%91+1+-+Qu%E1%BB%91c+l%E1%BB%99+5/data=!4m7!3m6!1s0x3135a5611a298687:0x7923b12f71f9f315!8m2!3d20.9493367!4d106.0125573!16s%2Fg%2F11mprbskjr!19sChIJh4YpGmGlNTERFfP5cS-xI3k?authuser=0&amp;hl=vi&amp;rclk=1" />
    <tag k="ref:osm_match" v="vn-toll-osm-481837637" />
    <tag k="note:osm_match_name" v="Trạm thu phí số 1" />
    <tag k="maps_vietnam:id" v="vn-toll-gmaps-chijh4ypgmglnterffp5cs-xi3k" />
    <tag k="maps_vietnam:clean_status" v="auto_keep_merge" />
    <tag k="maps_vietnam:confidence" v="0.8" />
    <tag k="maps_vietnam:status" v="active" />
  </node>
  <node id="14000000091" lat="20.9085704" lon="106.5726339" version="1" timestamp="2026-06-11T02:34:07Z">
    <tag k="barrier" v="toll_booth" />
    <tag k="highway" v="toll_gantry" />
    <tag k="payment" v="etc" />
    <tag k="payment:etc" v="yes" />
    <tag k="toll" v="yes" />
    <tag k="name" v="Trạm thu phí Số 2 - Quốc lộ 5" />
    <tag k="addr:full" v="QL5 chợ Hỗ, Hồng An, Hải Phòng, Việt Nam" />
    <tag k="addr:province" v="Hải Phòng" />
    <tag k="road" v="QL5" />
    <tag k="source" v="maps-vietnam toll-station-pipeline" />
    <tag k="source:datasets" v="A_colleague;B_final" />
    <tag k="source:google_place_id" v="ChIJ4dEMbuZ4SjERLJAkCqZ65Ac" />
    <tag k="source:google_cid" v="0x314a78e66e0cd1e1:0x7e47aa60a24902c" />
    <tag k="source:url" v="https://www.google.com/maps/place/Tr%E1%BA%A1m+Thu+ph%C3%AD+S%E1%BB%91+2+-+Qu%E1%BB%91c+l%E1%BB%99+5/data=!4m7!3m6!1s0x314a78e66e0cd1e1:0x7e47aa60a24902c!8m2!3d20.9085704!4d106.5726339!16s%2Fg%2F1hc4yhvrv!19sChIJ4dEMbuZ4SjERLJAkCqZ65Ac?authuser=0&amp;hl=vi&amp;rclk=1" />
    <tag k="ref:osm_match" v="vn-toll-osm-10185562123" />
    <tag k="note:osm_match_name" v="OSM toll 10185562123" />
    <tag k="maps_vietnam:id" v="final-ChIJ4dEMbuZ4SjERLJAkCqZ65Ac" />
    <tag k="maps_vietnam:clean_status" v="auto_keep_merge" />
    <tag k="maps_vietnam:confidence" v="0.8" />
    <tag k="maps_vietnam:status" v="active" />
  </node>
  <node id="14000000092" lat="15.548535" lon="108.518476" version="1" timestamp="2026-06-11T02:34:07Z">
    <tag k="barrier" v="toll_booth" />
    <tag k="highway" v="toll_gantry" />
    <tag k="payment" v="etc" />
    <tag k="payment:etc" v="yes" />
    <tag k="toll" v="yes" />
    <tag k="name" v="Trạm thu phí Tam Kỳ" />
    <tag k="addr:full" v="GGX9+C99 Trạm Thu phí Tam Kỳ, QL1A, Tam Xuân, Đà Nẵng, Việt Nam" />
    <tag k="addr:province" v="Đà Nẵng" />
    <tag k="road" v="QL1A" />
    <tag k="source" v="maps-vietnam toll-station-pipeline" />
    <tag k="source:datasets" v="A_colleague;B_final" />
    <tag k="source:google_place_id" v="ChIJmZQJcKncaTERVW-k6Mqd6U8" />
    <tag k="source:google_cid" v="5758307093381934933" />
    <tag k="source:url" v="https://www.google.com/maps/place/Tr%E1%BA%A1m+Thu+ph%C3%AD+Tam+K%E1%BB%B3/data=!4m7!3m6!1s0x3169dca970099499:0x4fe99dcae8a46f55!8m2!3d15.548535!4d108.5184763!16s%2Fg%2F11b67hd57c!19sChIJmZQJcKncaTERVW-k6Mqd6U8?authuser=0&amp;hl=vi&amp;rclk=1" />
    <tag k="ref:osm_match" v="vn-toll-osm-6860284192" />
    <tag k="note:osm_match_name" v="OSM toll 6860284192" />
    <tag k="maps_vietnam:id" v="vn-toll-gmaps-chijmzqjckncatervw-k6mqd6u8" />
    <tag k="maps_vietnam:clean_status" v="auto_keep_merge" />
    <tag k="maps_vietnam:confidence" v="0.9" />
    <tag k="maps_vietnam:status" v="active" />
  </node>
  <node id="14000000093" lat="21.2433177" lon="105.3260139" version="1" timestamp="2026-06-11T02:34:07Z">
    <tag k="barrier" v="toll_booth" />
    <tag k="highway" v="toll_gantry" />
    <tag k="payment" v="etc" />
    <tag k="payment:etc" v="yes" />
    <tag k="toll" v="yes" />
    <tag k="name" v="Trạm thu phí Tam Nông" />
    <tag k="addr:full" v="68VG+8CC, Tam Nông, Phú Thọ, Việt Nam" />
    <tag k="addr:province" v="Phú Thọ" />
    <tag k="source" v="maps-vietnam toll-station-pipeline" />
    <tag k="source:datasets" v="A_colleague" />
    <tag k="source:google_cid" v="0x31348c0816a298f9:0xb237504939c3d56e" />
    <tag k="source:url" v="https://www.google.com/maps/place/Tr%E1%BA%A1m+Thu+ph%C3%AD+Tam+N%C3%B4ng/@21.2433177,105.3260139,17z/data=!3m1!4b1!4m6!3m5!1s0x31348c0816a298f9:0xb237504939c3d56e!8m2!3d21.2433177!4d105.3260139!16s%2Fg%2F11g8pdhrsq?entry=ttu&amp;g_ep=EgoyMDI2MDYwMS4wIKXMDSoASAFQAw%3D%3D" />
    <tag k="maps_vietnam:id" v="vn-toll-clean-076" />
    <tag k="maps_vietnam:clean_status" v="auto_keep_unique" />
    <tag k="maps_vietnam:status" v="active" />
  </node>
  <node id="14000000094" lat="17.890216" lon="106.450909" version="1" timestamp="2026-06-11T02:34:07Z">
    <tag k="barrier" v="toll_booth" />
    <tag k="highway" v="toll_gantry" />
    <tag k="payment" v="etc" />
    <tag k="payment:etc" v="yes" />
    <tag k="toll" v="yes" />
    <tag k="name" v="Trạm thu phí TASCO Quảng Bình" />
    <tag k="addr:full" v="VFR2+39M Trạm Thu Phí TASCO Quảng Bình, Phú Trạch, Quảng Trị, Việt Nam" />
    <tag k="addr:province" v="Quảng Bình" />
    <tag k="source" v="maps-vietnam toll-station-pipeline" />
    <tag k="source:datasets" v="A_colleague;B_final" />
    <tag k="source:google_place_id" v="ChIJ3WhjiaScODEROc1smOs1Xbs" />
    <tag k="source:google_cid" v="13501006543917468985" />
    <tag k="source:url" v="https://www.google.com/maps/place/Tr%E1%BA%A1m+Thu+Ph%C3%AD+TASCO+Qu%E1%BA%A3ng+B%C3%ACnh/data=!4m7!3m6!1s0x31389ca4896368dd:0xbb5d35eb986ccd39!8m2!3d17.8902161!4d106.4509095!16s%2Fg%2F11bw6rr5bk!19sChIJ3WhjiaScODEROc1smOs1Xbs?authuser=0&amp;hl=vi&amp;rclk=1" />
    <tag k="ref:osm_match" v="vn-toll-osm-668714123" />
    <tag k="note:osm_match_name" v="OSM toll 668714123" />
    <tag k="maps_vietnam:id" v="vn-toll-gmaps-chij3whjiascoderoc1smos1xbs" />
    <tag k="maps_vietnam:clean_status" v="auto_keep_merge" />
    <tag k="maps_vietnam:confidence" v="0.8" />
    <tag k="maps_vietnam:status" v="active" />
  </node>
  <node id="14000000095" lat="11.7228358" lon="106.5832213" version="1" timestamp="2026-06-11T02:34:07Z">
    <tag k="barrier" v="toll_booth" />
    <tag k="highway" v="toll_gantry" />
    <tag k="payment" v="etc" />
    <tag k="payment:etc" v="yes" />
    <tag k="toll" v="yes" />
    <tag k="name" v="Trạm thu phí Thanh Lương" />
    <tag k="addr:full" v="PHFM+47Q, QL13, An Lộc, Đồng Nai, Việt Nam" />
    <tag k="addr:province" v="Đồng Nai" />
    <tag k="road" v="QL13" />
    <tag k="source" v="maps-vietnam toll-station-pipeline" />
    <tag k="source:datasets" v="A_colleague" />
    <tag k="source:google_cid" v="0x317352566b1731d1:0x952d7636d99090a2" />
    <tag k="source:url" v="https://www.google.com/maps/place/Tr%E1%BA%A1m+Thu+ph%C3%AD+Thanh+L%C6%B0%C6%A1ng/@11.7228358,106.5832213,17z/data=!3m1!4b1!4m6!3m5!1s0x317352566b1731d1:0x952d7636d99090a2!8m2!3d11.7228358!4d106.5832213!16s%2Fg%2F11hcfs9kl4?entry=ttu&amp;g_ep=EgoyMDI2MDYwMS4wIKXMDSoASAFQAw%3D%3D" />
    <tag k="maps_vietnam:id" v="vn-toll-clean-083" />
    <tag k="maps_vietnam:clean_status" v="auto_keep_unique" />
    <tag k="maps_vietnam:status" v="active" />
  </node>
  <node id="14000000096" lat="11.577385" lon="106.8944299" version="1" timestamp="2026-06-11T02:34:07Z">
    <tag k="barrier" v="toll_booth" />
    <tag k="highway" v="toll_gantry" />
    <tag k="payment" v="etc" />
    <tag k="payment:etc" v="yes" />
    <tag k="toll" v="yes" />
    <tag k="name" v="Trạm thu phí Thuận Phú" />
    <tag k="addr:full" v="ĐT741, Thuận Lợi, Đồng Nai, Việt Nam" />
    <tag k="addr:province" v="Đồng Nai" />
    <tag k="road" v="ĐT741" />
    <tag k="source" v="maps-vietnam toll-station-pipeline" />
    <tag k="source:datasets" v="A_colleague" />
    <tag k="source:google_cid" v="0x31735fede04f5499:0xe17d0fd408be040f" />
    <tag k="source:url" v="https://www.google.com/maps/place/Tr%E1%BA%A1m+Thu+ph%C3%AD+Thu%E1%BA%ADn+Ph%C3%BA/@11.577385,106.8944299,17z/data=!3m1!4b1!4m6!3m5!1s0x31735fede04f5499:0xe17d0fd408be040f!8m2!3d11.577385!4d106.8944299!16s%2Fg%2F11dztsbsz7?entry=ttu&amp;g_ep=EgoyMDI2MDYwMS4wIKXMDSoASAFQAw%3D%3D" />
    <tag k="maps_vietnam:id" v="vn-toll-clean-081" />
    <tag k="maps_vietnam:clean_status" v="auto_keep_unique" />
    <tag k="maps_vietnam:status" v="active" />
  </node>
  <node id="14000000097" lat="21.644094" lon="105.785999" version="1" timestamp="2026-06-11T02:34:07Z">
    <tag k="barrier" v="toll_booth" />
    <tag k="highway" v="toll_gantry" />
    <tag k="payment" v="etc" />
    <tag k="payment:etc" v="yes" />
    <tag k="toll" v="yes" />
    <tag k="name" v="Trạm thu phí Thái Nguyên - Chợ Mới" />
    <tag k="addr:full" v="JQVP+J9Q Trạm Thu phí Thái Nguyên - Chợ Mới, Quan Triều, Thái Nguyên, Việt Nam" />
    <tag k="addr:province" v="Thái Nguyên" />
    <tag k="source" v="maps-vietnam toll-station-pipeline" />
    <tag k="source:datasets" v="B_final" />
    <tag k="source:google_place_id" v="ChIJJ9dxBz8nNTERy_H6eAFXDSE" />
    <tag k="source:google_cid" v="2381655441785156043" />
    <tag k="source:url" v="https://www.google.com/maps/place/Tr%E1%BA%A1m+Thu+ph%C3%AD+Th%C3%A1i+Nguy%C3%AAn+-+Ch%E1%BB%A3+M%E1%BB%9Bi/data=!4m7!3m6!1s0x3135273f0771d727:0x210d570178faf1cb!8m2!3d21.6440945!4d105.7859992!16s%2Fg%2F11gh9nqsfy!19sChIJJ9dxBz8nNTERy_H6eAFXDSE?authuser=0&amp;hl=vi&amp;rclk=1" />
    <tag k="ref:osm_match" v="vn-toll-osm-10001978675" />
    <tag k="note:osm_match_name" v="OSM toll 10001978675" />
    <tag k="maps_vietnam:id" v="vn-toll-gmaps-chijj9dxbz8nntery-h6eafxdse" />
    <tag k="maps_vietnam:clean_status" v="auto_keep_unique" />
    <tag k="maps_vietnam:confidence" v="0.7" />
    <tag k="maps_vietnam:status" v="active" />
  </node>
  <node id="14000000098" lat="10.4310606" lon="106.3155488" version="1" timestamp="2026-06-11T02:34:07Z">
    <tag k="barrier" v="toll_booth" />
    <tag k="highway" v="toll_gantry" />
    <tag k="payment" v="etc" />
    <tag k="payment:etc" v="yes" />
    <tag k="toll" v="yes" />
    <tag k="name" v="Trạm thu phí Thân Cửu Nghĩa" />
    <tag k="addr:full" v="C8J8+C6F, Đường Cao Tốc TPHCM - Trung Lương, Long Hưng, Đồng Tháp, Việt Nam" />
    <tag k="addr:province" v="Đồng Tháp" />
    <tag k="road" v="Cao Tốc TPHCM - Trung Lương" />
    <tag k="source" v="maps-vietnam toll-station-pipeline" />
    <tag k="source:datasets" v="A_colleague" />
    <tag k="source:google_cid" v="0x310abb00187a7501:0xb4370397affa4843" />
    <tag k="source:url" v="https://www.google.com/maps/place/Tr%E1%BA%A1m+thu+ph%C3%AD+Th%C3%A2n+C%E1%BB%ADu+Ngh%C4%A9a/@10.4310606,106.3155488,17z/data=!3m1!4b1!4m6!3m5!1s0x310abb00187a7501:0xb4370397affa4843!8m2!3d10.4310606!4d106.3155488!16s%2Fg%2F11ytk863p5?authuser=0&amp;hl=vi&amp;entry=ttu&amp;g_ep=EgoyMDI2MDYwMS4wIKXMDSoASAFQAw%3D%3D" />
    <tag k="maps_vietnam:id" v="vn-toll-clean-070" />
    <tag k="maps_vietnam:clean_status" v="auto_keep_unique" />
    <tag k="maps_vietnam:status" v="active" />
  </node>
  <node id="14000000099" lat="20.868904" lon="105.881732" version="1" timestamp="2026-06-11T02:34:07Z">
    <tag k="barrier" v="toll_booth" />
    <tag k="highway" v="toll_gantry" />
    <tag k="payment" v="etc" />
    <tag k="payment:etc" v="yes" />
    <tag k="toll" v="yes" />
    <tag k="name" v="Trạm thu phí Thường Tín" />
    <tag k="addr:full" v="VV9J+HM9 Trạm Thu phí Thường Tín, Đ. Trần Trọng Liêu, Hồng Vân, Hà Nội, Việt Nam" />
    <tag k="addr:province" v="Hà Nội" />
    <tag k="source" v="maps-vietnam toll-station-pipeline" />
    <tag k="source:datasets" v="A_colleague;B_final" />
    <tag k="source:google_place_id" v="ChIJ2U3HfYGxNTERcaydYF0QoZ0" />
    <tag k="source:google_cid" v="11358377728444050545" />
    <tag k="source:url" v="https://www.google.com/maps/place/Tr%E1%BA%A1m+Thu+ph%C3%AD+Th%C6%B0%E1%BB%9Dng+T%C3%ADn/data=!4m7!3m6!1s0x3135b1817dc74dd9:0x9da1105d609dac71!8m2!3d20.8689045!4d105.8817321!16s%2Fg%2F11cr__70bj!19sChIJ2U3HfYGxNTERcaydYF0QoZ0?authuser=0&amp;hl=vi&amp;rclk=1" />
    <tag k="ref:osm_match" v="vn-toll-osm-6880410845" />
    <tag k="note:osm_match_name" v="Trạm Thu phí Thường Tín" />
    <tag k="maps_vietnam:id" v="vn-toll-gmaps-chij2u3hfygxntercaydyf0qoz0" />
    <tag k="maps_vietnam:clean_status" v="auto_keep_merge" />
    <tag k="maps_vietnam:confidence" v="0.8" />
    <tag k="maps_vietnam:status" v="active" />
  </node>
  <node id="14000000100" lat="20.776437" lon="106.507622" version="1" timestamp="2026-06-11T02:34:07Z">
    <tag k="barrier" v="toll_booth" />
    <tag k="highway" v="toll_gantry" />
    <tag k="payment" v="etc" />
    <tag k="payment:etc" v="yes" />
    <tag k="toll" v="yes" />
    <tag k="name" v="Trạm thu phí Tiên Cựu" />
    <tag k="addr:full" v="QGG5+H2H Trạm Thu phí Tiên Cựu, QL10, Quyết Thắng, Hải Phòng, Việt Nam" />
    <tag k="addr:province" v="Hải Phòng" />
    <tag k="road" v="QL10" />
    <tag k="source" v="maps-vietnam toll-station-pipeline" />
    <tag k="source:datasets" v="A_colleague;B_final" />
    <tag k="source:google_place_id" v="ChIJq6qqvpaJNTERC3bDyZNiSGo" />
    <tag k="source:google_cid" v="7658479553228273163" />
    <tag k="source:url" v="https://www.google.com/maps/place/Tr%E1%BA%A1m+Thu+ph%C3%AD+Ti%C3%AAn+C%E1%BB%B1u/data=!4m7!3m6!1s0x31358996beaaaaab:0x6a486293c9c3760b!8m2!3d20.7764367!4d106.5076222!16s%2Fg%2F1tnkzw90!19sChIJq6qqvpaJNTERC3bDyZNiSGo?authuser=0&amp;hl=vi&amp;rclk=1" />
    <tag k="ref:osm_match" v="vn-toll-osm-6864061670" />
    <tag k="note:osm_match_name" v="OSM toll 6864061670" />
    <tag k="maps_vietnam:id" v="vn-toll-gmaps-chijq6qqvpajnterc3bdyznisgo" />
    <tag k="maps_vietnam:clean_status" v="auto_keep_merge" />
    <tag k="maps_vietnam:confidence" v="0.9" />
    <tag k="maps_vietnam:status" v="active" />
  </node>
  <node id="14000000101" lat="21.308659" lon="107.476059" version="1" timestamp="2026-06-11T02:34:07Z">
    <tag k="barrier" v="toll_booth" />
    <tag k="highway" v="toll_gantry" />
    <tag k="payment" v="etc" />
    <tag k="payment:etc" v="yes" />
    <tag k="toll" v="yes" />
    <tag k="name" v="Trạm thu phí Tiên Yên" />
    <tag k="addr:full" v="Đông Ngũ, Quảng Ninh, Việt Nam" />
    <tag k="addr:province" v="Quảng Ninh" />
    <tag k="source" v="maps-vietnam toll-station-pipeline" />
    <tag k="source:datasets" v="A_colleague;B_final" />
    <tag k="source:google_place_id" v="ChIJn971o90jSzER78ZwgQ8yTN0" />
    <tag k="source:google_cid" v="15946175422789633775" />
    <tag k="source:url" v="https://www.google.com/maps/place/Tr%E1%BA%A1m+Thu+ph%C3%AD+Ti%C3%AAn+Y%C3%AAn/data=!4m7!3m6!1s0x314b23dda3f5de9f:0xdd4c320f8170c6ef!8m2!3d21.3086586!4d107.4760592!16s%2Fg%2F11s7kpk60l!19sChIJn971o90jSzER78ZwgQ8yTN0?authuser=0&amp;hl=vi&amp;rclk=1" />
    <tag k="ref:osm_match" v="vn-toll-osm-1483440868" />
    <tag k="note:osm_match_name" v="Trạm Thu phí Tiên Yên" />
    <tag k="maps_vietnam:id" v="vn-toll-gmaps-chijn971o90jszer78zwgq8ytn0" />
    <tag k="maps_vietnam:clean_status" v="auto_keep_merge" />
    <tag k="maps_vietnam:confidence" v="0.8" />
    <tag k="maps_vietnam:status" v="active" />
  </node>
  <node id="14000000102" lat="10.945377" lon="107.057444" version="1" timestamp="2026-06-11T02:34:07Z">
    <tag k="barrier" v="toll_booth" />
    <tag k="highway" v="toll_gantry" />
    <tag k="payment" v="etc" />
    <tag k="payment:etc" v="yes" />
    <tag k="toll" v="yes" />
    <tag k="name" v="Trạm thu phí Trảng Bom" />
    <tag k="addr:full" v="Trạm thu phí đường tránh Biên Hòa, QL1A, Hưng Thịnh, Đồng Nai 76000, Việt Nam" />
    <tag k="addr:province" v="Đồng Nai" />
    <tag k="road" v="QL1A" />
    <tag k="source" v="maps-vietnam toll-station-pipeline" />
    <tag k="source:datasets" v="A_colleague;B_final" />
    <tag k="source:google_place_id" v="ChIJOz7TsYHkdDERUZx9tyaQZMs" />
    <tag k="source:google_cid" v="14655997583332056145" />
    <tag k="source:url" v="https://www.google.com/maps/place/Tr%E1%BA%A1m+Thu+ph%C3%AD+Tr%E1%BA%A3ng+Bom/data=!4m7!3m6!1s0x3174e481b1d33e3b:0xcb649026b77d9c51!8m2!3d10.9453765!4d107.0574443!16s%2Fg%2F11f126nh_4!19sChIJOz7TsYHkdDERUZx9tyaQZMs?authuser=0&amp;hl=vi&amp;rclk=1" />
    <tag k="ref:osm_match" v="vn-toll-osm-1093353487" />
    <tag k="note:osm_match_name" v="Trạm thu phí Trảng Bom" />
    <tag k="maps_vietnam:id" v="vn-toll-gmaps-chijoz7tsyhkdderuzx9tyaqzms" />
    <tag k="maps_vietnam:clean_status" v="auto_keep_merge" />
    <tag k="maps_vietnam:confidence" v="0.9" />
    <tag k="maps_vietnam:status" v="active" />
  </node>
  <node id="14000000103" lat="11.569838" lon="106.617318" version="1" timestamp="2026-06-11T02:34:07Z">
    <tag k="barrier" v="toll_booth" />
    <tag k="highway" v="toll_gantry" />
    <tag k="payment" v="etc" />
    <tag k="payment:etc" v="yes" />
    <tag k="toll" v="yes" />
    <tag k="name" v="Trạm thu phí Tân Khai" />
    <tag k="addr:full" v="QL13, Tân Khai, Đồng Nai, Việt Nam" />
    <tag k="addr:province" v="Đồng Nai" />
    <tag k="road" v="QL13" />
    <tag k="source" v="maps-vietnam toll-station-pipeline" />
    <tag k="source:datasets" v="A_colleague;B_final" />
    <tag k="source:google_place_id" v="ChIJCV_eBxCqdDERMzaDhAiXx-Y" />
    <tag k="source:google_cid" v="16629426211927569971" />
    <tag k="source:url" v="https://www.google.com/maps/place/Tr%E1%BA%A1m+Thu+ph%C3%AD+T%C3%A2n+Khai/data=!4m7!3m6!1s0x3174aa1007de5f09:0xe6c7970884833633!8m2!3d11.569838!4d106.6173185!16s%2Fg%2F11b7vjkjnb!19sChIJCV_eBxCqdDERMzaDhAiXx-Y?authuser=0&amp;hl=vi&amp;rclk=1" />
    <tag k="ref:osm_match" v="vn-toll-osm-176792793" />
    <tag k="note:osm_match_name" v="Trạm thu phí Tân Khai" />
    <tag k="maps_vietnam:id" v="vn-toll-gmaps-chijcv-ebxcqddermzadhaixx-y" />
    <tag k="maps_vietnam:clean_status" v="auto_keep_merge" />
    <tag k="maps_vietnam:confidence" v="0.9" />
    <tag k="maps_vietnam:status" v="active" />
  </node>
  <node id="14000000104" lat="11.3881366" lon="106.8255669" version="1" timestamp="2026-06-11T02:34:07Z">
    <tag k="barrier" v="toll_booth" />
    <tag k="highway" v="toll_gantry" />
    <tag k="payment" v="etc" />
    <tag k="payment:etc" v="yes" />
    <tag k="toll" v="yes" />
    <tag k="name" v="Trạm thu phí Tân Lập" />
    <tag k="addr:full" v="Xã An Bình, H.Phú Giáo, T.Bình Dương, ĐT741, Đồng Phú, Đồng Nai, Việt Nam" />
    <tag k="addr:province" v="Đồng Nai" />
    <tag k="road" v="ĐT741" />
    <tag k="source" v="maps-vietnam toll-station-pipeline" />
    <tag k="source:datasets" v="A_colleague" />
    <tag k="source:google_cid" v="0x3174bcaeea80752f:0x90f2d4af4970423e" />
    <tag k="source:url" v="https://www.google.com/maps/place/Tr%E1%BA%A1m+thu+ph%C3%AD+T%C3%A2n+L%E1%BA%ADp,+X%C3%A3+An+B%C3%ACnh,+H.Ph%C3%BA+Gi%C3%A1o,+T.B%C3%ACnh+D%C6%B0%C6%A1ng,+%C4%90T741,+%C4%90%E1%BB%93ng+Ph%C3%BA,+%C4%90%E1%BB%93ng+Nai,+Vi%E1%BB%87t+Nam/@11.3881366,106.8255669,17z/data=!3m1!4b1!4m6!3m5!1s0x3174bcaeea80752f:0x90f2d4af4970423e!8m2!3d11.3881366!4d106.8255669!16s%2Fg%2F12vqky4jf?entry=ttu&amp;g_ep=EgoyMDI2MDYwMS4wIKXMDSoASAFQAw%3D%3D" />
    <tag k="maps_vietnam:id" v="vn-toll-clean-084" />
    <tag k="maps_vietnam:clean_status" v="auto_keep_unique" />
    <tag k="maps_vietnam:status" v="active" />
  </node>
  <node id="14000000105" lat="15.972891" lon="108.162804" version="1" timestamp="2026-06-11T02:34:07Z">
    <tag k="barrier" v="toll_booth" />
    <tag k="highway" v="toll_gantry" />
    <tag k="payment" v="etc" />
    <tag k="payment:etc" v="yes" />
    <tag k="toll" v="yes" />
    <tag k="name" v="Trạm thu phí Túy Loan" />
    <tag k="addr:full" v="X5F7+543 Trạm Thu phí Túy Loan, Hòa Tiến, Đà Nẵng, Việt Nam" />
    <tag k="addr:province" v="Đà Nẵng" />
    <tag k="source" v="maps-vietnam toll-station-pipeline" />
    <tag k="source:datasets" v="B_final" />
    <tag k="source:google_place_id" v="ChIJi0V06XUbQjERrwH9Hpq_lco" />
    <tag k="source:google_cid" v="14597784435857097135" />
    <tag k="source:url" v="https://www.google.com/maps/place/Tr%E1%BA%A1m+Thu+ph%C3%AD+T%C3%BAy+Loan/data=!4m7!3m6!1s0x31421b75e974458b:0xca95bf9a1efd01af!8m2!3d15.9728908!4d108.1628043!16s%2Fg%2F11fy_r1ht7!19sChIJi0V06XUbQjERrwH9Hpq_lco?authuser=0&amp;hl=vi&amp;rclk=1" />
    <tag k="ref:osm_match" v="vn-toll-osm-6888345522" />
    <tag k="note:osm_match_name" v="Trạm Thu Phí Tuý Loan" />
    <tag k="maps_vietnam:id" v="vn-toll-gmaps-chiji0v06xubqjerrwh9hpq-lco" />
    <tag k="maps_vietnam:clean_status" v="auto_keep_unique" />
    <tag k="maps_vietnam:confidence" v="0.8" />
    <tag k="maps_vietnam:status" v="active" />
  </node>
  <node id="14000000106" lat="15.063359" lon="108.839193" version="1" timestamp="2026-06-11T02:34:07Z">
    <tag k="barrier" v="toll_booth" />
    <tag k="highway" v="toll_gantry" />
    <tag k="payment" v="etc" />
    <tag k="payment:etc" v="yes" />
    <tag k="toll" v="yes" />
    <tag k="name" v="Trạm thu phí Tư Nghĩa" />
    <tag k="addr:full" v="3R7Q+8M Trạm Thu phí Tư Nghĩa, Tư Nghĩa, Quảng Ngãi, Việt Nam" />
    <tag k="addr:province" v="Quảng Ngãi" />
    <tag k="source" v="maps-vietnam toll-station-pipeline" />
    <tag k="source:datasets" v="A_colleague;B_final" />
    <tag k="source:google_place_id" v="ChIJ1UmHYwBVaDERFO0OqUDTKGE" />
    <tag k="source:google_cid" v="7001077895415131412" />
    <tag k="source:url" v="https://www.google.com/maps/place/Tr%E1%BA%A1m+Thu+ph%C3%AD+T%C6%B0+Ngh%C4%A9a/data=!4m7!3m6!1s0x31685500638749d5:0x6128d340a90eed14!8m2!3d15.0633587!4d108.8391931!16s%2Fg%2F11vx4fnwwm!19sChIJ1UmHYwBVaDERFO0OqUDTKGE?authuser=0&amp;hl=vi&amp;rclk=1" />
    <tag k="ref:osm_match" v="vn-toll-osm-6860315448" />
    <tag k="note:osm_match_name" v="OSM toll 6860315448" />
    <tag k="maps_vietnam:id" v="vn-toll-gmaps-chij1umhywbvaderfo0oqudtkge" />
    <tag k="maps_vietnam:clean_status" v="auto_keep_merge" />
    <tag k="maps_vietnam:confidence" v="0.8" />
    <tag k="maps_vietnam:status" v="active" />
  </node>
  <node id="14000000107" lat="21.365264" lon="105.380222" version="1" timestamp="2026-06-11T02:34:07Z">
    <tag k="barrier" v="toll_booth" />
    <tag k="highway" v="toll_gantry" />
    <tag k="payment" v="etc" />
    <tag k="payment:etc" v="yes" />
    <tag k="toll" v="yes" />
    <tag k="name" v="Trạm thu phí Việt Trì (IC7)" />
    <tag k="addr:full" v="Trạm thu phí IC7 - TP Việt Trì, CT05, Vân Phú, Phú Thọ, Việt Nam" />
    <tag k="addr:province" v="Phú Thọ" />
    <tag k="road" v="CT05" />
    <tag k="source" v="maps-vietnam toll-station-pipeline" />
    <tag k="source:datasets" v="B_final" />
    <tag k="source:google_place_id" v="ChIJ180VWgCTNDERTLPjgCIqGh4" />
    <tag k="source:google_cid" v="2169092498211976012" />
    <tag k="source:url" v="https://www.google.com/maps/place/Tr%E1%BA%A1m+Thu+ph%C3%AD+Vi%E1%BB%87t+Tr%C3%AC+%28IC7%29/data=!4m7!3m6!1s0x313493005a15cdd7:0x1e1a2a2280e3b34c!8m2!3d21.3652644!4d105.3802223!16s%2Fg%2F11ldjxrz9p!19sChIJ180VWgCTNDERTLPjgCIqGh4?authuser=0&amp;hl=vi&amp;rclk=1" />
    <tag k="ref:osm_match" v="vn-toll-osm-4965039224" />
    <tag k="note:osm_match_name" v="Trạm thu phí Việt Trì" />
    <tag k="maps_vietnam:id" v="vn-toll-gmaps-chij180vwgctndertlpjgciqgh4" />
    <tag k="maps_vietnam:clean_status" v="auto_keep_unique" />
    <tag k="maps_vietnam:confidence" v="0.8" />
    <tag k="maps_vietnam:status" v="active" />
  </node>
  <node id="14000000108" lat="21.355073" lon="105.463963" version="1" timestamp="2026-06-11T02:34:07Z">
    <tag k="barrier" v="toll_booth" />
    <tag k="highway" v="toll_gantry" />
    <tag k="payment" v="etc" />
    <tag k="payment:etc" v="yes" />
    <tag k="toll" v="yes" />
    <tag k="name" v="Trạm thu phí Văn Quán (IC6)" />
    <tag k="addr:full" v="9F47+2HG Trạm Thu phí Văn Quán (IC6), Unnamed Road, Sơn Đông, Phú Thọ, Việt Nam" />
    <tag k="addr:province" v="Phú Thọ" />
    <tag k="source" v="maps-vietnam toll-station-pipeline" />
    <tag k="source:datasets" v="B_final" />
    <tag k="source:google_place_id" v="ChIJ3dXY82ftNDERbRdtQ0yxuy8" />
    <tag k="source:google_cid" v="3439537681534359405" />
    <tag k="source:url" v="https://www.google.com/maps/place/Tr%E1%BA%A1m+Thu+ph%C3%AD+V%C4%83n+Qu%C3%A1n+%28IC6%29/data=!4m7!3m6!1s0x3134ed67f3d8d5dd:0x2fbbb14c436d176d!8m2!3d21.3550726!4d105.4639626!16s%2Fg%2F11h1kcs730!19sChIJ3dXY82ftNDERbRdtQ0yxuy8?authuser=0&amp;hl=vi&amp;rclk=1" />
    <tag k="ref:osm_match" v="vn-toll-osm-6554465773" />
    <tag k="note:osm_match_name" v="OSM toll 6554465773" />
    <tag k="maps_vietnam:id" v="vn-toll-gmaps-chij3dxy82ftnderbrdtq0yxuy8" />
    <tag k="maps_vietnam:clean_status" v="auto_keep_unique" />
    <tag k="maps_vietnam:confidence" v="0.7" />
    <tag k="maps_vietnam:status" v="active" />
  </node>
  <node id="14000000109" lat="10.886868" lon="106.6997385" version="1" timestamp="2026-06-11T02:34:07Z">
    <tag k="barrier" v="toll_booth" />
    <tag k="highway" v="toll_gantry" />
    <tag k="payment" v="etc" />
    <tag k="payment:etc" v="yes" />
    <tag k="toll" v="yes" />
    <tag k="name" v="Trạm thu phí Vĩnh Phú" />
    <tag k="addr:full" v="32 Đại lộ Bình Dương, Khu Phố, Lái Thiêu, Hồ Chí Minh, Việt Nam" />
    <tag k="addr:province" v="Hồ Chí Minh" />
    <tag k="source" v="maps-vietnam toll-station-pipeline" />
    <tag k="source:datasets" v="A_colleague" />
    <tag k="source:google_cid" v="0x3174d7dd570203ff:0x4ea22707fe549840" />
    <tag k="source:url" v="https://www.google.com/maps/place/Tr%E1%BA%A1m+thu+ph%C3%AD+V%C4%A9nh+Ph%C3%BA,+32+%C4%90%E1%BA%A1i+l%E1%BB%99+B%C3%ACnh+D%C6%B0%C6%A1ng,+Khu+Ph%E1%BB%91,+L%C3%A1i+Thi%C3%AAu,+H%E1%BB%93+Ch%C3%AD+Minh,+Vi%E1%BB%87t+Nam/@10.886839,106.6996894,17z/data=!3m1!4b1!4m6!3m5!1s0x3174d7dd570203ff:0x4ea22707fe549840!8m2!3d10.886868!4d106.6997385!16s%2Fg%2F11bvtgt33s?entry=ttu&amp;g_ep=EgoyMDI2MDYwMS4wIKXMDSoASAFQAw%3D%3D" />
    <tag k="maps_vietnam:id" v="vn-toll-clean-073" />
    <tag k="maps_vietnam:clean_status" v="auto_keep_unique" />
    <tag k="maps_vietnam:status" v="active" />
  </node>
  <node id="14000000110" lat="20.773832" lon="105.907281" version="1" timestamp="2026-06-11T02:34:07Z">
    <tag k="barrier" v="toll_booth" />
    <tag k="highway" v="toll_gantry" />
    <tag k="payment" v="etc" />
    <tag k="payment:etc" v="yes" />
    <tag k="toll" v="yes" />
    <tag k="name" v="Trạm thu phí Vạn Điểm" />
    <tag k="addr:full" v="QWF4+GWJ Trạm Thu phí Vạn Điểm, Phú Xuyên, Hà Nội, Việt Nam" />
    <tag k="addr:province" v="Hà Nội" />
    <tag k="source" v="maps-vietnam toll-station-pipeline" />
    <tag k="source:datasets" v="A_colleague;B_final" />
    <tag k="source:google_place_id" v="ChIJ31y5UV-3NTER2GdIn-t5Rck" />
    <tag k="source:google_cid" v="14503132227913148376" />
    <tag k="source:url" v="https://www.google.com/maps/place/Tr%E1%BA%A1m+Thu+ph%C3%AD+V%E1%BA%A1n+%C4%90i%E1%BB%83m/data=!4m7!3m6!1s0x3135b75f51b95cdf:0xc94579eb9f4867d8!8m2!3d20.7738315!4d105.9072808!16s%2Fg%2F11t6h80vl9!19sChIJ31y5UV-3NTER2GdIn-t5Rck?authuser=0&amp;hl=vi&amp;rclk=1" />
    <tag k="ref:osm_match" v="vn-toll-osm-6425386072" />
    <tag k="note:osm_match_name" v="Trạm Thu phí Phú Minh" />
    <tag k="maps_vietnam:id" v="vn-toll-gmaps-chij31y5uv-3nter2gdin-t5rck" />
    <tag k="maps_vietnam:clean_status" v="auto_keep_merge" />
    <tag k="maps_vietnam:confidence" v="0.8" />
    <tag k="maps_vietnam:status" v="active" />
  </node>
  <node id="14000000111" lat="20.645327" lon="105.938495" version="1" timestamp="2026-06-11T02:34:07Z">
    <tag k="barrier" v="toll_booth" />
    <tag k="highway" v="toll_gantry" />
    <tag k="payment" v="etc" />
    <tag k="payment:etc" v="yes" />
    <tag k="toll" v="yes" />
    <tag k="name" v="Trạm thu phí Vực Vòng" />
    <tag k="addr:full" v="JWWQ+49Q Trạm thu phí Vực Vòng, Đồng Văn, Ninh Bình, Việt Nam" />
    <tag k="addr:province" v="Ninh Bình" />
    <tag k="source" v="maps-vietnam toll-station-pipeline" />
    <tag k="source:datasets" v="A_colleague;B_final" />
    <tag k="source:google_place_id" v="ChIJBZRtacTINTERbKvNIkiwtAo" />
    <tag k="source:google_cid" v="771435260055235436" />
    <tag k="source:url" v="https://www.google.com/maps/place/Tr%E1%BA%A1m+thu+ph%C3%AD+V%E1%BB%B1c+V%C3%B2ng/data=!4m7!3m6!1s0x3135c8c4696d9405:0xab4b04822cdab6c!8m2!3d20.6453272!4d105.9384953!16s%2Fg%2F11c1pg6w5b!19sChIJBZRtacTINTERbKvNIkiwtAo?authuser=0&amp;hl=vi&amp;rclk=1" />
    <tag k="ref:osm_match" v="vn-toll-osm-2326748263" />
    <tag k="note:osm_match_name" v="Trạm Thu phí Vực Vòng" />
    <tag k="maps_vietnam:id" v="vn-toll-gmaps-chijbzrtactinterbkvnikiwtao" />
    <tag k="maps_vietnam:clean_status" v="auto_keep_merge" />
    <tag k="maps_vietnam:confidence" v="0.8" />
    <tag k="maps_vietnam:status" v="active" />
  </node>
  <node id="14000000112" lat="20.870306" lon="105.513575" version="1" timestamp="2026-06-11T02:34:07Z">
    <tag k="barrier" v="toll_booth" />
    <tag k="highway" v="toll_gantry" />
    <tag k="payment" v="etc" />
    <tag k="payment:etc" v="yes" />
    <tag k="toll" v="yes" />
    <tag k="name" v="Trạm thu phí Xuân Mai - Hòa Bình" />
    <tag k="addr:full" v="Trạm thu phí QL 6 Xuân Mai - Hòa Bình, QL6, Lương Sơn, Phú Thọ, Việt Nam" />
    <tag k="addr:province" v="Hòa Bình" />
    <tag k="road" v="QL6" />
    <tag k="source" v="maps-vietnam toll-station-pipeline" />
    <tag k="source:datasets" v="A_colleague;B_final" />
    <tag k="source:google_place_id" v="ChIJQ32qGjhFNDERqFMgXJirylU" />
    <tag k="source:google_cid" v="6181942109388428200" />
    <tag k="source:url" v="https://www.google.com/maps/place/Tr%E1%BA%A1m+thu+ph%C3%AD+Xu%C3%A2n+Mai+-+H%C3%B2a+B%C3%ACnh/data=!4m7!3m6!1s0x313445381aaa7d43:0x55caab985c2053a8!8m2!3d20.8703058!4d105.5135751!16s%2Fg%2F11vhcc0vy7!19sChIJQ32qGjhFNDERqFMgXJirylU?authuser=0&amp;hl=vi&amp;rclk=1" />
    <tag k="ref:osm_match" v="vn-toll-osm-13892995819" />
    <tag k="note:osm_match_name" v="Trạm Thu Phí Lương Sơn" />
    <tag k="maps_vietnam:id" v="vn-toll-gmaps-chijq32qgjhfnderqfmgxjirylu" />
    <tag k="maps_vietnam:clean_status" v="auto_keep_merge" />
    <tag k="maps_vietnam:confidence" v="0.9" />
    <tag k="maps_vietnam:status" v="active" />
  </node>
  <node id="14000000113" lat="20.850209" lon="106.027549" version="1" timestamp="2026-06-11T02:34:07Z">
    <tag k="barrier" v="toll_booth" />
    <tag k="highway" v="toll_gantry" />
    <tag k="payment" v="etc" />
    <tag k="payment:etc" v="yes" />
    <tag k="toll" v="yes" />
    <tag k="name" v="Trạm thu phí Yên Mỹ" />
    <tag k="addr:full" v="V22H+32M Trạm Thu phí Yên Mỹ, Nút Giao Yên Mỹ, Yên Mỹ, Hưng Yên, Việt Nam" />
    <tag k="addr:province" v="Hưng Yên" />
    <tag k="source" v="maps-vietnam toll-station-pipeline" />
    <tag k="source:datasets" v="A_colleague;B_final" />
    <tag k="source:google_place_id" v="ChIJy0PVDKi7NTERXrSuFrTk7_0" />
    <tag k="source:google_cid" v="18298095273155408990" />
    <tag k="source:url" v="https://www.google.com/maps/place/Tr%E1%BA%A1m+Thu+ph%C3%AD+Y%C3%AAn+M%E1%BB%B9/data=!4m7!3m6!1s0x3135bba80cd543cb:0xfdefe4b416aeb45e!8m2!3d20.8502087!4d106.0275494!16s%2Fg%2F11dztry1tj!19sChIJy0PVDKi7NTERXrSuFrTk7_0?authuser=0&amp;hl=vi&amp;rclk=1" />
    <tag k="ref:osm_match" v="vn-toll-osm-4686546644" />
    <tag k="note:osm_match_name" v="OSM toll 4686546644" />
    <tag k="maps_vietnam:id" v="vn-toll-gmaps-chijy0pvdki7nterxrsufrtk7-0" />
    <tag k="maps_vietnam:clean_status" v="auto_keep_merge" />
    <tag k="maps_vietnam:confidence" v="0.7" />
    <tag k="maps_vietnam:status" v="active" />
  </node>
  <node id="14000000114" lat="10.111717" lon="105.648978" version="1" timestamp="2026-06-11T02:34:07Z">
    <tag k="barrier" v="toll_booth" />
    <tag k="highway" v="toll_gantry" />
    <tag k="payment" v="etc" />
    <tag k="payment:etc" v="yes" />
    <tag k="toll" v="yes" />
    <tag k="name" v="Trạm thu phí Ô Môn" />
    <tag k="addr:full" v="Phước Thới, Cần Thơ, Việt Nam" />
    <tag k="addr:province" v="Cần Thơ" />
    <tag k="source" v="maps-vietnam toll-station-pipeline" />
    <tag k="source:datasets" v="B_final" />
    <tag k="source:google_place_id" v="ChIJizMkGlGEoDERl3WwUanGeo8" />
    <tag k="source:google_cid" v="10338794325104686487" />
    <tag k="source:url" v="https://www.google.com/maps/place/Tr%E1%BA%A1m+Thu+ph%C3%AD+%C3%94+M%C3%B4n/data=!4m7!3m6!1s0x31a084511a24338b:0x8f7ac6a951b07597!8m2!3d10.1117168!4d105.6489778!16s%2Fg%2F11fz038bjp!19sChIJizMkGlGEoDERl3WwUanGeo8?authuser=0&amp;hl=vi&amp;rclk=1" />
    <tag k="ref:osm_match" v="vn-toll-osm-5003536551" />
    <tag k="note:osm_match_name" v="OSM toll 5003536551" />
    <tag k="maps_vietnam:id" v="vn-toll-gmaps-chijizmkglgeoderl3wwuangeo8" />
    <tag k="maps_vietnam:clean_status" v="auto_keep_unique" />
    <tag k="maps_vietnam:confidence" v="0.7" />
    <tag k="maps_vietnam:status" v="active" />
  </node>
  <node id="14000000115" lat="15.930527" lon="108.228712" version="1" timestamp="2026-06-11T02:34:07Z">
    <tag k="barrier" v="toll_booth" />
    <tag k="highway" v="toll_gantry" />
    <tag k="payment" v="etc" />
    <tag k="payment:etc" v="yes" />
    <tag k="toll" v="yes" />
    <tag k="name" v="Trạm thu phí Điện Bàn" />
    <tag k="addr:full" v="W6JH+6F8 Nhà đất Trạm Thu phí Điện Bàn, AH1, Điện Bàn Bắc, Đà Nẵng, Việt Nam" />
    <tag k="addr:province" v="Đà Nẵng" />
    <tag k="source" v="maps-vietnam toll-station-pipeline" />
    <tag k="source:datasets" v="B_final" />
    <tag k="source:google_place_id" v="ChIJLdpAqq0aQjERmiRp-ouSmJs" />
    <tag k="source:google_cid" v="11211872402238153882" />
    <tag k="source:url" v="https://www.google.com/maps/place/Nh%C3%A0+%C4%91%E1%BA%A5t+Tr%E1%BA%A1m+Thu+ph%C3%AD+%C4%90i%E1%BB%87n+B%C3%A0n/data=!4m7!3m6!1s0x31421aadaa40da2d:0x9b98928bfa69249a!8m2!3d15.9305268!4d108.2287119!16s%2Fg%2F11c2j86x7c!19sChIJLdpAqq0aQjERmiRp-ouSmJs?authuser=0&amp;hl=vi&amp;rclk=1" />
    <tag k="ref:osm_match" v="vn-toll-osm-5589299568" />
    <tag k="note:osm_match_name" v="OSM toll 5589299568" />
    <tag k="maps_vietnam:id" v="vn-toll-gmaps-chijldpaqq0aqjermirp-ousmjs" />
    <tag k="maps_vietnam:clean_status" v="auto_keep_unique" />
    <tag k="maps_vietnam:confidence" v="0.8" />
    <tag k="maps_vietnam:status" v="active" />
  </node>
  <node id="14000000116" lat="11.2218334" lon="106.7252837" version="1" timestamp="2026-06-11T02:34:07Z">
    <tag k="barrier" v="toll_booth" />
    <tag k="highway" v="toll_gantry" />
    <tag k="payment" v="etc" />
    <tag k="payment:etc" v="yes" />
    <tag k="toll" v="yes" />
    <tag k="name" v="Trạm thu phí ĐT741" />
    <tag k="addr:full" v="6PCG+P43, ĐT741, Phước Hòa, Hồ Chí Minh, Việt Nam" />
    <tag k="addr:province" v="Hồ Chí Minh" />
    <tag k="road" v="ĐT741" />
    <tag k="source" v="maps-vietnam toll-station-pipeline" />
    <tag k="source:datasets" v="A_colleague" />
    <tag k="source:google_cid" v="0x3174c7ec066570e9:0x71f957b08d6184c7" />
    <tag k="source:url" v="https://www.google.com/maps/place/Tr%E1%BA%A1m+Thu+Ph%C3%AD+%C4%90T741/@11.2218334,106.7252837,17z/data=!3m1!4b1!4m6!3m5!1s0x3174c7ec066570e9:0x71f957b08d6184c7!8m2!3d11.2218334!4d106.7252837!16s%2Fg%2F11vf1p4v9b?entry=ttu&amp;g_ep=EgoyMDI2MDYwMS4wIKXMDSoASAFQAw%3D%3D" />
    <tag k="maps_vietnam:id" v="vn-toll-clean-072" />
    <tag k="maps_vietnam:clean_status" v="auto_keep_unique" />
    <tag k="maps_vietnam:status" v="active" />
  </node>
  <node id="14000000117" lat="16.785018" lon="107.149829" version="1" timestamp="2026-06-11T02:34:07Z">
    <tag k="barrier" v="toll_booth" />
    <tag k="highway" v="toll_gantry" />
    <tag k="payment" v="etc" />
    <tag k="payment:etc" v="yes" />
    <tag k="toll" v="yes" />
    <tag k="name" v="Trạm thu phí Đông Hà" />
    <tag k="addr:full" v="Q4PX+2W4 Trạm Thu phí Đông Hà, QL1A, Ái Tử, Quảng Trị, Việt Nam" />
    <tag k="addr:province" v="Quảng Trị" />
    <tag k="road" v="QL1A" />
    <tag k="source" v="maps-vietnam toll-station-pipeline" />
    <tag k="source:datasets" v="A_colleague;B_final" />
    <tag k="source:google_place_id" v="ChIJt8Y1wP3kQDERg-LLIFZxXxM" />
    <tag k="source:google_cid" v="1395959024239501955" />
    <tag k="source:url" v="https://www.google.com/maps/place/Tr%E1%BA%A1m+Thu+ph%C3%AD+%C4%90%C3%B4ng+H%C3%A0/data=!4m7!3m6!1s0x3140e4fdc035c6b7:0x135f715620cbe283!8m2!3d16.7850177!4d107.1498289!16s%2Fg%2F11c533czsz!19sChIJt8Y1wP3kQDERg-LLIFZxXxM?authuser=0&amp;hl=vi&amp;rclk=1" />
    <tag k="ref:osm_match" v="vn-toll-osm-3516472469" />
    <tag k="note:osm_match_name" v="Trạm Thu Phí Đông Hà" />
    <tag k="maps_vietnam:id" v="vn-toll-gmaps-chijt8y1wp3kqderg-llifzxxxm" />
    <tag k="maps_vietnam:clean_status" v="auto_keep_merge" />
    <tag k="maps_vietnam:confidence" v="0.9" />
    <tag k="maps_vietnam:status" v="active" />
  </node>
  <node id="14000000118" lat="20.55882" lon="106.368051" version="1" timestamp="2026-06-11T02:34:07Z">
    <tag k="barrier" v="toll_booth" />
    <tag k="highway" v="toll_gantry" />
    <tag k="payment" v="etc" />
    <tag k="payment:etc" v="yes" />
    <tag k="toll" v="yes" />
    <tag k="name" v="Trạm thu phí Đông Hưng" />
    <tag k="addr:full" v="H959+G6F Trạm Thu phí Đông Hưng, Unnamed, Road, Đông Hưng, Hưng Yên, Việt Nam" />
    <tag k="addr:province" v="Hưng Yên" />
    <tag k="source" v="maps-vietnam toll-station-pipeline" />
    <tag k="source:datasets" v="A_colleague;B_final" />
    <tag k="source:google_place_id" v="ChIJDaD8B7LxNTERBKTSdn3mjEI" />
    <tag k="source:google_cid" v="4795461129781552132" />
    <tag k="source:url" v="https://www.google.com/maps/place/Tr%E1%BA%A1m+Thu+ph%C3%AD+%C4%90%C3%B4ng+H%C6%B0ng/data=!4m7!3m6!1s0x3135f1b207fca00d:0x428ce67d76d2a404!8m2!3d20.5588202!4d106.3680508!16s%2Fg%2F11jn_wbm53!19sChIJDaD8B7LxNTERBKTSdn3mjEI?authuser=0&amp;hl=vi&amp;rclk=1" />
    <tag k="ref:osm_match" v="vn-toll-osm-10198933880" />
    <tag k="note:osm_match_name" v="Trạm Thu Phí Đông Hưng" />
    <tag k="maps_vietnam:id" v="vn-toll-gmaps-chijdad8b7lxnterbktsdn3mjei" />
    <tag k="maps_vietnam:clean_status" v="auto_keep_merge" />
    <tag k="maps_vietnam:confidence" v="0.7" />
    <tag k="maps_vietnam:status" v="active" />
  </node>
  <node id="14000000119" lat="19.827931" lon="105.69233" version="1" timestamp="2026-06-11T02:34:07Z">
    <tag k="barrier" v="toll_booth" />
    <tag k="highway" v="toll_gantry" />
    <tag k="payment" v="etc" />
    <tag k="payment:etc" v="yes" />
    <tag k="toll" v="yes" />
    <tag k="name" v="Trạm thu phí Đông Xuân" />
    <tag k="addr:full" v="RMHR+5W Trạm thu phí Đông Xuân, Đông Sơn, Thanh Hóa, Việt Nam" />
    <tag k="addr:province" v="Thanh Hóa" />
    <tag k="source" v="maps-vietnam toll-station-pipeline" />
    <tag k="source:datasets" v="B_final" />
    <tag k="source:google_place_id" v="ChIJw_epZQD3NjERiBu-Dwg-pdU" />
    <tag k="source:google_cid" v="15394779105580686216" />
    <tag k="source:url" v="https://www.google.com/maps/place/Tr%E1%BA%A1m+thu+ph%C3%AD+%C4%90%C3%B4ng+Xu%C3%A2n/data=!4m7!3m6!1s0x3136f70065a9f7c3:0xd5a53e080fbe1b88!8m2!3d19.8279315!4d105.6923302!16s%2Fg%2F11n9w30y3l!19sChIJw_epZQD3NjERiBu-Dwg-pdU?authuser=0&amp;hl=vi&amp;rclk=1" />
    <tag k="ref:osm_match" v="vn-toll-osm-1359071499" />
    <tag k="note:osm_match_name" v="OSM toll 1359071499" />
    <tag k="maps_vietnam:id" v="vn-toll-gmaps-chijw-epzqd3njeribu-dwg-pdu" />
    <tag k="maps_vietnam:clean_status" v="auto_keep_unique" />
    <tag k="maps_vietnam:confidence" v="0.8" />
    <tag k="maps_vietnam:status" v="active" />
  </node>
  <node id="14000000120" lat="20.965148" lon="105.397958" version="1" timestamp="2026-06-11T02:34:07Z">
    <tag k="barrier" v="toll_booth" />
    <tag k="highway" v="toll_gantry" />
    <tag k="payment" v="etc" />
    <tag k="payment:etc" v="yes" />
    <tag k="toll" v="yes" />
    <tag k="name" v="Trạm thu phí đường Hòa Lạc - Hòa Bình" />
    <tag k="addr:full" v="Hòa Bình, Việt Nam" />
    <tag k="addr:province" v="Hòa Bình" />
    <tag k="source" v="maps-vietnam toll-station-pipeline" />
    <tag k="source:datasets" v="A_colleague;B_final" />
    <tag k="source:google_place_id" v="ChIJOSJOUw5nNDERLjGn046zgi4" />
    <tag k="source:google_cid" v="3351438498734747950" />
    <tag k="source:url" v="https://www.google.com/maps/place/Tra%CC%A3m+thu+phi%CC%81+%C4%91%C6%B0%C6%A1%CC%80ng+H%C3%B2a+La%CC%A3c+-+H%C3%B2a+Bi%CC%80nh/data=!4m7!3m6!1s0x3134670e534e2239:0x2e82b38ed3a7312e!8m2!3d20.9651479!4d105.3979576!16s%2Fg%2F11h01t634c!19sChIJOSJOUw5nNDERLjGn046zgi4?authuser=0&amp;hl=vi&amp;rclk=1" />
    <tag k="ref:osm_match" v="vn-toll-osm-999443039" />
    <tag k="note:osm_match_name" v="Đường cao tốc Hòa Lạc – Hòa Bình" />
    <tag k="maps_vietnam:id" v="vn-toll-gmaps-chijosjouw5nnderljgn046zgi4" />
    <tag k="maps_vietnam:clean_status" v="auto_keep_merge" />
    <tag k="maps_vietnam:confidence" v="0.8" />
    <tag k="maps_vietnam:status" v="active" />
  </node>
  <node id="14000000121" lat="21.3492254" lon="107.5528941" version="1" timestamp="2026-06-11T02:34:07Z">
    <tag k="barrier" v="toll_booth" />
    <tag k="highway" v="toll_gantry" />
    <tag k="payment" v="etc" />
    <tag k="payment:etc" v="yes" />
    <tag k="toll" v="yes" />
    <tag k="name" v="Trạm thu phí Đầm Hà" />
    <tag k="addr:full" v="Quảng Tân, Quảng Ninh, Việt Nam" />
    <tag k="addr:province" v="Quảng Ninh" />
    <tag k="source" v="maps-vietnam toll-station-pipeline" />
    <tag k="source:datasets" v="A_colleague" />
    <tag k="source:google_place_id" v="ChIJgcNef0w9SzERweMx1UCd_dg" />
    <tag k="source:google_cid" v="0x314b3d4c7f5ec381:0xd8fd9d40d531e3c1" />
    <tag k="source:url" v="https://www.google.com/maps/place/Tr%E1%BA%A1m+Thu+Ph%C3%AD+%C4%90%E1%BA%A7m+H%C3%A0/data=!4m7!3m6!1s0x314b3d4c7f5ec381:0xd8fd9d40d531e3c1!8m2!3d21.3492254!4d107.5528941!16s%2Fg%2F11tg529wns!19sChIJgcNef0w9SzERweMx1UCd_dg?authuser=0&amp;hl=vi&amp;rclk=1" />
    <tag k="maps_vietnam:id" v="vn-toll-clean-091" />
    <tag k="maps_vietnam:clean_status" v="auto_keep_unique" />
    <tag k="maps_vietnam:status" v="active" />
  </node>
  <node id="14000000122" lat="12.188389" lon="107.637639" version="1" timestamp="2026-06-11T02:34:07Z">
    <tag k="barrier" v="toll_booth" />
    <tag k="highway" v="toll_gantry" />
    <tag k="payment" v="etc" />
    <tag k="payment:etc" v="yes" />
    <tag k="toll" v="yes" />
    <tag k="name" v="Trạm thu phí Đắk Song" />
    <tag k="addr:full" v="5JQQ+932 Trạm Thu phí Đắk Song, QL14, Trường Xuân, Lâm Đồng, Việt Nam" />
    <tag k="addr:province" v="Lâm Đồng" />
    <tag k="road" v="QL14" />
    <tag k="source" v="maps-vietnam toll-station-pipeline" />
    <tag k="source:datasets" v="A_colleague;B_final" />
    <tag k="source:google_place_id" v="ChIJG3ByQA61czERsGEVsyvu4HE" />
    <tag k="source:google_cid" v="8205820392524571056" />
    <tag k="source:url" v="https://www.google.com/maps/place/Tr%E1%BA%A1m+Thu+ph%C3%AD+%C4%90%E1%BA%AFk+Song/data=!4m7!3m6!1s0x3173b50e4072701b:0x71e0ee2bb31561b0!8m2!3d12.1883894!4d107.6376395!16s%2Fg%2F11g9jdd5jv!19sChIJG3ByQA61czERsGEVsyvu4HE?authuser=0&amp;hl=vi&amp;rclk=1" />
    <tag k="ref:osm_match" v="vn-toll-osm-10826144165" />
    <tag k="note:osm_match_name" v="Trạm Thu Phí Đắk Song" />
    <tag k="maps_vietnam:id" v="vn-toll-gmaps-chijg3byqa61czersgevsyvu4he" />
    <tag k="maps_vietnam:clean_status" v="auto_keep_merge" />
    <tag k="maps_vietnam:confidence" v="0.9" />
    <tag k="maps_vietnam:status" v="active" />
  </node>
  <node id="14000000123" lat="11.859578" lon="108.457887" version="1" timestamp="2026-06-11T02:34:07Z">
    <tag k="barrier" v="toll_booth" />
    <tag k="highway" v="toll_gantry" />
    <tag k="payment" v="etc" />
    <tag k="payment:etc" v="yes" />
    <tag k="toll" v="yes" />
    <tag k="name" v="Trạm thu phí Định An" />
    <tag k="addr:full" v="VF55+R5J Trạm Thu phí Định An, CT27, Hiệp Thạnh, Lâm Đồng, Việt Nam" />
    <tag k="addr:province" v="Lâm Đồng" />
    <tag k="road" v="CT27" />
    <tag k="source" v="maps-vietnam toll-station-pipeline" />
    <tag k="source:datasets" v="B_final" />
    <tag k="source:google_place_id" v="ChIJ-_WvFyUVcTER5tonghiANj4" />
    <tag k="source:google_cid" v="4482911321845127910" />
    <tag k="source:url" v="https://www.google.com/maps/place/Tr%E1%BA%A1m+Thu+ph%C3%AD+%C4%90%E1%BB%8Bnh+An/data=!4m7!3m6!1s0x3171152517aff5fb:0x3e3680188227dae6!8m2!3d11.859578!4d108.4578873!16s%2Fg%2F11h4tp2lx8!19sChIJ-_WvFyUVcTER5tonghiANj4?authuser=0&amp;hl=vi&amp;rclk=1" />
    <tag k="ref:osm_match" v="vn-toll-osm-814071926" />
    <tag k="note:osm_match_name" v="Đường cao tốc Liên Khương - Prenn" />
    <tag k="maps_vietnam:id" v="vn-toll-gmaps-chij-wvfyuvcter5tonghianj4" />
    <tag k="maps_vietnam:clean_status" v="auto_keep_merge" />
    <tag k="maps_vietnam:confidence" v="0.9" />
    <tag k="maps_vietnam:status" v="active" />
  </node>
  <node id="14000000124" lat="21.048429" lon="107.164898" version="1" timestamp="2026-06-11T02:34:07Z">
    <tag k="barrier" v="toll_booth" />
    <tag k="highway" v="toll_gantry" />
    <tag k="payment" v="etc" />
    <tag k="payment:etc" v="yes" />
    <tag k="toll" v="yes" />
    <tag k="name" v="Trạm thu phí Đồng Lá" />
    <tag k="addr:full" v="25X7+9XC Trạm Thu phí Đồng Lá, Unnamed, Road, Thống Nhất, Quảng Ninh, Việt Nam" />
    <tag k="addr:province" v="Quảng Ninh" />
    <tag k="source" v="maps-vietnam toll-station-pipeline" />
    <tag k="source:datasets" v="B_final" />
    <tag k="source:google_place_id" v="ChIJOckr2Iv5SjERf0tgJWtc6ZQ" />
    <tag k="source:google_cid" v="10730209202445241215" />
    <tag k="source:url" v="https://www.google.com/maps/place/Tr%E1%BA%A1m+Thu+ph%C3%AD+%C4%90%E1%BB%93ng+L%C3%A1/data=!4m7!3m6!1s0x314af98bd82bc939:0x94e95c6b25604b7f!8m2!3d21.0484295!4d107.1648984!16s%2Fg%2F11fmd7gbzb!19sChIJOckr2Iv5SjERf0tgJWtc6ZQ?authuser=0&amp;hl=vi&amp;rclk=1" />
    <tag k="ref:osm_match" v="vn-toll-osm-6427220541" />
    <tag k="note:osm_match_name" v="Trạm Thu Phí Đồng Lá" />
    <tag k="maps_vietnam:id" v="vn-toll-gmaps-chijockr2iv5sjerf0tgjwtc6zq" />
    <tag k="maps_vietnam:clean_status" v="auto_keep_unique" />
    <tag k="maps_vietnam:confidence" v="0.8" />
    <tag k="maps_vietnam:status" v="active" />
  </node>
  <node id="14000000125" lat="20.992671" lon="106.987163" version="1" timestamp="2026-06-11T02:34:07Z">
    <tag k="barrier" v="toll_booth" />
    <tag k="highway" v="toll_gantry" />
    <tag k="payment" v="etc" />
    <tag k="payment:etc" v="yes" />
    <tag k="toll" v="yes" />
    <tag k="name" v="Trạm thu phí Đồng Đăng" />
    <tag k="addr:full" v="XXVP+3V7 Trạm Thu phí Đồng Đăng, Việt Hưng, Quảng Ninh, Việt Nam" />
    <tag k="addr:province" v="Quảng Ninh" />
    <tag k="source" v="maps-vietnam toll-station-pipeline" />
    <tag k="source:datasets" v="B_final" />
    <tag k="source:google_place_id" v="ChIJeeIIoH71SjERAsYK4VltFBY" />
    <tag k="source:google_cid" v="1591016801163724290" />
    <tag k="source:url" v="https://www.google.com/maps/place/Tr%E1%BA%A1m+Thu+ph%C3%AD+%C4%90%E1%BB%93ng+%C4%90%C4%83ng/data=!4m7!3m6!1s0x314af57ea008e279:0x16146d59e10ac602!8m2!3d20.9926713!4d106.9871633!16s%2Fg%2F11t_yq7wsh!19sChIJeeIIoH71SjERAsYK4VltFBY?authuser=0&amp;hl=vi&amp;rclk=1" />
    <tag k="ref:osm_match" v="vn-toll-osm-1483324798" />
    <tag k="note:osm_match_name" v="Trạm Thu phí Đồng Đăng" />
    <tag k="maps_vietnam:id" v="vn-toll-gmaps-chijeeiioh71sjerasyk4vltfby" />
    <tag k="maps_vietnam:clean_status" v="auto_keep_unique" />
    <tag k="maps_vietnam:confidence" v="0.8" />
    <tag k="maps_vietnam:status" v="active" />
  </node>
  <node id="14000000126" lat="10.77753" lon="106.439493" version="1" timestamp="2026-06-11T02:34:07Z">
    <tag k="barrier" v="toll_booth" />
    <tag k="highway" v="toll_gantry" />
    <tag k="payment" v="etc" />
    <tag k="payment:etc" v="yes" />
    <tag k="toll" v="yes" />
    <tag k="name" v="Trạm thu phí Đức Hoà" />
    <tag k="addr:full" v="QCGQ+4M7 Trạm Thu phí Đức Hoà, ĐT830, Ấp 4, Đức Hòa, Tây Ninh, Việt Nam" />
    <tag k="addr:province" v="Tây Ninh" />
    <tag k="road" v="ĐT830" />
    <tag k="source" v="maps-vietnam toll-station-pipeline" />
    <tag k="source:datasets" v="B_final" />
    <tag k="source:google_place_id" v="ChIJAShLT8jRCjERhD6eaIVj_z4" />
    <tag k="source:google_cid" v="4539456374049750660" />
    <tag k="source:url" v="https://www.google.com/maps/place/Tr%E1%BA%A1m+Thu+ph%C3%AD+%C4%90%E1%BB%A9c+Ho%C3%A0/data=!4m7!3m6!1s0x310ad1c84f4b2801:0x3eff6385689e3e84!8m2!3d10.7775302!4d106.4394929!16s%2Fg%2F11f76_4lfv!19sChIJAShLT8jRCjERhD6eaIVj_z4?authuser=0&amp;hl=vi&amp;rclk=1" />
    <tag k="ref:osm_match" v="vn-toll-osm-10196742008" />
    <tag k="note:osm_match_name" v="Trạm Thu Phí Đức Hòa" />
    <tag k="maps_vietnam:id" v="vn-toll-gmaps-chijashlt8jrcjerhd6eaivj-z4" />
    <tag k="maps_vietnam:clean_status" v="auto_keep_unique" />
    <tag k="maps_vietnam:confidence" v="0.7" />
    <tag k="maps_vietnam:status" v="active" />
  </node>
  <node id="14000000127" lat="21.378121" lon="105.913552" version="1" timestamp="2026-06-11T02:34:07Z">
    <tag k="barrier" v="toll_booth" />
    <tag k="highway" v="toll_gantry" />
    <tag k="payment" v="etc" />
    <tag k="payment:etc" v="yes" />
    <tag k="toll" v="yes" />
    <tag k="name" v="Cầu treo thu phí" />
    <tag k="addr:full" v="9WH7+6C Cầu treo thu phí, Vạn Xuân, Thái Nguyên, Việt Nam" />
    <tag k="source" v="maps-vietnam toll-station-pipeline" />
    <tag k="source:datasets" v="colleague_google_maps_results" />
    <tag k="source:google_place_id" v="ChIJvdKCdAAZNTER1I3_pM4Sh1s" />
    <tag k="source:google_cid" v="6595260858048155092" />
    <tag k="source:url" v="https://www.google.com/maps/place/C%E1%BA%A7u+treo+thu+ph%C3%AD/data=!4m7!3m6!1s0x313519007482d2bd:0x5b8712cea4ff8dd4!8m2!3d21.3781209!4d105.9135525!16s%2Fg%2F11ms3l0yjt!19sChIJvdKCdAAZNTER1I3_pM4Sh1s?authuser=0&amp;hl=vi&amp;rclk=1" />
    <tag k="maps_vietnam:id" v="vn-toll-results-a8c1640ca55f27" />
    <tag k="maps_vietnam:clean_status" v="reviewed_from_results" />
    <tag k="maps_vietnam:confidence" v="0.80" />
    <tag k="maps_vietnam:status" v="active" />
  </node>
  <node id="14000000128" lat="10.666701" lon="106.457972" version="1" timestamp="2026-06-11T02:34:07Z">
    <tag k="barrier" v="toll_booth" />
    <tag k="highway" v="toll_gantry" />
    <tag k="payment" v="etc" />
    <tag k="payment:etc" v="yes" />
    <tag k="toll" v="yes" />
    <tag k="name" v="Trạm Thu phí Bến Lức" />
    <tag k="addr:full" v="MF85+M5Q Trạm Thu phí Bến Lức, ĐT824, Bến Lức, Tây Ninh, Việt Nam" />
    <tag k="source" v="maps-vietnam toll-station-pipeline" />
    <tag k="source:datasets" v="colleague_google_maps_results" />
    <tag k="source:google_place_id" v="ChIJ27l-b9XNCjERsUO1qWTRhg8" />
    <tag k="source:google_cid" v="1118811787722310577" />
    <tag k="source:url" v="https://www.google.com/maps/place/Tra%CC%A3m+Thu+ph%C3%AD+B%E1%BA%BFn+L%E1%BB%A9c/data=!4m7!3m6!1s0x310acdd56f7eb9db:0xf86d164a9b543b1!8m2!3d10.6667011!4d106.4579725!16s%2Fg%2F11g0m36nzj!19sChIJ27l-b9XNCjERsUO1qWTRhg8?authuser=0&amp;hl=vi&amp;rclk=1" />
    <tag k="maps_vietnam:id" v="vn-toll-results-8912940a55179a" />
    <tag k="maps_vietnam:clean_status" v="reviewed_from_results" />
    <tag k="maps_vietnam:confidence" v="0.80" />
    <tag k="maps_vietnam:status" v="active" />
  </node>
  <node id="14000000129" lat="20.301291" lon="106.562304" version="1" timestamp="2026-06-11T02:34:07Z">
    <tag k="barrier" v="toll_booth" />
    <tag k="highway" v="toll_gantry" />
    <tag k="payment" v="etc" />
    <tag k="payment:etc" v="yes" />
    <tag k="toll" v="yes" />
    <tag k="name" v="Trạm thu phí BOT Đường ven biển Thái Bình" />
    <tag k="addr:full" v="8H26+GW7 Trạm Thu Phí BOT Đường ven biển Thái Bình, Hưng Phú, Hưng Yên, Việt Nam" />
    <tag k="source" v="maps-vietnam toll-station-pipeline" />
    <tag k="source:datasets" v="colleague_google_maps_results" />
    <tag k="source:google_place_id" v="ChIJYxIoWwABSjEReSdq-GRvTjU" />
    <tag k="source:google_cid" v="3841130011648731001" />
    <tag k="source:url" v="https://www.google.com/maps/place/Tr%E1%BA%A1m+Thu+Ph%C3%AD+BOT+%C4%90%C6%B0%E1%BB%9Dng+ven+bi%E1%BB%83n+Th%C3%A1i+B%C3%ACnh/data=!4m7!3m6!1s0x314a01005b281263:0x354e6f64f86a2779!8m2!3d20.3012915!4d106.5623037!16s%2Fg%2F11xlb4076x!19sChIJYxIoWwABSjEReSdq-GRvTjU?authuser=0&amp;hl=vi&amp;rclk=1" />
    <tag k="maps_vietnam:id" v="vn-toll-results-af81bbbd5539fa" />
    <tag k="maps_vietnam:clean_status" v="reviewed_from_results" />
    <tag k="maps_vietnam:confidence" v="0.80" />
    <tag k="maps_vietnam:status" v="active" />
  </node>
  <node id="14000000130" lat="10.66154" lon="106.560297" version="1" timestamp="2026-06-11T02:34:07Z">
    <tag k="barrier" v="toll_booth" />
    <tag k="highway" v="toll_gantry" />
    <tag k="payment" v="etc" />
    <tag k="payment:etc" v="yes" />
    <tag k="toll" v="yes" />
    <tag k="name" v="Trạm thu phí Bình Chánh" />
    <tag k="addr:full" v="MH66+J42 Trạm Thu Phí Bình Chánh, Bình Chánh, Hồ Chí Minh, Việt Nam" />
    <tag k="source" v="maps-vietnam toll-station-pipeline" />
    <tag k="source:datasets" v="colleague_google_maps_results" />
    <tag k="source:google_place_id" v="ChIJy1DwEQAzdTER3zeH3h1YGtI" />
    <tag k="source:google_cid" v="15139509982670043103" />
    <tag k="source:url" v="https://www.google.com/maps/place/Tr%E1%BA%A1m+Thu+Ph%C3%AD+B%C3%ACnh+Ch%C3%A1nh/data=!4m7!3m6!1s0x3175330011f050cb:0xd21a581dde8737df!8m2!3d10.6615405!4d106.5602967!16s%2Fg%2F11ltj6fp0f!19sChIJy1DwEQAzdTER3zeH3h1YGtI?authuser=0&amp;hl=vi&amp;rclk=1" />
    <tag k="maps_vietnam:id" v="vn-toll-results-739d8616d1be53" />
    <tag k="maps_vietnam:clean_status" v="reviewed_from_results" />
    <tag k="maps_vietnam:confidence" v="0.80" />
    <tag k="maps_vietnam:status" v="active" />
  </node>
  <node id="14000000131" lat="13.951063" lon="109.007743" version="1" timestamp="2026-06-11T02:34:07Z">
    <tag k="barrier" v="toll_booth" />
    <tag k="highway" v="toll_gantry" />
    <tag k="payment" v="etc" />
    <tag k="payment:etc" v="yes" />
    <tag k="toll" v="yes" />
    <tag k="name" v="Trạm thu phí Bình Hiệp" />
    <tag k="addr:full" v="X225+C3 Trạm Thu Phí Bình Hiệp, Bình Hiệp, Gia Lai, Việt Nam" />
    <tag k="source" v="maps-vietnam toll-station-pipeline" />
    <tag k="source:datasets" v="colleague_google_maps_results" />
    <tag k="source:google_place_id" v="ChIJyYMmGQA9bzER-vb3_hXQdDw" />
    <tag k="source:google_cid" v="4356335532464666362" />
    <tag k="source:url" v="https://www.google.com/maps/place/Tr%E1%BA%A1m+Thu+Ph%C3%AD+B%C3%ACnh+Hi%E1%BB%87p/data=!4m7!3m6!1s0x316f3d00192683c9:0x3c74d015fef7f6fa!8m2!3d13.9510634!4d109.0077431!16s%2Fg%2F11zck7cy1b!19sChIJyYMmGQA9bzER-vb3_hXQdDw?authuser=0&amp;hl=vi&amp;rclk=1" />
    <tag k="maps_vietnam:id" v="vn-toll-results-4f58e6be10a8dc" />
    <tag k="maps_vietnam:clean_status" v="reviewed_from_results" />
    <tag k="maps_vietnam:confidence" v="0.80" />
    <tag k="maps_vietnam:status" v="active" />
  </node>
  <node id="14000000132" lat="13.874158" lon="108.008176" version="1" timestamp="2026-06-11T02:34:07Z">
    <tag k="barrier" v="toll_booth" />
    <tag k="highway" v="toll_gantry" />
    <tag k="payment" v="etc" />
    <tag k="payment:etc" v="yes" />
    <tag k="toll" v="yes" />
    <tag k="name" v="Trạm thu phí Chư Sê" />
    <tag k="addr:full" v="V2F5+P83 Trạm Thu Phí Chư Sê, Ia Băng, Gia Lai, Việt Nam" />
    <tag k="source" v="maps-vietnam toll-station-pipeline" />
    <tag k="source:datasets" v="colleague_google_maps_results" />
    <tag k="source:google_place_id" v="ChIJD1wWbAAnbDERlue5lijyFXg" />
    <tag k="source:google_cid" v="8653088515203655574" />
    <tag k="source:url" v="https://www.google.com/maps/place/Tr%E1%BA%A1m+Thu+Ph%C3%AD+Ch%C6%B0+S%C3%AA/data=!4m7!3m6!1s0x316c27006c165c0f:0x7815f22896b9e796!8m2!3d13.8741578!4d108.0081757!16s%2Fg%2F11x6qnjphw!19sChIJD1wWbAAnbDERlue5lijyFXg?authuser=0&amp;hl=vi&amp;rclk=1" />
    <tag k="maps_vietnam:id" v="vn-toll-results-7e5e7fa4176995" />
    <tag k="maps_vietnam:clean_status" v="reviewed_from_results" />
    <tag k="maps_vietnam:confidence" v="0.80" />
    <tag k="maps_vietnam:status" v="active" />
  </node>
  <node id="14000000133" lat="10.699714" lon="106.608864" version="1" timestamp="2026-06-11T02:34:07Z">
    <tag k="barrier" v="toll_booth" />
    <tag k="highway" v="toll_gantry" />
    <tag k="payment" v="etc" />
    <tag k="payment:etc" v="yes" />
    <tag k="toll" v="yes" />
    <tag k="name" v="Trạm thu phí Chợ Bình Điền" />
    <tag k="addr:full" v="MJX5+VGQ Trạm Thu Phí Chợ Bình Điền, Bình Đông, Hồ Chí Minh, Việt Nam" />
    <tag k="source" v="maps-vietnam toll-station-pipeline" />
    <tag k="source:datasets" v="colleague_google_maps_results" />
    <tag k="source:google_place_id" v="ChIJhVGZUAwydTERjxZNJvR0aOo" />
    <tag k="source:google_cid" v="16890878994416473743" />
    <tag k="source:url" v="https://www.google.com/maps/place/Tr%E1%BA%A1m+Thu+Ph%C3%AD+Ch%E1%BB%A3+B%C3%ACnh+%C4%90i%E1%BB%81n/data=!4m7!3m6!1s0x3175320c50995185:0xea6874f4264d168f!8m2!3d10.6997145!4d106.6088642!16s%2Fg%2F11cs1lj3p7!19sChIJhVGZUAwydTERjxZNJvR0aOo?authuser=0&amp;hl=vi&amp;rclk=1" />
    <tag k="maps_vietnam:id" v="vn-toll-results-38e15c8298ba28" />
    <tag k="maps_vietnam:clean_status" v="reviewed_from_results" />
    <tag k="maps_vietnam:confidence" v="0.80" />
    <tag k="maps_vietnam:status" v="active" />
  </node>
  <node id="14000000134" lat="17.747179" lon="106.440918" version="1" timestamp="2026-06-11T02:34:07Z">
    <tag k="barrier" v="toll_booth" />
    <tag k="highway" v="toll_gantry" />
    <tag k="payment" v="etc" />
    <tag k="payment:etc" v="yes" />
    <tag k="toll" v="yes" />
    <tag k="name" v="Trạm thu phí Cầu Gianh - Quảng Bình" />
    <tag k="addr:full" v="QL1A, Bắc Gianh, Quảng Trị, Việt Nam" />
    <tag k="source" v="maps-vietnam toll-station-pipeline" />
    <tag k="source:datasets" v="colleague_google_maps_results" />
    <tag k="source:google_place_id" v="ChIJT30jMjWfODERDWkeulo3OQY" />
    <tag k="source:google_cid" v="448450500709214477" />
    <tag k="source:url" v="https://www.google.com/maps/place/Tr%E1%BA%A1m+Thu+Ph%C3%AD+C%E1%BA%A7u+Gianh+-+Qu%E1%BA%A3ng+B%C3%ACnh/data=!4m7!3m6!1s0x31389f3532237d4f:0x639375aba1e690d!8m2!3d17.7471795!4d106.440918!16s%2Fg%2F11bx1_1h3t!19sChIJT30jMjWfODERDWkeulo3OQY?authuser=0&amp;hl=vi&amp;rclk=1" />
    <tag k="maps_vietnam:id" v="vn-toll-results-51072ce4cf0518" />
    <tag k="maps_vietnam:clean_status" v="reviewed_from_results" />
    <tag k="maps_vietnam:confidence" v="0.68" />
    <tag k="maps_vietnam:status" v="active" />
  </node>
  <node id="14000000135" lat="10.900781" lon="106.714263" version="1" timestamp="2026-06-11T02:34:07Z">
    <tag k="barrier" v="toll_booth" />
    <tag k="highway" v="toll_gantry" />
    <tag k="payment" v="etc" />
    <tag k="payment:etc" v="yes" />
    <tag k="toll" v="yes" />
    <tag k="name" v="Trạm thu phí Cầu Ông Bố" />
    <tag k="addr:full" v="WP27+8P6 Trạm Thu Phí Cầu Ông Bố, ĐT743B, Bình Hòa, Hồ Chí Minh, Việt Nam" />
    <tag k="source" v="maps-vietnam toll-station-pipeline" />
    <tag k="source:datasets" v="colleague_google_maps_results" />
    <tag k="source:google_place_id" v="ChIJFy00tK7XdDER1hTd0x2iyII" />
    <tag k="source:google_cid" v="9423960469264995542" />
    <tag k="source:url" v="https://www.google.com/maps/place/Tr%E1%BA%A1m+Thu+Ph%C3%AD+C%E1%BA%A7u+%C3%94ng+B%E1%BB%91/data=!4m7!3m6!1s0x3174d7aeb4342d17:0x82c8a21dd3dd14d6!8m2!3d10.9007814!4d106.7142627!16s%2Fg%2F11f70z_z8p!19sChIJFy00tK7XdDER1hTd0x2iyII?authuser=0&amp;hl=vi&amp;rclk=1" />
    <tag k="maps_vietnam:id" v="vn-toll-results-3dba1c41016286" />
    <tag k="maps_vietnam:clean_status" v="reviewed_from_results" />
    <tag k="maps_vietnam:confidence" v="0.80" />
    <tag k="maps_vietnam:status" v="active" />
  </node>
  <node id="14000000136" lat="20.083758" lon="105.809491" version="1" timestamp="2026-06-11T02:34:07Z">
    <tag k="barrier" v="toll_booth" />
    <tag k="highway" v="toll_gantry" />
    <tag k="payment" v="etc" />
    <tag k="payment:etc" v="yes" />
    <tag k="toll" v="yes" />
    <tag k="name" v="Trạm thu phí Hà Trung" />
    <tag k="addr:full" v="3RM5+GQ Trạm Thu Phí Hà Trung, Hà Long, Thanh Hóa, Việt Nam" />
    <tag k="source" v="maps-vietnam toll-station-pipeline" />
    <tag k="source:datasets" v="colleague_google_maps_results" />
    <tag k="source:google_place_id" v="ChIJLSGmSwBhNjERbVkHGl0uTRk" />
    <tag k="source:google_cid" v="1823164401558444397" />
    <tag k="source:url" v="https://www.google.com/maps/place/Tr%E1%BA%A1m+Thu+Ph%C3%AD+H%C3%A0+Trung/data=!4m7!3m6!1s0x313661004ba6212d:0x194d2e5d1a07596d!8m2!3d20.0837576!4d105.8094911!16s%2Fg%2F11xvt7d1zc!19sChIJLSGmSwBhNjERbVkHGl0uTRk?authuser=0&amp;hl=vi&amp;rclk=1" />
    <tag k="maps_vietnam:id" v="vn-toll-results-48f39937c30d08" />
    <tag k="maps_vietnam:clean_status" v="reviewed_from_results" />
    <tag k="maps_vietnam:confidence" v="0.80" />
    <tag k="maps_vietnam:status" v="active" />
  </node>
  <node id="14000000137" lat="10.932586" lon="107.967996" version="1" timestamp="2026-06-11T02:34:07Z">
    <tag k="barrier" v="toll_booth" />
    <tag k="highway" v="toll_gantry" />
    <tag k="payment" v="etc" />
    <tag k="payment:etc" v="yes" />
    <tag k="toll" v="yes" />
    <tag k="name" v="Trạm thu phí Nút Giao Ba Bàu" />
    <tag k="addr:full" v="WXM9+25 Trạm Thu Phí Nút Giao Ba Bàu, Hàm Kiệm, Bình Thuận, Việt Nam" />
    <tag k="source" v="maps-vietnam toll-station-pipeline" />
    <tag k="source:datasets" v="colleague_google_maps_results" />
    <tag k="source:google_place_id" v="ChIJOWpRcgApdDER45WgsD1p1rs" />
    <tag k="source:google_cid" v="13535121443785840099" />
    <tag k="source:url" v="https://www.google.com/maps/place/Tr%E1%BA%A1m+Thu+Ph%C3%AD+N%C3%BAt+Giao+Ba+B%C3%A0u/data=!4m7!3m6!1s0x3174290072516a39:0xbbd6693db0a095e3!8m2!3d10.9325855!4d107.9679958!16s%2Fg%2F11z4vpnr5n!19sChIJOWpRcgApdDER45WgsD1p1rs?authuser=0&amp;hl=vi&amp;rclk=1" />
    <tag k="maps_vietnam:id" v="vn-toll-results-dc1ebf3ae65637" />
    <tag k="maps_vietnam:clean_status" v="reviewed_from_results" />
    <tag k="maps_vietnam:confidence" v="0.80" />
    <tag k="maps_vietnam:status" v="active" />
  </node>
  <node id="14000000138" lat="10.934372" lon="107.977045" version="1" timestamp="2026-06-11T02:34:07Z">
    <tag k="barrier" v="toll_booth" />
    <tag k="highway" v="toll_gantry" />
    <tag k="payment" v="etc" />
    <tag k="payment:etc" v="yes" />
    <tag k="toll" v="yes" />
    <tag k="name" v="Trạm thu phí Nút Giao Ba Bàu" />
    <tag k="addr:full" v="WXMG+PR Trạm Thu Phí Nút Giao Ba Bàu, Hàm Kiệm, Bình Thuận, Việt Nam" />
    <tag k="source" v="maps-vietnam toll-station-pipeline" />
    <tag k="source:datasets" v="colleague_google_maps_results" />
    <tag k="source:google_place_id" v="ChIJlZ2NeQApdDERgAn-s5QsvC8" />
    <tag k="source:google_cid" v="3439673232590768512" />
    <tag k="source:url" v="https://www.google.com/maps/place/Tr%E1%BA%A1m+Thu+Ph%C3%AD+N%C3%BAt+Giao+Ba+B%C3%A0u/data=!4m7!3m6!1s0x31742900798d9d95:0x2fbc2c94b3fe0980!8m2!3d10.9343717!4d107.9770449!16s%2Fg%2F11z5s_q51k!19sChIJlZ2NeQApdDERgAn-s5QsvC8?authuser=0&amp;hl=vi&amp;rclk=1" />
    <tag k="maps_vietnam:id" v="vn-toll-results-b452ce137aea4d" />
    <tag k="maps_vietnam:clean_status" v="reviewed_from_results" />
    <tag k="maps_vietnam:confidence" v="0.80" />
    <tag k="maps_vietnam:status" v="active" />
  </node>
  <node id="14000000139" lat="10.88509" lon="107.365801" version="1" timestamp="2026-06-11T02:34:07Z">
    <tag k="barrier" v="toll_booth" />
    <tag k="highway" v="toll_gantry" />
    <tag k="payment" v="etc" />
    <tag k="payment:etc" v="yes" />
    <tag k="toll" v="yes" />
    <tag k="name" v="Trạm thu phí Nút Giao TL765 Km 69+400" />
    <tag k="addr:full" v="V9P8+28 Trạm Thu Phí Nút Giao TL765 Km69+400, Xuân Lộc, Đồng Nai, Việt Nam" />
    <tag k="source" v="maps-vietnam toll-station-pipeline" />
    <tag k="source:datasets" v="colleague_google_maps_results" />
    <tag k="source:google_place_id" v="ChIJsf0MbABVdDERdyEG3kkLf-Y" />
    <tag k="source:google_cid" v="16609006362651140471" />
    <tag k="source:url" v="https://www.google.com/maps/place/Tr%E1%BA%A1m+Thu+Ph%C3%AD+N%C3%BAt+Giao+TL765+Km69%2B400/data=!4m7!3m6!1s0x317455006c0cfdb1:0xe67f0b49de062177!8m2!3d10.88509!4d107.365801!16s%2Fg%2F11z3y_1bdm!19sChIJsf0MbABVdDERdyEG3kkLf-Y?authuser=0&amp;hl=vi&amp;rclk=1" />
    <tag k="maps_vietnam:id" v="vn-toll-results-41ca601e6c5f09" />
    <tag k="maps_vietnam:clean_status" v="reviewed_from_results" />
    <tag k="maps_vietnam:confidence" v="0.80" />
    <tag k="maps_vietnam:status" v="active" />
  </node>
  <node id="14000000140" lat="10.94037" lon="108.141791" version="1" timestamp="2026-06-11T02:34:07Z">
    <tag k="barrier" v="toll_booth" />
    <tag k="highway" v="toll_gantry" />
    <tag k="payment" v="etc" />
    <tag k="payment:etc" v="yes" />
    <tag k="toll" v="yes" />
    <tag k="name" v="Trạm thu phí Phú Hài" />
    <tag k="addr:full" v="Trạm thu phí Phú Hài, 51 Nguyễn Thông, Phú Thủy, Lâm Đồng, Việt Nam" />
    <tag k="source" v="maps-vietnam toll-station-pipeline" />
    <tag k="source:datasets" v="colleague_google_maps_results" />
    <tag k="source:google_place_id" v="ChIJhfn86WGDdjERgv1QYBErJ-4" />
    <tag k="source:google_cid" v="17160732258748923266" />
    <tag k="source:url" v="https://www.google.com/maps/place/Tr%E1%BA%A1m+Thu+Ph%C3%AD+Ph%C3%BA+H%C3%A0i/data=!4m7!3m6!1s0x31768361e9fcf985:0xee272b116050fd82!8m2!3d10.9403702!4d108.1417912!16s%2Fg%2F11c1qcfgmy!19sChIJhfn86WGDdjERgv1QYBErJ-4?authuser=0&amp;hl=vi&amp;rclk=1" />
    <tag k="maps_vietnam:id" v="vn-toll-results-69e1f994f650f1" />
    <tag k="maps_vietnam:clean_status" v="reviewed_from_results" />
    <tag k="maps_vietnam:confidence" v="0.80" />
    <tag k="maps_vietnam:status" v="active" />
  </node>
  <node id="14000000141" lat="21.230577" lon="105.693648" version="1" timestamp="2026-06-11T02:34:07Z">
    <tag k="barrier" v="toll_booth" />
    <tag k="highway" v="toll_gantry" />
    <tag k="payment" v="etc" />
    <tag k="payment:etc" v="yes" />
    <tag k="toll" v="yes" />
    <tag k="name" v="Trạm thu phí Quốc lộ 2" />
    <tag k="addr:full" v="QL23, Phúc Yên, Phú Thọ, Việt Nam" />
    <tag k="source" v="maps-vietnam toll-station-pipeline" />
    <tag k="source:datasets" v="colleague_google_maps_results" />
    <tag k="source:google_place_id" v="ChIJSzo2UQv8NDERmducBm6oRxo" />
    <tag k="source:google_cid" v="1893667358843394969" />
    <tag k="source:url" v="https://www.google.com/maps/place/Tr%E1%BA%A1m+Thu+Ph%C3%AD+QL2/data=!4m7!3m6!1s0x3134fc0b51363a4b:0x1a47a86e069cdb99!8m2!3d21.2305771!4d105.6936479!16s%2Fg%2F12hxp35ky!19sChIJSzo2UQv8NDERmducBm6oRxo?authuser=0&amp;hl=vi&amp;rclk=1" />
    <tag k="maps_vietnam:id" v="vn-toll-results-05580e7545bfc7" />
    <tag k="maps_vietnam:clean_status" v="reviewed_from_results" />
    <tag k="maps_vietnam:confidence" v="0.68" />
    <tag k="maps_vietnam:status" v="active" />
  </node>
  <node id="14000000142" lat="21.339235" lon="106.270349" version="1" timestamp="2026-06-11T02:34:07Z">
    <tag k="barrier" v="toll_booth" />
    <tag k="highway" v="toll_gantry" />
    <tag k="payment" v="etc" />
    <tag k="payment:etc" v="yes" />
    <tag k="toll" v="yes" />
    <tag k="name" v="Trạm thu phí Thị Trấn Vôi" />
    <tag k="addr:full" v="87PC+R4 Trạm Thu Phí Thị Trấn Vôi, Lạng Giang, Bắc Ninh, Việt Nam" />
    <tag k="source" v="maps-vietnam toll-station-pipeline" />
    <tag k="source:datasets" v="colleague_google_maps_results" />
    <tag k="source:google_place_id" v="ChIJobOhEABvNTERDj2bNeAS1ns" />
    <tag k="source:google_cid" v="8923340465862556942" />
    <tag k="source:url" v="https://www.google.com/maps/place/Tr%E1%BA%A1m+Thu+Ph%C3%AD+Th%E1%BB%8B+Tr%E1%BA%A5n+V%C3%B4i/data=!4m7!3m6!1s0x31356f0010a1b3a1:0x7bd612e0359b3d0e!8m2!3d21.339235!4d106.2703493!16s%2Fg%2F11x6fd6c1t!19sChIJobOhEABvNTERDj2bNeAS1ns?authuser=0&amp;hl=vi&amp;rclk=1" />
    <tag k="maps_vietnam:id" v="vn-toll-results-7d00ba5a038ceb" />
    <tag k="maps_vietnam:clean_status" v="reviewed_from_results" />
    <tag k="maps_vietnam:confidence" v="0.80" />
    <tag k="maps_vietnam:status" v="active" />
  </node>
  <node id="14000000143" lat="20.620462" lon="105.749682" version="1" timestamp="2026-06-11T02:34:07Z">
    <tag k="barrier" v="toll_booth" />
    <tag k="highway" v="toll_gantry" />
    <tag k="payment" v="etc" />
    <tag k="payment:etc" v="yes" />
    <tag k="toll" v="yes" />
    <tag k="name" v="Trạm Thu Vé Thắng Cảnh Chùa Hương" />
    <tag k="addr:full" v="JPCX+5VM Trạm Thu Vé Thắng Cảnh Chùa Hương, Hương Sơn, Hà Nội, Việt Nam" />
    <tag k="source" v="maps-vietnam toll-station-pipeline" />
    <tag k="source:datasets" v="colleague_google_maps_results" />
    <tag k="source:google_place_id" v="ChIJfSi8_RIzNDERWftKVSihX-U" />
    <tag k="source:google_cid" v="16528106352074750809" />
    <tag k="source:url" v="https://www.google.com/maps/place/Tr%E1%BA%A1m+Thu+V%C3%A9+Th%E1%BA%AFng+C%E1%BA%A3nh+Ch%C3%B9a+H%C6%B0%C6%A1ng/data=!4m7!3m6!1s0x31343312fdbc287d:0xe55fa128554afb59!8m2!3d20.620462!4d105.7496819!16s%2Fg%2F11c206fx9f!19sChIJfSi8_RIzNDERWftKVSihX-U?authuser=0&amp;hl=vi&amp;rclk=1" />
    <tag k="maps_vietnam:id" v="vn-toll-results-7c93585939dabb" />
    <tag k="maps_vietnam:clean_status" v="reviewed_from_results" />
    <tag k="maps_vietnam:confidence" v="0.80" />
    <tag k="maps_vietnam:status" v="active" />
  </node>
  <node id="14000000144" lat="8.954324" lon="105.101025" version="1" timestamp="2026-06-11T02:34:07Z">
    <tag k="barrier" v="toll_booth" />
    <tag k="highway" v="toll_gantry" />
    <tag k="payment" v="etc" />
    <tag k="payment:etc" v="yes" />
    <tag k="toll" v="yes" />
    <tag k="name" v="Trạm thu phí BOT Cầu Chà Là" />
    <tag k="addr:full" v="X432+PCC Trạm Thu phí BOT Cầu Chà Là, Tân Duyệt, Tân Hưng, Cà Mau, Việt Nam" />
    <tag k="source" v="maps-vietnam toll-station-pipeline" />
    <tag k="source:datasets" v="colleague_google_maps_results" />
    <tag k="source:google_place_id" v="ChIJGXNhGn5VoTERer77fK5xJOE" />
    <tag k="source:google_cid" v="16223216751930490490" />
    <tag k="source:url" v="https://www.google.com/maps/place/Tr%E1%BA%A1m+Thu+ph%C3%AD+BOT+C%E1%BA%A7u+Ch%C3%A0+L%C3%A0/data=!4m7!3m6!1s0x31a1557e1a617319:0xe12471ae7cfbbe7a!8m2!3d8.9543241!4d105.1010252!16s%2Fg%2F11f8kd0pw6!19sChIJGXNhGn5VoTERer77fK5xJOE?authuser=0&amp;hl=vi&amp;rclk=1" />
    <tag k="maps_vietnam:id" v="vn-toll-results-c6169ba64724d7" />
    <tag k="maps_vietnam:clean_status" v="reviewed_from_results" />
    <tag k="maps_vietnam:confidence" v="0.80" />
    <tag k="maps_vietnam:status" v="active" />
  </node>
  <node id="14000000145" lat="9.094715" lon="105.153419" version="1" timestamp="2026-06-11T02:34:07Z">
    <tag k="barrier" v="toll_booth" />
    <tag k="highway" v="toll_gantry" />
    <tag k="payment" v="etc" />
    <tag k="payment:etc" v="yes" />
    <tag k="toll" v="yes" />
    <tag k="name" v="Trạm thu phí BOT Cầu Hoà Trung" />
    <tag k="addr:full" v="35W3+889 Trạm Thu phí BOT Cầu Hoà Trung, Cầu Hòa Trung, Lương Thế Trân, Cà Mau, Việt Nam" />
    <tag k="source" v="maps-vietnam toll-station-pipeline" />
    <tag k="source:datasets" v="colleague_google_maps_results" />
    <tag k="source:google_place_id" v="ChIJk9w-F_ROoTER_2eg7gn87fg" />
    <tag k="source:google_cid" v="17937270010474948607" />
    <tag k="source:url" v="https://www.google.com/maps/place/Tr%E1%BA%A1m+Thu+ph%C3%AD+BOT+C%E1%BA%A7u+Ho%C3%A0+Trung/data=!4m7!3m6!1s0x31a14ef4173edc93:0xf8edfc09eea067ff!8m2!3d9.0947149!4d105.1534192!16s%2Fg%2F11ggsgkbb_!19sChIJk9w-F_ROoTER_2eg7gn87fg?authuser=0&amp;hl=vi&amp;rclk=1" />
    <tag k="maps_vietnam:id" v="vn-toll-results-369644b8378979" />
    <tag k="maps_vietnam:clean_status" v="reviewed_from_results" />
    <tag k="maps_vietnam:confidence" v="0.80" />
    <tag k="maps_vietnam:status" v="active" />
  </node>
  <node id="14000000146" lat="10.907639" lon="106.790988" version="1" timestamp="2026-06-11T02:34:07Z">
    <tag k="barrier" v="toll_booth" />
    <tag k="highway" v="toll_gantry" />
    <tag k="payment" v="etc" />
    <tag k="payment:etc" v="yes" />
    <tag k="toll" v="yes" />
    <tag k="name" v="Trạm thu phí Bình Thung" />
    <tag k="addr:full" v="159 Đ Bình Thung, Dĩ An, Hồ Chí Minh, Việt Nam" />
    <tag k="source" v="maps-vietnam toll-station-pipeline" />
    <tag k="source:datasets" v="colleague_google_maps_results" />
    <tag k="source:google_place_id" v="ChIJVVVVVcrYdDERhjh1iPwwKqE" />
    <tag k="source:google_cid" v="11613148450307520646" />
    <tag k="source:url" v="https://www.google.com/maps/place/Tr%E1%BA%A1m+Thu+ph%C3%AD+B%C3%ACnh+Thung/data=!4m7!3m6!1s0x3174d8ca55555555:0xa12a30fc88753886!8m2!3d10.9076387!4d106.7909879!16s%2Fg%2F1tj5hn2n!19sChIJVVVVVcrYdDERhjh1iPwwKqE?authuser=0&amp;hl=vi&amp;rclk=1" />
    <tag k="maps_vietnam:id" v="vn-toll-results-2548de6c7d62ae" />
    <tag k="maps_vietnam:clean_status" v="deduplicated_after_results_merge" />
    <tag k="maps_vietnam:confidence" v="0.80" />
    <tag k="maps_vietnam:status" v="active" />
  </node>
  <node id="14000000147" lat="10.412132" lon="106.164817" version="1" timestamp="2026-06-11T02:34:07Z">
    <tag k="barrier" v="toll_booth" />
    <tag k="highway" v="toll_gantry" />
    <tag k="payment" v="etc" />
    <tag k="payment:etc" v="yes" />
    <tag k="toll" v="yes" />
    <tag k="name" v="Trạm thu phí Cai Lậy" />
    <tag k="addr:full" v="Tân Phú, Đồng Tháp, Việt Nam" />
    <tag k="source" v="maps-vietnam toll-station-pipeline" />
    <tag k="source:datasets" v="colleague_google_maps_results" />
    <tag k="source:google_place_id" v="ChIJCdYDUIS9CjER1xu-4gog-5Y" />
    <tag k="source:google_cid" v="10879324555969436631" />
    <tag k="source:url" v="https://www.google.com/maps/place/Tr%E1%BA%A1m+Thu+ph%C3%AD+Cai+L%E1%BA%ADy/data=!4m7!3m6!1s0x310abd845003d609:0x96fb200ae2be1bd7!8m2!3d10.412132!4d106.1648171!16s%2Fg%2F11t5pvr8_r!19sChIJCdYDUIS9CjER1xu-4gog-5Y?authuser=0&amp;hl=vi&amp;rclk=1" />
    <tag k="maps_vietnam:id" v="vn-toll-results-740a234f764bbb" />
    <tag k="maps_vietnam:clean_status" v="reviewed_from_results" />
    <tag k="maps_vietnam:confidence" v="0.80" />
    <tag k="maps_vietnam:status" v="active" />
  </node>
  <node id="14000000148" lat="11.880694" lon="109.09664" version="1" timestamp="2026-06-11T02:34:07Z">
    <tag k="barrier" v="toll_booth" />
    <tag k="highway" v="toll_gantry" />
    <tag k="payment" v="etc" />
    <tag k="payment:etc" v="yes" />
    <tag k="toll" v="yes" />
    <tag k="name" v="Trạm thu phí Cam Thịnh Đông" />
    <tag k="addr:full" v="V3JW+7M Trạm Thu phí Cam Thịnh Đông, Nam Cam Ranh, Khánh Hòa, Việt Nam" />
    <tag k="source" v="maps-vietnam toll-station-pipeline" />
    <tag k="source:datasets" v="colleague_google_maps_results" />
    <tag k="source:google_place_id" v="ChIJS4SdOwDtcDER5uNqRubSUHg" />
    <tag k="source:google_cid" v="8669661169153926118" />
    <tag k="source:url" v="https://www.google.com/maps/place/Tr%E1%BA%A1m+Thu+ph%C3%AD+Cam+Th%E1%BB%8Bnh+%C4%90%C3%B4ng/data=!4m7!3m6!1s0x3170ed003b9d844b:0x7850d2e6466ae3e6!8m2!3d11.8806942!4d109.0966402!16s%2Fg%2F11vpy1f46r!19sChIJS4SdOwDtcDER5uNqRubSUHg?authuser=0&amp;hl=vi&amp;rclk=1" />
    <tag k="maps_vietnam:id" v="vn-toll-results-1c3e261351c189" />
    <tag k="maps_vietnam:clean_status" v="reviewed_from_results" />
    <tag k="maps_vietnam:confidence" v="0.80" />
    <tag k="maps_vietnam:status" v="active" />
  </node>
  <node id="14000000149" lat="20.288189" lon="106.012548" version="1" timestamp="2026-06-11T02:34:07Z">
    <tag k="barrier" v="toll_booth" />
    <tag k="highway" v="toll_gantry" />
    <tag k="payment" v="etc" />
    <tag k="payment:etc" v="yes" />
    <tag k="toll" v="yes" />
    <tag k="name" v="Trạm thu phí Cao Bồ" />
    <tag k="addr:full" v="Trạm thu phí Cao Bồ, QL10, Ý Yên, Ninh Bình, Việt Nam" />
    <tag k="source" v="maps-vietnam toll-station-pipeline" />
    <tag k="source:datasets" v="colleague_google_maps_results" />
    <tag k="source:google_place_id" v="ChIJ31XzWwB3NjERbiUgC7c621o" />
    <tag k="source:google_cid" v="6546891041153230190" />
    <tag k="source:url" v="https://www.google.com/maps/place/Tr%E1%BA%A1m+Thu+ph%C3%AD+Cao+B%E1%BB%93/data=!4m7!3m6!1s0x313677005bf355df:0x5adb3ab70b20256e!8m2!3d20.2881895!4d106.0125478!16s%2Fg%2F11m5qkkbz2!19sChIJ31XzWwB3NjERbiUgC7c621o?authuser=0&amp;hl=vi&amp;rclk=1" />
    <tag k="maps_vietnam:id" v="vn-toll-results-99e95a3669a3f8" />
    <tag k="maps_vietnam:clean_status" v="deduplicated_after_results_merge" />
    <tag k="maps_vietnam:confidence" v="0.80" />
    <tag k="maps_vietnam:status" v="active" />
  </node>
  <node id="14000000150" lat="11.363849" lon="106.62765" version="1" timestamp="2026-06-11T02:34:07Z">
    <tag k="barrier" v="toll_booth" />
    <tag k="highway" v="toll_gantry" />
    <tag k="payment" v="etc" />
    <tag k="payment:etc" v="yes" />
    <tag k="toll" v="yes" />
    <tag k="name" v="Trạm thu phí Chơn Thành" />
    <tag k="addr:full" v="9J7H+G3J Trạm Thu phí Chơn Thành, Chơn Thành, Đồng Nai, Việt Nam" />
    <tag k="source" v="maps-vietnam toll-station-pipeline" />
    <tag k="source:datasets" v="colleague_google_maps_results" />
    <tag k="source:google_place_id" v="ChIJh_cBjCqydDER7RVqcOxffm4" />
    <tag k="source:google_cid" v="7961906660340536813" />
    <tag k="source:url" v="https://www.google.com/maps/place/Tr%E1%BA%A1m+Thu+ph%C3%AD+Ch%C6%A1n+Th%C3%A0nh/data=!4m7!3m6!1s0x3174b22a8c01f787:0x6e7e5fec706a15ed!8m2!3d11.3638488!4d106.6276504!16s%2Fg%2F12hkzkwvk!19sChIJh_cBjCqydDER7RVqcOxffm4?authuser=0&amp;hl=vi&amp;rclk=1" />
    <tag k="maps_vietnam:id" v="vn-toll-results-2494ccf7f28041" />
    <tag k="maps_vietnam:clean_status" v="reviewed_from_results" />
    <tag k="maps_vietnam:confidence" v="0.80" />
    <tag k="maps_vietnam:status" v="active" />
  </node>
  <node id="14000000151" lat="10.68161" lon="106.557509" version="1" timestamp="2026-06-11T02:34:07Z">
    <tag k="barrier" v="toll_booth" />
    <tag k="highway" v="toll_gantry" />
    <tag k="payment" v="etc" />
    <tag k="payment:etc" v="yes" />
    <tag k="toll" v="yes" />
    <tag k="name" v="Trạm thu phí Chợ Đệm" />
    <tag k="addr:full" v="MHJ5+J2R Trạm Thu phí Chợ Đệm, Tân Nhựt, Hồ Chí Minh, Việt Nam" />
    <tag k="source" v="maps-vietnam toll-station-pipeline" />
    <tag k="source:datasets" v="colleague_google_maps_results" />
    <tag k="source:google_place_id" v="ChIJHYe4EMIydTERuxgZ8VO1yh0" />
    <tag k="source:google_cid" v="2146727544527329467" />
    <tag k="source:url" v="https://www.google.com/maps/place/Tr%E1%BA%A1m+Thu+ph%C3%AD+Ch%E1%BB%A3+%C4%90%E1%BB%87m/data=!4m7!3m6!1s0x317532c210b8871d:0x1dcab553f11918bb!8m2!3d10.6816099!4d106.5575095!16s%2Fg%2F11csb0s9mc!19sChIJHYe4EMIydTERuxgZ8VO1yh0?authuser=0&amp;hl=vi&amp;rclk=1" />
    <tag k="maps_vietnam:id" v="vn-toll-results-d29ed70a638d07" />
    <tag k="maps_vietnam:clean_status" v="reviewed_from_results" />
    <tag k="maps_vietnam:confidence" v="0.80" />
    <tag k="maps_vietnam:status" v="active" />
  </node>
  <node id="14000000152" lat="13.413567" lon="108.092846" version="1" timestamp="2026-06-11T02:34:07Z">
    <tag k="barrier" v="toll_booth" />
    <tag k="highway" v="toll_gantry" />
    <tag k="payment" v="etc" />
    <tag k="payment:etc" v="yes" />
    <tag k="toll" v="yes" />
    <tag k="name" v="Trạm thu phí Cầu 110" />
    <tag k="addr:full" v="C37V+C4H Trạm Thu phí Cầu 110, AH17, Ia Le, Gia Lai, Việt Nam" />
    <tag k="source" v="maps-vietnam toll-station-pipeline" />
    <tag k="source:datasets" v="colleague_google_maps_results" />
    <tag k="source:google_place_id" v="ChIJCaCTr513bjERD5TaDp6bjmo" />
    <tag k="source:google_cid" v="7678245517869618191" />
    <tag k="source:url" v="https://www.google.com/maps/place/Tr%E1%BA%A1m+Thu+ph%C3%AD+C%E1%BA%A7u+110/data=!4m7!3m6!1s0x316e779daf93a009:0x6a8e9b9e0eda940f!8m2!3d13.4135667!4d108.0928463!16s%2Fg%2F11c72lsmj3!19sChIJCaCTr513bjERD5TaDp6bjmo?authuser=0&amp;hl=vi&amp;rclk=1" />
    <tag k="maps_vietnam:id" v="vn-toll-results-8ff6c50876e0b4" />
    <tag k="maps_vietnam:clean_status" v="reviewed_from_results" />
    <tag k="maps_vietnam:confidence" v="0.80" />
    <tag k="maps_vietnam:status" v="active" />
  </node>
  <node id="14000000153" lat="10.743632" lon="105.298343" version="1" timestamp="2026-06-11T02:34:07Z">
    <tag k="barrier" v="toll_booth" />
    <tag k="highway" v="toll_gantry" />
    <tag k="payment" v="etc" />
    <tag k="payment:etc" v="yes" />
    <tag k="toll" v="yes" />
    <tag k="name" v="Trạm thu phí Cầu Cái Vừng" />
    <tag k="addr:full" v="P7VX+F84 Trạm Thu phí Cầu Cái Vừng, Long Phú Thuận, Đồng Tháp, Việt Nam" />
    <tag k="source" v="maps-vietnam toll-station-pipeline" />
    <tag k="source:datasets" v="colleague_google_maps_results" />
    <tag k="source:google_place_id" v="ChIJT7jgjPU7CjER1SXHan2fbYM" />
    <tag k="source:google_cid" v="9470400952441185749" />
    <tag k="source:url" v="https://www.google.com/maps/place/Tr%E1%BA%A1m+Thu+ph%C3%AD+C%E1%BA%A7u+C%C3%A1i+V%E1%BB%ABng/data=!4m7!3m6!1s0x310a3bf58ce0b84f:0x836d9f7d6ac725d5!8m2!3d10.7436316!4d105.298343!16s%2Fg%2F11shq2k34p!19sChIJT7jgjPU7CjER1SXHan2fbYM?authuser=0&amp;hl=vi&amp;rclk=1" />
    <tag k="maps_vietnam:id" v="vn-toll-results-2d89abdd48d147" />
    <tag k="maps_vietnam:clean_status" v="reviewed_from_results" />
    <tag k="maps_vietnam:confidence" v="0.80" />
    <tag k="maps_vietnam:status" v="active" />
  </node>
  <node id="14000000154" lat="10.462812" lon="106.644148" version="1" timestamp="2026-06-11T02:34:07Z">
    <tag k="barrier" v="toll_booth" />
    <tag k="highway" v="toll_gantry" />
    <tag k="payment" v="etc" />
    <tag k="payment:etc" v="yes" />
    <tag k="toll" v="yes" />
    <tag k="name" v="Trạm thu phí Cầu Mỹ Lợi" />
    <tag k="addr:full" v="FJ7V+4MC Trạm Thu phí Cầu Mỹ Lợi, Sơn Qui, Đồng Tháp, Việt Nam" />
    <tag k="source" v="maps-vietnam toll-station-pipeline" />
    <tag k="source:datasets" v="colleague_google_maps_results" />
    <tag k="source:google_place_id" v="ChIJ60wHMgBJdTERcveHpUNm6AY" />
    <tag k="source:google_cid" v="497760199550433138" />
    <tag k="source:url" v="https://www.google.com/maps/place/Tr%E1%BA%A1m+Thu+ph%C3%AD+C%E1%BA%A7u+M%E1%BB%B9+L%E1%BB%A3i/data=!4m7!3m6!1s0x3175490032074ceb:0x6e86643a587f772!8m2!3d10.462812!4d106.6441482!16s%2Fg%2F11m5xwk7l6!19sChIJ60wHMgBJdTERcveHpUNm6AY?authuser=0&amp;hl=vi&amp;rclk=1" />
    <tag k="maps_vietnam:id" v="vn-toll-results-01b795c3aac577" />
    <tag k="maps_vietnam:clean_status" v="reviewed_from_results" />
    <tag k="maps_vietnam:confidence" v="0.80" />
    <tag k="maps_vietnam:status" v="active" />
  </node>
  <node id="14000000155" lat="10.983539" lon="106.643176" version="1" timestamp="2026-06-11T02:34:07Z">
    <tag k="barrier" v="toll_booth" />
    <tag k="highway" v="toll_gantry" />
    <tag k="payment" v="etc" />
    <tag k="payment:etc" v="yes" />
    <tag k="toll" v="yes" />
    <tag k="name" v="Trạm thu phí Cầu Phú Cường" />
    <tag k="addr:full" v="Huỳnh Văn Cù, Thủ Dầu Một, Hồ Chí Minh, Việt Nam" />
    <tag k="source" v="maps-vietnam toll-station-pipeline" />
    <tag k="source:datasets" v="colleague_google_maps_results" />
    <tag k="source:google_place_id" v="ChIJrxXUZEPRdDERgi0JE1ND4FM" />
    <tag k="source:google_cid" v="6043904724011920770" />
    <tag k="source:url" v="https://www.google.com/maps/place/Tr%E1%BA%A1m+Thu+ph%C3%AD+C%E1%BA%A7u+Ph%C3%BA+C%C6%B0%E1%BB%9Dng/data=!4m7!3m6!1s0x3174d14364d415af:0x53e0435313092d82!8m2!3d10.983539!4d106.6431761!16s%2Fg%2F11g9hgm5qb!19sChIJrxXUZEPRdDERgi0JE1ND4FM?authuser=0&amp;hl=vi&amp;rclk=1" />
    <tag k="maps_vietnam:id" v="vn-toll-results-ca56e8b14241e6" />
    <tag k="maps_vietnam:clean_status" v="reviewed_from_results" />
    <tag k="maps_vietnam:confidence" v="0.80" />
    <tag k="maps_vietnam:status" v="active" />
  </node>
  <node id="14000000156" lat="9.314628" lon="105.017323" version="1" timestamp="2026-06-11T02:34:07Z">
    <tag k="barrier" v="toll_booth" />
    <tag k="highway" v="toll_gantry" />
    <tag k="payment" v="etc" />
    <tag k="payment:etc" v="yes" />
    <tag k="toll" v="yes" />
    <tag k="name" v="Trạm thu phí Cầu Qua Sông Cái Tàu" />
    <tag k="addr:full" v="8278+VW4 Trạm Thu phí Cầu Qua Sông Cái Tàu, Cái Tàu - Nguyên Phích - U Minh - Tiêu Dừa, Khánh An, Cà Mau, Việt Nam" />
    <tag k="source" v="maps-vietnam toll-station-pipeline" />
    <tag k="source:datasets" v="colleague_google_maps_results" />
    <tag k="source:google_place_id" v="ChIJ2SWrf1jNpjER7t5ZSe_JDZA" />
    <tag k="source:google_cid" v="10380174745723854574" />
    <tag k="source:url" v="https://www.google.com/maps/place/Tr%E1%BA%A1m+Thu+ph%C3%AD+C%E1%BA%A7u+Qua+S%C3%B4ng+C%C3%A1i+T%C3%A0u/data=!4m7!3m6!1s0x31a6cd587fab25d9:0x900dc9ef4959deee!8m2!3d9.3146279!4d105.0173228!16s%2Fg%2F11fm_ksf8z!19sChIJ2SWrf1jNpjER7t5ZSe_JDZA?authuser=0&amp;hl=vi&amp;rclk=1" />
    <tag k="maps_vietnam:id" v="vn-toll-results-6e730c62d2763e" />
    <tag k="maps_vietnam:clean_status" v="reviewed_from_results" />
    <tag k="maps_vietnam:confidence" v="0.80" />
    <tag k="maps_vietnam:status" v="active" />
  </node>
  <node id="14000000157" lat="9.069026" lon="104.967868" version="1" timestamp="2026-06-11T02:34:07Z">
    <tag k="barrier" v="toll_booth" />
    <tag k="highway" v="toll_gantry" />
    <tag k="payment" v="etc" />
    <tag k="payment:etc" v="yes" />
    <tag k="toll" v="yes" />
    <tag k="name" v="Trạm thu phí Cầu Trần Văn Thời" />
    <tag k="addr:full" v="3X99+J49 Trạm Thu phí Cầu Trần Văn Thời, Cầu, Trần Văn Thời, Cà Mau, Việt Nam" />
    <tag k="source" v="maps-vietnam toll-station-pipeline" />
    <tag k="source:datasets" v="colleague_google_maps_results" />
    <tag k="source:google_place_id" v="ChIJ0_hBaB2zpjER4DVwJOU19K8" />
    <tag k="source:google_cid" v="12678818109229905376" />
    <tag k="source:url" v="https://www.google.com/maps/place/Tr%E1%BA%A1m+Thu+ph%C3%AD+C%E1%BA%A7u+Tr%E1%BA%A7n+V%C4%83n+Th%E1%BB%9Di/data=!4m7!3m6!1s0x31a6b31d6841f8d3:0xaff435e5247035e0!8m2!3d9.0690264!4d104.967868!16s%2Fg%2F11gk523bc5!19sChIJ0_hBaB2zpjER4DVwJOU19K8?authuser=0&amp;hl=vi&amp;rclk=1" />
    <tag k="maps_vietnam:id" v="vn-toll-results-28d3bc49a698e9" />
    <tag k="maps_vietnam:clean_status" v="reviewed_from_results" />
    <tag k="maps_vietnam:confidence" v="0.80" />
    <tag k="maps_vietnam:status" v="active" />
  </node>
  <node id="14000000158" lat="9.438099" lon="104.930935" version="1" timestamp="2026-06-11T02:34:07Z">
    <tag k="barrier" v="toll_booth" />
    <tag k="highway" v="toll_gantry" />
    <tag k="payment" v="etc" />
    <tag k="payment:etc" v="yes" />
    <tag k="toll" v="yes" />
    <tag k="name" v="Trạm thu phí Cầu qua Sông Cái Tàu" />
    <tag k="addr:full" v="CWQJ+69 Trạm Thu phí Cầu qua Sông Cái Tàu, Nguyễn Phích, Cà Mau, Việt Nam" />
    <tag k="source" v="maps-vietnam toll-station-pipeline" />
    <tag k="source:datasets" v="colleague_google_maps_results" />
    <tag k="source:google_place_id" v="ChIJRz-oZYDRpjER2YLBitP6cPI" />
    <tag k="source:google_cid" v="17469738741043135193" />
    <tag k="source:url" v="https://www.google.com/maps/place/Tr%E1%BA%A1m+Thu+ph%C3%AD+C%E1%BA%A7u+qua+S%C3%B4ng+C%C3%A1i+T%C3%A0u/data=!4m7!3m6!1s0x31a6d18065a83f47:0xf270fad38ac182d9!8m2!3d9.4380987!4d104.9309349!16s%2Fg%2F11l20kkl5w!19sChIJRz-oZYDRpjER2YLBitP6cPI?authuser=0&amp;hl=vi&amp;rclk=1" />
    <tag k="maps_vietnam:id" v="vn-toll-results-adcaa96d531180" />
    <tag k="maps_vietnam:clean_status" v="reviewed_from_results" />
    <tag k="maps_vietnam:confidence" v="0.80" />
    <tag k="maps_vietnam:status" v="active" />
  </node>
  <node id="14000000159" lat="9.460895" lon="105.044275" version="1" timestamp="2026-06-11T02:34:07Z">
    <tag k="barrier" v="toll_booth" />
    <tag k="highway" v="toll_gantry" />
    <tag k="payment" v="etc" />
    <tag k="payment:etc" v="yes" />
    <tag k="toll" v="yes" />
    <tag k="name" v="Trạm thu phí Cầu treo Tân Bằng" />
    <tag k="addr:full" v="F26V+9P2 Trạm Thu phí Cầu treo Tân Bằng, Biển Bạch, Cà Mau, Việt Nam" />
    <tag k="source" v="maps-vietnam toll-station-pipeline" />
    <tag k="source:datasets" v="colleague_google_maps_results" />
    <tag k="source:google_place_id" v="ChIJI8EHaLstoTERaxgtUb78lKo" />
    <tag k="source:google_cid" v="12291727177336821867" />
    <tag k="source:url" v="https://www.google.com/maps/place/Tr%E1%BA%A1m+Thu+ph%C3%AD+C%E1%BA%A7u+treo+T%C3%A2n+B%E1%BA%B1ng/data=!4m7!3m6!1s0x31a12dbb6807c123:0xaa94fcbe512d186b!8m2!3d9.4608946!4d105.0442747!16s%2Fg%2F11vd6p16vb!19sChIJI8EHaLstoTERaxgtUb78lKo?authuser=0&amp;hl=vi&amp;rclk=1" />
    <tag k="maps_vietnam:id" v="vn-toll-results-c53dfe0022532c" />
    <tag k="maps_vietnam:clean_status" v="reviewed_from_results" />
    <tag k="maps_vietnam:confidence" v="0.80" />
    <tag k="maps_vietnam:status" v="active" />
  </node>
  <node id="14000000160" lat="10.516136" lon="105.321055" version="1" timestamp="2026-06-11T02:34:07Z">
    <tag k="barrier" v="toll_booth" />
    <tag k="highway" v="toll_gantry" />
    <tag k="payment" v="etc" />
    <tag k="payment:etc" v="yes" />
    <tag k="toll" v="yes" />
    <tag k="name" v="Trạm thu phí Cầu Đình Bình Thủy" />
    <tag k="addr:full" v="G88C+FH7 Trạm Thu phí Cầu Đình Bình Thủy, Bình Mỹ, An Giang, Việt Nam" />
    <tag k="source" v="maps-vietnam toll-station-pipeline" />
    <tag k="source:datasets" v="colleague_google_maps_results" />
    <tag k="source:google_place_id" v="ChIJjTEzMgAVCjERxKrPu0voOvo" />
    <tag k="source:google_cid" v="18030979470102342340" />
    <tag k="source:url" v="https://www.google.com/maps/place/Tr%E1%BA%A1m+Thu+ph%C3%AD+C%E1%BA%A7u+%C4%90%C3%ACnh+B%C3%ACnh+Th%E1%BB%A7y/data=!4m7!3m6!1s0x310a15003233318d:0xfa3ae84bbbcfaac4!8m2!3d10.5161365!4d105.3210549!16s%2Fg%2F11y59zhw_w!19sChIJjTEzMgAVCjERxKrPu0voOvo?authuser=0&amp;hl=vi&amp;rclk=1" />
    <tag k="maps_vietnam:id" v="vn-toll-results-56e61462afce7f" />
    <tag k="maps_vietnam:clean_status" v="reviewed_from_results" />
    <tag k="maps_vietnam:confidence" v="0.80" />
    <tag k="maps_vietnam:status" v="active" />
  </node>
  <node id="14000000161" lat="20.107342" lon="105.54336" version="1" timestamp="2026-06-11T02:34:07Z">
    <tag k="barrier" v="toll_booth" />
    <tag k="highway" v="toll_gantry" />
    <tag k="payment" v="etc" />
    <tag k="payment:etc" v="yes" />
    <tag k="toll" v="yes" />
    <tag k="name" v="Trạm thu phí Cẩm Vân" />
    <tag k="addr:full" v="4G4V+W8Q Trạm Thu phí Cẩm Vân, Cầu phao Cẩm Vân, Cẩm Vân, Thanh Hóa, Việt Nam" />
    <tag k="source" v="maps-vietnam toll-station-pipeline" />
    <tag k="source:datasets" v="colleague_google_maps_results" />
    <tag k="source:google_place_id" v="ChIJi63sFCyTNjERGeewXN63IhQ" />
    <tag k="source:google_cid" v="1450924195632441113" />
    <tag k="source:url" v="https://www.google.com/maps/place/Tr%E1%BA%A1m+Thu+ph%C3%AD+C%E1%BA%A9m+V%C3%A2n/data=!4m7!3m6!1s0x3136932c14ecad8b:0x1422b7de5cb0e719!8m2!3d20.1073416!4d105.54336!16s%2Fg%2F11nh4d2y31!19sChIJi63sFCyTNjERGeewXN63IhQ?authuser=0&amp;hl=vi&amp;rclk=1" />
    <tag k="maps_vietnam:id" v="vn-toll-results-4af1a34590c361" />
    <tag k="maps_vietnam:clean_status" v="reviewed_from_results" />
    <tag k="maps_vietnam:confidence" v="0.80" />
    <tag k="maps_vietnam:status" v="active" />
  </node>
  <node id="14000000162" lat="11.746694" lon="109.056815" version="1" timestamp="2026-06-11T02:34:07Z">
    <tag k="barrier" v="toll_booth" />
    <tag k="highway" v="toll_gantry" />
    <tag k="payment" v="etc" />
    <tag k="payment:etc" v="yes" />
    <tag k="toll" v="yes" />
    <tag k="name" v="Trạm thu phí Du Long" />
    <tag k="addr:full" v="P3W4+MPG Trạm Thu phí Du Long, Thuận Bắc, Khánh Hòa, Việt Nam" />
    <tag k="source" v="maps-vietnam toll-station-pipeline" />
    <tag k="source:datasets" v="colleague_google_maps_results" />
    <tag k="source:google_place_id" v="ChIJL6ggWADDcDERBzuNqXdM8Es" />
    <tag k="source:google_cid" v="5471957624084577031" />
    <tag k="source:url" v="https://www.google.com/maps/place/Tr%E1%BA%A1m+Thu+ph%C3%AD+Du+Long/data=!4m7!3m6!1s0x3170c3005820a82f:0x4bf04c77a98d3b07!8m2!3d11.7466937!4d109.0568148!16s%2Fg%2F11y3nms7pk!19sChIJL6ggWADDcDERBzuNqXdM8Es?authuser=0&amp;hl=vi&amp;rclk=1" />
    <tag k="maps_vietnam:id" v="vn-toll-results-8a1e5b19f33024" />
    <tag k="maps_vietnam:clean_status" v="reviewed_from_results" />
    <tag k="maps_vietnam:confidence" v="0.80" />
    <tag k="maps_vietnam:status" v="active" />
  </node>
  <node id="14000000163" lat="20.856773" lon="106.294329" version="1" timestamp="2026-06-11T02:34:07Z">
    <tag k="barrier" v="toll_booth" />
    <tag k="highway" v="toll_gantry" />
    <tag k="payment" v="etc" />
    <tag k="payment:etc" v="yes" />
    <tag k="toll" v="yes" />
    <tag k="name" v="Trạm thu phí Gia Lộc" />
    <tag k="addr:full" v="V74V+PP4 Trạm Thu phí Gia Lộc, Gia Phúc, Hải Phòng, Việt Nam" />
    <tag k="source" v="maps-vietnam toll-station-pipeline" />
    <tag k="source:datasets" v="colleague_google_maps_results" />
    <tag k="source:google_place_id" v="ChIJCeT8TwCRNTERgMQXKyn9ynQ" />
    <tag k="source:google_cid" v="8415817206953657472" />
    <tag k="source:url" v="https://www.google.com/maps/place/Tr%E1%BA%A1m+Thu+ph%C3%AD+Gia+L%E1%BB%99c/data=!4m7!3m6!1s0x313591004ffce409:0x74cafd292b17c480!8m2!3d20.8567735!4d106.2943291!16s%2Fg%2F11x31y8p8c!19sChIJCeT8TwCRNTERgMQXKyn9ynQ?authuser=0&amp;hl=vi&amp;rclk=1" />
    <tag k="maps_vietnam:id" v="vn-toll-results-022c2d4e049418" />
    <tag k="maps_vietnam:clean_status" v="deduplicated_after_results_merge" />
    <tag k="maps_vietnam:confidence" v="0.80" />
    <tag k="maps_vietnam:status" v="active" />
  </node>
  <node id="14000000164" lat="15.710278" lon="108.3354" version="1" timestamp="2026-06-11T02:34:07Z">
    <tag k="barrier" v="toll_booth" />
    <tag k="highway" v="toll_gantry" />
    <tag k="payment" v="etc" />
    <tag k="payment:etc" v="yes" />
    <tag k="toll" v="yes" />
    <tag k="name" v="Trạm thu phí Hà Lam" />
    <tag k="addr:full" v="P86P+456 Trạm Thu phí Hà Lam, ĐCT Đà Nẵng – Quảng Ngãi, Thăng Bình, Đà Nẵng, Việt Nam" />
    <tag k="source" v="maps-vietnam toll-station-pipeline" />
    <tag k="source:datasets" v="colleague_google_maps_results" />
    <tag k="source:google_place_id" v="ChIJWao36JPhaTER9wYqNfMbTqQ" />
    <tag k="source:google_cid" v="11839431201786562295" />
    <tag k="source:url" v="https://www.google.com/maps/place/Tr%E1%BA%A1m+Thu+ph%C3%AD+H%C3%A0+Lam/data=!4m7!3m6!1s0x3169e193e837aa59:0xa44e1bf3352a06f7!8m2!3d15.7102784!4d108.3354004!16s%2Fg%2F11g0gmnb7_!19sChIJWao36JPhaTER9wYqNfMbTqQ?authuser=0&amp;hl=vi&amp;rclk=1" />
    <tag k="maps_vietnam:id" v="vn-toll-results-de8a43dad059a1" />
    <tag k="maps_vietnam:clean_status" v="reviewed_from_results" />
    <tag k="maps_vietnam:confidence" v="0.80" />
    <tag k="maps_vietnam:status" v="active" />
  </node>
  <node id="14000000165" lat="21.097299" lon="107.353365" version="1" timestamp="2026-06-11T02:34:07Z">
    <tag k="barrier" v="toll_booth" />
    <tag k="highway" v="toll_gantry" />
    <tag k="payment" v="etc" />
    <tag k="payment:etc" v="yes" />
    <tag k="toll" v="yes" />
    <tag k="name" v="Trạm thu phí IC Cẩm Y" />
    <tag k="addr:full" v="39W3+W89 Trạm Thu phí IC Cẩm Y, Hải Hòa, Quảng Ninh, Việt Nam" />
    <tag k="source" v="maps-vietnam toll-station-pipeline" />
    <tag k="source:datasets" v="colleague_google_maps_results" />
    <tag k="source:google_place_id" v="ChIJOwqjpXsDSzERICisN6qU4VI" />
    <tag k="source:google_cid" v="5972218039669368864" />
    <tag k="source:url" v="https://www.google.com/maps/place/Tr%E1%BA%A1m+Thu+ph%C3%AD+IC+C%E1%BA%A9m+Y/data=!4m7!3m6!1s0x314b037ba5a30a3b:0x52e194aa37ac2820!8m2!3d21.097299!4d107.3533654!16s%2Fg%2F11vy2cgf0y!19sChIJOwqjpXsDSzERICisN6qU4VI?authuser=0&amp;hl=vi&amp;rclk=1" />
    <tag k="maps_vietnam:id" v="vn-toll-results-a7826df3ecbebc" />
    <tag k="maps_vietnam:clean_status" v="reviewed_from_results" />
    <tag k="maps_vietnam:confidence" v="0.80" />
    <tag k="maps_vietnam:status" v="active" />
  </node>
  <node id="14000000166" lat="21.698947" lon="104.841234" version="1" timestamp="2026-06-11T02:34:07Z">
    <tag k="barrier" v="toll_booth" />
    <tag k="highway" v="toll_gantry" />
    <tag k="payment" v="etc" />
    <tag k="payment:etc" v="yes" />
    <tag k="toll" v="yes" />
    <tag k="name" v="Trạm thu phí IC13" />
    <tag k="addr:full" v="Bến Xe Khách Nước Mát, QL37, Âu Lâu, Lào Cai, Việt Nam" />
    <tag k="source" v="maps-vietnam toll-station-pipeline" />
    <tag k="source:datasets" v="colleague_google_maps_results" />
    <tag k="source:google_place_id" v="ChIJ0wq6MQBFMzERLMCh-bMDFg8" />
    <tag k="source:google_cid" v="1087060431578710060" />
    <tag k="source:url" v="https://www.google.com/maps/place/Tr%E1%BA%A1m+Thu+ph%C3%AD+IC13/data=!4m7!3m6!1s0x3133450031ba0ad3:0xf1603b3f9a1c02c!8m2!3d21.6989468!4d104.8412338!16s%2Fg%2F11wj3btk9_!19sChIJ0wq6MQBFMzERLMCh-bMDFg8?authuser=0&amp;hl=vi&amp;rclk=1" />
    <tag k="maps_vietnam:id" v="vn-toll-results-0c9c1042e1b704" />
    <tag k="maps_vietnam:clean_status" v="reviewed_from_results" />
    <tag k="maps_vietnam:confidence" v="0.80" />
    <tag k="maps_vietnam:status" v="active" />
  </node>
  <node id="14000000167" lat="11.313348" lon="108.724658" version="1" timestamp="2026-06-11T02:34:07Z">
    <tag k="barrier" v="toll_booth" />
    <tag k="highway" v="toll_gantry" />
    <tag k="payment" v="etc" />
    <tag k="payment:etc" v="yes" />
    <tag k="toll" v="yes" />
    <tag k="name" v="Trạm thu phí Km 133+770" />
    <tag k="addr:full" v="8P7F+8VM Trạm Thu phí Km 133+770, CT01, Vĩnh Hảo, Lâm Đồng, Việt Nam" />
    <tag k="source" v="maps-vietnam toll-station-pipeline" />
    <tag k="source:datasets" v="colleague_google_maps_results" />
    <tag k="source:google_place_id" v="ChIJi7g-BQDXdjERY3R0C3IqHb0" />
    <tag k="source:google_cid" v="13627094716799808611" />
    <tag k="source:url" v="https://www.google.com/maps/place/Tr%E1%BA%A1m+Thu+ph%C3%AD+Km+133%2B770/data=!4m7!3m6!1s0x3176d700053eb88b:0xbd1d2a720b747463!8m2!3d11.3133477!4d108.7246584!16s%2Fg%2F11vxhc14hr!19sChIJi7g-BQDXdjERY3R0C3IqHb0?authuser=0&amp;hl=vi&amp;rclk=1" />
    <tag k="maps_vietnam:id" v="vn-toll-results-3f24069383f14c" />
    <tag k="maps_vietnam:clean_status" v="reviewed_from_results" />
    <tag k="maps_vietnam:confidence" v="0.80" />
    <tag k="maps_vietnam:status" v="active" />
  </node>
  <node id="14000000168" lat="18.956451" lon="105.561797" version="1" timestamp="2026-06-11T02:34:07Z">
    <tag k="barrier" v="toll_booth" />
    <tag k="highway" v="toll_gantry" />
    <tag k="payment" v="etc" />
    <tag k="payment:etc" v="yes" />
    <tag k="toll" v="yes" />
    <tag k="name" v="Trạm thu phí Km 430+500" />
    <tag k="addr:full" v="XH46+HPM Trạm Thu phí Km 430+500, CT01, Minh Châu, Nghệ An, Việt Nam" />
    <tag k="source" v="maps-vietnam toll-station-pipeline" />
    <tag k="source:datasets" v="colleague_google_maps_results" />
    <tag k="source:google_place_id" v="ChIJJW60CwBjNzERS6uHnTw2AJU" />
    <tag k="source:google_cid" v="10736641145620114251" />
    <tag k="source:url" v="https://www.google.com/maps/place/Tr%E1%BA%A1m+Thu+ph%C3%AD+Km+430%2B500/data=!4m7!3m6!1s0x313763000bb46e25:0x9500363c9d87ab4b!8m2!3d18.9564512!4d105.5617969!16s%2Fg%2F11wflzvlly!19sChIJJW60CwBjNzERS6uHnTw2AJU?authuser=0&amp;hl=vi&amp;rclk=1" />
    <tag k="maps_vietnam:id" v="vn-toll-results-a521fbe8e35eee" />
    <tag k="maps_vietnam:clean_status" v="reviewed_from_results" />
    <tag k="maps_vietnam:confidence" v="0.80" />
    <tag k="maps_vietnam:status" v="active" />
  </node>
  <node id="14000000169" lat="13.944457" lon="108.857778" version="1" timestamp="2026-06-11T02:34:07Z">
    <tag k="barrier" v="toll_booth" />
    <tag k="highway" v="toll_gantry" />
    <tag k="payment" v="etc" />
    <tag k="payment:etc" v="yes" />
    <tag k="toll" v="yes" />
    <tag k="name" v="Trạm thu phí Km 49+550 Quốc lộ 19" />
    <tag k="addr:full" v="WVV5+Q4J Trạm Thu phí Km 49+550 Quốc lộ 19, Bình Liên, Bình Khê, Gia Lai, Việt Nam" />
    <tag k="source" v="maps-vietnam toll-station-pipeline" />
    <tag k="source:datasets" v="colleague_google_maps_results" />
    <tag k="source:google_place_id" v="ChIJlcsmBKshbzERBKaTfAUJArQ" />
    <tag k="source:google_cid" v="12970939795949987332" />
    <tag k="source:url" v="https://www.google.com/maps/place/Tr%E1%BA%A1m+Thu+ph%C3%AD+Km+49%2B550+Qu%E1%BB%91c+l%E1%BB%99+19/data=!4m7!3m6!1s0x316f21ab0426cb95:0xb40209057c93a604!8m2!3d13.9444574!4d108.8577785!16s%2Fg%2F11f4qbw89g!19sChIJlcsmBKshbzERBKaTfAUJArQ?authuser=0&amp;hl=vi&amp;rclk=1" />
    <tag k="maps_vietnam:id" v="vn-toll-results-9dc19a42074b4a" />
    <tag k="maps_vietnam:clean_status" v="reviewed_from_results" />
    <tag k="maps_vietnam:confidence" v="0.80" />
    <tag k="maps_vietnam:status" v="active" />
  </node>
  <node id="14000000170" lat="10.335235" lon="105.896793" version="1" timestamp="2026-06-11T02:34:07Z">
    <tag k="barrier" v="toll_booth" />
    <tag k="highway" v="toll_gantry" />
    <tag k="payment" v="etc" />
    <tag k="payment:etc" v="yes" />
    <tag k="toll" v="yes" />
    <tag k="name" v="Trạm thu phí Km 98+320" />
    <tag k="addr:full" v="8VMW+M43 Trạm Thu phí Km98+320, Cầu, Bầu Giai 1, Thanh Hưng, Đồng Tháp, Việt Nam" />
    <tag k="source" v="maps-vietnam toll-station-pipeline" />
    <tag k="source:datasets" v="colleague_google_maps_results" />
    <tag k="source:google_place_id" v="ChIJLx9HIACFCjERlUHZs_rJpGs" />
    <tag k="source:google_cid" v="7756546536835203477" />
    <tag k="source:url" v="https://www.google.com/maps/place/Tr%E1%BA%A1m+Thu+ph%C3%AD+Km98%2B320/data=!4m7!3m6!1s0x310a850020471f2f:0x6ba4c9fab3d94195!8m2!3d10.3352349!4d105.896793!16s%2Fg%2F11y2ty8wx0!19sChIJLx9HIACFCjERlUHZs_rJpGs?authuser=0&amp;hl=vi&amp;rclk=1" />
    <tag k="maps_vietnam:id" v="vn-toll-results-9fdb7bd62b601c" />
    <tag k="maps_vietnam:clean_status" v="reviewed_from_results" />
    <tag k="maps_vietnam:confidence" v="0.80" />
    <tag k="maps_vietnam:status" v="active" />
  </node>
  <node id="14000000171" lat="10.669806" lon="106.549196" version="1" timestamp="2026-06-11T02:34:07Z">
    <tag k="barrier" v="toll_booth" />
    <tag k="highway" v="toll_gantry" />
    <tag k="payment" v="etc" />
    <tag k="payment:etc" v="yes" />
    <tag k="toll" v="yes" />
    <tag k="name" v="Trạm thu phí Mỹ Yên" />
    <tag k="addr:full" v="MG9X+WM Trạm Thu phí Mỹ Yên, Mỹ Yên, Tây Ninh, Việt Nam" />
    <tag k="source" v="maps-vietnam toll-station-pipeline" />
    <tag k="source:datasets" v="colleague_google_maps_results" />
    <tag k="source:google_place_id" v="ChIJk9edVAAzdTER12_bj9WLITk" />
    <tag k="source:google_cid" v="4116725283751161815" />
    <tag k="source:url" v="https://www.google.com/maps/place/Tr%E1%BA%A1m+Thu+ph%C3%AD+M%E1%BB%B9+Y%C3%AAn/data=!4m7!3m6!1s0x31753300549dd793:0x39218bd58fdb6fd7!8m2!3d10.6698065!4d106.5491958!16s%2Fg%2F11vx68tvjx!19sChIJk9edVAAzdTER12_bj9WLITk?authuser=0&amp;hl=vi&amp;rclk=1" />
    <tag k="maps_vietnam:id" v="vn-toll-results-f5b1c9ee7be221" />
    <tag k="maps_vietnam:clean_status" v="reviewed_from_results" />
    <tag k="maps_vietnam:confidence" v="0.80" />
    <tag k="maps_vietnam:status" v="active" />
  </node>
  <node id="14000000172" lat="18.823337" lon="105.586381" version="1" timestamp="2026-06-11T02:34:07Z">
    <tag k="barrier" v="toll_booth" />
    <tag k="highway" v="toll_gantry" />
    <tag k="payment" v="etc" />
    <tag k="payment:etc" v="yes" />
    <tag k="toll" v="yes" />
    <tag k="name" v="Trạm thu phí Nghi Phương" />
    <tag k="addr:full" v="RHFP+8HJ Trạm Thu phí Nghi Phương, Thần Lĩnh, Nghệ An, Việt Nam" />
    <tag k="source" v="maps-vietnam toll-station-pipeline" />
    <tag k="source:datasets" v="colleague_google_maps_results" />
    <tag k="source:google_place_id" v="ChIJn_gIegDZOTERyZMTzj9xEec" />
    <tag k="source:google_cid" v="16650213816219702217" />
    <tag k="source:url" v="https://www.google.com/maps/place/Tr%E1%BA%A1m+Thu+ph%C3%AD+Nghi+Ph%C6%B0%C6%A1ng/data=!4m7!3m6!1s0x3139d9007a08f89f:0xe711713fce1393c9!8m2!3d18.8233372!4d105.5863813!16s%2Fg%2F11x34khw1x!19sChIJn_gIegDZOTERyZMTzj9xEec?authuser=0&amp;hl=vi&amp;rclk=1" />
    <tag k="maps_vietnam:id" v="vn-toll-results-266c1e08c589a2" />
    <tag k="maps_vietnam:clean_status" v="reviewed_from_results" />
    <tag k="maps_vietnam:confidence" v="0.80" />
    <tag k="maps_vietnam:status" v="active" />
  </node>
  <node id="14000000173" lat="10.695588" lon="106.615414" version="1" timestamp="2026-06-11T02:34:07Z">
    <tag k="barrier" v="toll_booth" />
    <tag k="highway" v="toll_gantry" />
    <tag k="payment" v="etc" />
    <tag k="payment:etc" v="yes" />
    <tag k="toll" v="yes" />
    <tag k="name" v="Trạm thu phí Nguyễn Văn Linh" />
    <tag k="addr:full" v="Đường Nguyễn Văn Linh, Bình Chánh, Hồ Chí Minh, Việt Nam" />
    <tag k="source" v="maps-vietnam toll-station-pipeline" />
    <tag k="source:datasets" v="colleague_google_maps_results" />
    <tag k="source:google_place_id" v="ChIJszXdJhAydTERntPTXMNjD9U" />
    <tag k="source:google_cid" v="15352599345456468894" />
    <tag k="source:url" v="https://www.google.com/maps/place/Tr%E1%BA%A1m+Thu+ph%C3%AD+Nguy%E1%BB%85n+V%C4%83n+Linh/data=!4m7!3m6!1s0x3175321026dd35b3:0xd50f63c35cd3d39e!8m2!3d10.6955879!4d106.6154139!16s%2Fg%2F11c6q16br0!19sChIJszXdJhAydTERntPTXMNjD9U?authuser=0&amp;hl=vi&amp;rclk=1" />
    <tag k="maps_vietnam:id" v="vn-toll-results-fad32966cfa215" />
    <tag k="maps_vietnam:clean_status" v="reviewed_from_results" />
    <tag k="maps_vietnam:confidence" v="0.80" />
    <tag k="maps_vietnam:status" v="active" />
  </node>
  <node id="14000000174" lat="10.729191" lon="106.695497" version="1" timestamp="2026-06-11T02:34:07Z">
    <tag k="barrier" v="toll_booth" />
    <tag k="highway" v="toll_gantry" />
    <tag k="payment" v="etc" />
    <tag k="payment:etc" v="yes" />
    <tag k="toll" v="yes" />
    <tag k="name" v="Trạm thu phí Nguyễn Văn Linh" />
    <tag k="addr:full" v="Main gate - Cổng chính, 702 Đường Nguyễn Văn Linh, Tân Hưng, Hồ Chí Minh 700000, Việt Nam" />
    <tag k="source" v="maps-vietnam toll-station-pipeline" />
    <tag k="source:datasets" v="colleague_google_maps_results" />
    <tag k="source:google_place_id" v="ChIJlVnftr4vdTERiUy8Caxm-b4" />
    <tag k="source:google_cid" v="13761143025491004553" />
    <tag k="source:url" v="https://www.google.com/maps/place/Tr%E1%BA%A1m+Thu+ph%C3%AD+Nguy%E1%BB%85n+V%C4%83n+Linh/data=!4m7!3m6!1s0x31752fbeb6df5995:0xbef966ac09bc4c89!8m2!3d10.729191!4d106.6954968!16s%2Fg%2F11c6rbj025!19sChIJlVnftr4vdTERiUy8Caxm-b4?authuser=0&amp;hl=vi&amp;rclk=1" />
    <tag k="maps_vietnam:id" v="vn-toll-results-bb9426cc4e67e1" />
    <tag k="maps_vietnam:clean_status" v="reviewed_from_results" />
    <tag k="maps_vietnam:confidence" v="0.80" />
    <tag k="maps_vietnam:status" v="active" />
  </node>
  <node id="14000000175" lat="10.816613" lon="106.601444" version="1" timestamp="2026-06-11T02:34:07Z">
    <tag k="barrier" v="toll_booth" />
    <tag k="highway" v="toll_gantry" />
    <tag k="payment" v="etc" />
    <tag k="payment:etc" v="yes" />
    <tag k="toll" v="yes" />
    <tag k="name" v="Trạm thu phí Ngã tư Gò Mây" />
    <tag k="addr:full" v="215 QL1A, Bình Hưng Hòa, Hồ Chí Minh, Việt Nam" />
    <tag k="source" v="maps-vietnam toll-station-pipeline" />
    <tag k="source:datasets" v="colleague_google_maps_results" />
    <tag k="source:google_place_id" v="ChIJUb4yDAArdTERak1fsgrXH5o" />
    <tag k="source:google_cid" v="11105831647061167466" />
    <tag k="source:url" v="https://www.google.com/maps/place/Tr%E1%BA%A1m+Thu+ph%C3%AD+Ng%C3%A3+t%C6%B0+G%C3%B2+M%C3%A2y/data=!4m7!3m6!1s0x31752b000c32be51:0x9a1fd70ab25f4d6a!8m2!3d10.8166128!4d106.6014436!16s%2Fg%2F11vwqrfnv3!19sChIJUb4yDAArdTERak1fsgrXH5o?authuser=0&amp;hl=vi&amp;rclk=1" />
    <tag k="maps_vietnam:id" v="vn-toll-results-17fee3612cf4d5" />
    <tag k="maps_vietnam:clean_status" v="deduplicated_after_results_merge" />
    <tag k="maps_vietnam:confidence" v="0.80" />
    <tag k="maps_vietnam:status" v="active" />
  </node>
  <node id="14000000176" lat="12.507261" lon="109.068792" version="1" timestamp="2026-06-11T02:34:07Z">
    <tag k="barrier" v="toll_booth" />
    <tag k="highway" v="toll_gantry" />
    <tag k="payment" v="etc" />
    <tag k="payment:etc" v="yes" />
    <tag k="toll" v="yes" />
    <tag k="name" v="Trạm thu phí Ninh Xuân" />
    <tag k="addr:full" v="G349+WG3 Trạm Thu phí Ninh Xuân, Phước Lâm, Tân Định, Khánh Hòa, Việt Nam" />
    <tag k="source" v="maps-vietnam toll-station-pipeline" />
    <tag k="source:datasets" v="colleague_google_maps_results" />
    <tag k="source:google_place_id" v="ChIJ1ba7NAA5cDERATRE9m4iHjA" />
    <tag k="source:google_cid" v="3467246623095272449" />
    <tag k="source:url" v="https://www.google.com/maps/place/Tr%E1%BA%A1m+Thu+ph%C3%AD+Ninh+Xu%C3%A2n/data=!4m7!3m6!1s0x3170390034bbb6d5:0x301e226ef6443401!8m2!3d12.5072607!4d109.0687918!16s%2Fg%2F11w9h2tflr!19sChIJ1ba7NAA5cDERATRE9m4iHjA?authuser=0&amp;hl=vi&amp;rclk=1" />
    <tag k="maps_vietnam:id" v="vn-toll-results-de8a81843b9749" />
    <tag k="maps_vietnam:clean_status" v="reviewed_from_results" />
    <tag k="maps_vietnam:confidence" v="0.80" />
    <tag k="maps_vietnam:status" v="active" />
  </node>
  <node id="14000000177" lat="11.630338" lon="108.895937" version="1" timestamp="2026-06-11T02:34:07Z">
    <tag k="barrier" v="toll_booth" />
    <tag k="highway" v="toll_gantry" />
    <tag k="payment" v="etc" />
    <tag k="payment:etc" v="yes" />
    <tag k="toll" v="yes" />
    <tag k="name" v="Trạm thu phí Phan Rang" />
    <tag k="addr:full" v="JVJW+49 Trạm Thu phí Phan Rang, Nha Hố, Đô Vinh, Khánh Hòa, Việt Nam" />
    <tag k="source" v="maps-vietnam toll-station-pipeline" />
    <tag k="source:datasets" v="colleague_google_maps_results" />
    <tag k="source:google_place_id" v="ChIJAw6tdwDZcDERHeaqxSHh5_g" />
    <tag k="source:google_cid" v="17935551576192771613" />
    <tag k="source:url" v="https://www.google.com/maps/place/Tr%E1%BA%A1m+Thu+ph%C3%AD+Phan+Rang/data=!4m7!3m6!1s0x3170d90077ad0e03:0xf8e7e121c5aae61d!8m2!3d11.6303378!4d108.8959372!16s%2Fg%2F11m5qldf_6!19sChIJAw6tdwDZcDERHeaqxSHh5_g?authuser=0&amp;hl=vi&amp;rclk=1" />
    <tag k="maps_vietnam:id" v="vn-toll-results-a300be367f4317" />
    <tag k="maps_vietnam:clean_status" v="reviewed_from_results" />
    <tag k="maps_vietnam:confidence" v="0.80" />
    <tag k="maps_vietnam:status" v="active" />
  </node>
  <node id="14000000178" lat="22.315763" lon="104.178686" version="1" timestamp="2026-06-11T02:34:07Z">
    <tag k="barrier" v="toll_booth" />
    <tag k="highway" v="toll_gantry" />
    <tag k="payment" v="etc" />
    <tag k="payment:etc" v="yes" />
    <tag k="toll" v="yes" />
    <tag k="name" v="Trạm thu phí Phố Lu (IC17)" />
    <tag k="addr:full" v="857H+HVW Trạm Thu phí Phố Lu (IC17), Bảo Thắng, Lào Cai, Việt Nam" />
    <tag k="source" v="maps-vietnam toll-station-pipeline" />
    <tag k="source:datasets" v="colleague_google_maps_results" />
    <tag k="source:google_place_id" v="ChIJdaI8JwAjzTYRLfySwGPT2N4" />
    <tag k="source:google_cid" v="16057816896775584813" />
    <tag k="source:url" v="https://www.google.com/maps/place/Tr%E1%BA%A1m+Thu+ph%C3%AD+Ph%E1%BB%91+Lu+%28IC17%29/data=!4m7!3m6!1s0x36cd2300273ca275:0xded8d363c092fc2d!8m2!3d22.3157627!4d104.1786865!16s%2Fg%2F11m5s57jvw!19sChIJdaI8JwAjzTYRLfySwGPT2N4?authuser=0&amp;hl=vi&amp;rclk=1" />
    <tag k="maps_vietnam:id" v="vn-toll-results-d2c3a2fa53e365" />
    <tag k="maps_vietnam:clean_status" v="reviewed_from_results" />
    <tag k="maps_vietnam:confidence" v="0.68" />
    <tag k="maps_vietnam:status" v="active" />
  </node>
  <node id="14000000179" lat="10.765087" lon="106.961871" version="1" timestamp="2026-06-11T02:34:07Z">
    <tag k="barrier" v="toll_booth" />
    <tag k="highway" v="toll_gantry" />
    <tag k="payment" v="etc" />
    <tag k="payment:etc" v="yes" />
    <tag k="toll" v="yes" />
    <tag k="name" v="Trạm thu phí Quốc lộ 51" />
    <tag k="addr:full" v="QX86+2PQ Trạm Thu phí Quốc lộ 51, Long Thành, Đồng Nai, Việt Nam" />
    <tag k="source" v="maps-vietnam toll-station-pipeline" />
    <tag k="source:datasets" v="colleague_google_maps_results" />
    <tag k="source:google_place_id" v="ChIJRy_SCQAZdTERFVX0YjSemWw" />
    <tag k="source:google_cid" v="7825459775368615189" />
    <tag k="source:url" v="https://www.google.com/maps/place/Tr%E1%BA%A1m+Thu+ph%C3%AD+Qu%E1%BB%91c+l%E1%BB%99+51/data=!4m7!3m6!1s0x3175190009d22f47:0x6c999e3462f45515!8m2!3d10.7650869!4d106.9618708!16s%2Fg%2F11x33782b8!19sChIJRy_SCQAZdTERFVX0YjSemWw?authuser=0&amp;hl=vi&amp;rclk=1" />
    <tag k="maps_vietnam:id" v="vn-toll-results-87b32e88b6f14c" />
    <tag k="maps_vietnam:clean_status" v="reviewed_from_results" />
    <tag k="maps_vietnam:confidence" v="0.80" />
    <tag k="maps_vietnam:status" v="active" />
  </node>
  <node id="14000000180" lat="18.534196" lon="105.657742" version="1" timestamp="2026-06-11T02:34:07Z">
    <tag k="barrier" v="toll_booth" />
    <tag k="highway" v="toll_gantry" />
    <tag k="payment" v="etc" />
    <tag k="payment:etc" v="yes" />
    <tag k="toll" v="yes" />
    <tag k="name" v="Trạm thu phí Quốc lộ 8A" />
    <tag k="addr:full" v="GMM4+7V Trạm Thu phí Quốc lộ 8A, Đức Thịnh, Hà Tĩnh, Việt Nam" />
    <tag k="source" v="maps-vietnam toll-station-pipeline" />
    <tag k="source:datasets" v="colleague_google_maps_results" />
    <tag k="source:google_place_id" v="ChIJe9hQSQDJOTERndO-k7SJ3Y0" />
    <tag k="source:google_cid" v="10222478137866769309" />
    <tag k="source:url" v="https://www.google.com/maps/place/Tr%E1%BA%A1m+Thu+ph%C3%AD+Qu%E1%BB%91c+l%E1%BB%99+8A/data=!4m7!3m6!1s0x3139c9004950d87b:0x8ddd89b493bed39d!8m2!3d18.5341964!4d105.6577418!16s%2Fg%2F11x32x4s9q!19sChIJe9hQSQDJOTERndO-k7SJ3Y0?authuser=0&amp;hl=vi&amp;rclk=1" />
    <tag k="maps_vietnam:id" v="vn-toll-results-1c40652edb303e" />
    <tag k="maps_vietnam:clean_status" v="reviewed_from_results" />
    <tag k="maps_vietnam:confidence" v="0.80" />
    <tag k="maps_vietnam:status" v="active" />
  </node>
  <node id="14000000181" lat="21.438924" lon="105.123438" version="1" timestamp="2026-06-11T02:34:07Z">
    <tag k="barrier" v="toll_booth" />
    <tag k="highway" v="toll_gantry" />
    <tag k="payment" v="etc" />
    <tag k="payment:etc" v="yes" />
    <tag k="toll" v="yes" />
    <tag k="name" v="Trạm thu phí Sai Nga (IC10)" />
    <tag k="addr:full" v="C4QF+H9 Trạm Thu phí Sai Nga (IC10), Cẩm Khê, Phú Thọ, Việt Nam" />
    <tag k="source" v="maps-vietnam toll-station-pipeline" />
    <tag k="source:datasets" v="colleague_google_maps_results" />
    <tag k="source:google_place_id" v="ChIJVVmHaACdNDERfEY0NR4vT_E" />
    <tag k="source:google_cid" v="17388168493088917116" />
    <tag k="source:url" v="https://www.google.com/maps/place/Tr%E1%BA%A1m+Thu+ph%C3%AD+Sai+Nga+%28IC10%29/data=!4m7!3m6!1s0x31349d0068875955:0xf14f2f1e3534467c!8m2!3d21.4389244!4d105.1234384!16s%2Fg%2F11m5qhw8k_!19sChIJVVmHaACdNDERfEY0NR4vT_E?authuser=0&amp;hl=vi&amp;rclk=1" />
    <tag k="maps_vietnam:id" v="vn-toll-results-852b9a6b761f54" />
    <tag k="maps_vietnam:clean_status" v="deduplicated_after_results_merge" />
    <tag k="maps_vietnam:confidence" v="0.80" />
    <tag k="maps_vietnam:status" v="active" />
  </node>
  <node id="14000000182" lat="12.664256" lon="108.114946" version="1" timestamp="2026-06-11T02:34:07Z">
    <tag k="barrier" v="toll_booth" />
    <tag k="highway" v="toll_gantry" />
    <tag k="payment" v="etc" />
    <tag k="payment:etc" v="yes" />
    <tag k="toll" v="yes" />
    <tag k="name" v="Trạm thu phí Sân bay Buôn Ma Thuột" />
    <tag k="addr:full" v="Trạm thu phí, Đ. Đam San, Tân Lập, Đắk Lắk, Việt Nam" />
    <tag k="source" v="maps-vietnam toll-station-pipeline" />
    <tag k="source:datasets" v="colleague_google_maps_results" />
    <tag k="source:google_place_id" v="ChIJ7ZD6VAD3cTERMvum7vMsPag" />
    <tag k="source:google_cid" v="12122895198143839026" />
    <tag k="source:url" v="https://www.google.com/maps/place/Tr%E1%BA%A1m+Thu+ph%C3%AD+S%C3%A2n+bay+Bu%C3%B4n+Ma+Thu%E1%BB%99t/data=!4m7!3m6!1s0x3171f70054fa90ed:0xa83d2cf3eea6fb32!8m2!3d12.6642561!4d108.1149458!16s%2Fg%2F11x34bkxgh!19sChIJ7ZD6VAD3cTERMvum7vMsPag?authuser=0&amp;hl=vi&amp;rclk=1" />
    <tag k="maps_vietnam:id" v="vn-toll-results-cb934a0bf0ccfe" />
    <tag k="maps_vietnam:clean_status" v="reviewed_from_results" />
    <tag k="maps_vietnam:confidence" v="0.80" />
    <tag k="maps_vietnam:status" v="active" />
  </node>
  <node id="14000000183" lat="15.415423" lon="108.703482" version="1" timestamp="2026-06-11T02:34:07Z">
    <tag k="barrier" v="toll_booth" />
    <tag k="highway" v="toll_gantry" />
    <tag k="payment" v="etc" />
    <tag k="payment:etc" v="yes" />
    <tag k="toll" v="yes" />
    <tag k="name" v="Trạm thu phí Sân bay Chu Lai" />
    <tag k="addr:full" v="CP83+599 Trạm Thu phí Sân bay Chu Lai, Núi Thành, Đà Nẵng, Việt Nam" />
    <tag k="source" v="maps-vietnam toll-station-pipeline" />
    <tag k="source:datasets" v="colleague_google_maps_results" />
    <tag k="source:google_place_id" v="ChIJxYlnEwDJaTERJr7HqJskFVQ" />
    <tag k="source:google_cid" v="6058789124667063846" />
    <tag k="source:url" v="https://www.google.com/maps/place/Tr%E1%BA%A1m+Thu+ph%C3%AD+S%C3%A2n+bay+Chu+Lai/data=!4m7!3m6!1s0x3169c900136789c5:0x5415249ba8c7be26!8m2!3d15.4154226!4d108.7034821!16s%2Fg%2F11x34fzs15!19sChIJxYlnEwDJaTERJr7HqJskFVQ?authuser=0&amp;hl=vi&amp;rclk=1" />
    <tag k="maps_vietnam:id" v="vn-toll-results-b3e81bf484735a" />
    <tag k="maps_vietnam:clean_status" v="reviewed_from_results" />
    <tag k="maps_vietnam:confidence" v="0.80" />
    <tag k="maps_vietnam:status" v="active" />
  </node>
  <node id="14000000184" lat="9.175154" lon="105.175839" version="1" timestamp="2026-06-11T02:34:07Z">
    <tag k="barrier" v="toll_booth" />
    <tag k="highway" v="toll_gantry" />
    <tag k="payment" v="etc" />
    <tag k="payment:etc" v="yes" />
    <tag k="toll" v="yes" />
    <tag k="name" v="Trạm thu phí Sân bay Cà Mau" />
    <tag k="addr:full" v="55GG+388 Trạm Thu phí Sân bay Cà Mau, Tân Thành, Cà Mau, Việt Nam" />
    <tag k="source" v="maps-vietnam toll-station-pipeline" />
    <tag k="source:datasets" v="colleague_google_maps_results" />
    <tag k="source:google_place_id" v="ChIJK0poAgBJoTERgv_l_rz0Uzw" />
    <tag k="source:google_cid" v="4347087157910175618" />
    <tag k="source:url" v="https://www.google.com/maps/place/Tr%E1%BA%A1m+Thu+ph%C3%AD+S%C3%A2n+bay+C%C3%A0+Mau/data=!4m7!3m6!1s0x31a1490002684a2b:0x3c53f4bcfee5ff82!8m2!3d9.1751543!4d105.1758388!16s%2Fg%2F11x0wwvc1k!19sChIJK0poAgBJoTERgv_l_rz0Uzw?authuser=0&amp;hl=vi&amp;rclk=1" />
    <tag k="maps_vietnam:id" v="vn-toll-results-8da48e912d0c21" />
    <tag k="maps_vietnam:clean_status" v="reviewed_from_results" />
    <tag k="maps_vietnam:confidence" v="0.80" />
    <tag k="maps_vietnam:status" v="active" />
  </node>
  <node id="14000000185" lat="8.730259" lon="106.628381" version="1" timestamp="2026-06-11T02:34:07Z">
    <tag k="barrier" v="toll_booth" />
    <tag k="highway" v="toll_gantry" />
    <tag k="payment" v="etc" />
    <tag k="payment:etc" v="yes" />
    <tag k="toll" v="yes" />
    <tag k="name" v="Trạm thu phí Sân bay Côn Đảo" />
    <tag k="addr:full" v="PJJH+492 Trạm Thu phí Sân bay Côn Đảo, đảo, Côn Đảo, Hồ Chí Minh, Việt Nam" />
    <tag k="source" v="maps-vietnam toll-station-pipeline" />
    <tag k="source:datasets" v="colleague_google_maps_results" />
    <tag k="source:google_place_id" v="ChIJRyBEfgCrmDERLjEIoUff9qo" />
    <tag k="source:google_cid" v="12319279329455911214" />
    <tag k="source:url" v="https://www.google.com/maps/place/Tr%E1%BA%A1m+Thu+ph%C3%AD+S%C3%A2n+bay+C%C3%B4n+%C4%90%E1%BA%A3o/data=!4m7!3m6!1s0x3198ab007e442047:0xaaf6df47a108312e!8m2!3d8.7302588!4d106.6283809!16s%2Fg%2F11x396df_t!19sChIJRyBEfgCrmDERLjEIoUff9qo?authuser=0&amp;hl=vi&amp;rclk=1" />
    <tag k="maps_vietnam:id" v="vn-toll-results-812f332fb6a582" />
    <tag k="maps_vietnam:clean_status" v="reviewed_from_results" />
    <tag k="maps_vietnam:confidence" v="0.80" />
    <tag k="maps_vietnam:status" v="active" />
  </node>
  <node id="14000000186" lat="11.746721" lon="108.370191" version="1" timestamp="2026-06-11T02:34:07Z">
    <tag k="barrier" v="toll_booth" />
    <tag k="highway" v="toll_gantry" />
    <tag k="payment" v="etc" />
    <tag k="payment:etc" v="yes" />
    <tag k="toll" v="yes" />
    <tag k="name" v="Trạm thu phí Sân bay Liên Khương" />
    <tag k="addr:full" v="P9WC+M3P Trạm Thu phí Sân bay Liên Khương, Đức Trọng, Lâm Đồng, Việt Nam" />
    <tag k="source" v="maps-vietnam toll-station-pipeline" />
    <tag k="source:datasets" v="colleague_google_maps_results" />
    <tag k="source:google_place_id" v="ChIJz744QwBBcTEReGlc6-KjoPM" />
    <tag k="source:google_cid" v="17555211542496831864" />
    <tag k="source:url" v="https://www.google.com/maps/place/Tr%E1%BA%A1m+Thu+ph%C3%AD+S%C3%A2n+bay+Li%C3%AAn+Kh%C6%B0%C6%A1ng/data=!4m7!3m6!1s0x317141004338becf:0xf3a0a3e2eb5c6978!8m2!3d11.746721!4d108.3701906!16s%2Fg%2F11x0r0nrsf!19sChIJz744QwBBcTEReGlc6-KjoPM?authuser=0&amp;hl=vi&amp;rclk=1" />
    <tag k="maps_vietnam:id" v="vn-toll-results-e5947651734d79" />
    <tag k="maps_vietnam:clean_status" v="reviewed_from_results" />
    <tag k="maps_vietnam:confidence" v="0.80" />
    <tag k="maps_vietnam:status" v="active" />
  </node>
  <node id="14000000187" lat="13.953545" lon="109.050349" version="1" timestamp="2026-06-11T02:34:07Z">
    <tag k="barrier" v="toll_booth" />
    <tag k="highway" v="toll_gantry" />
    <tag k="payment" v="etc" />
    <tag k="payment:etc" v="yes" />
    <tag k="toll" v="yes" />
    <tag k="name" v="Trạm thu phí Sân bay Phù Cát" />
    <tag k="addr:full" v="X332+95F Trạm Thu phí Sân bay Phù Cát, Phù Cát, Gia Lai, Việt Nam" />
    <tag k="source" v="maps-vietnam toll-station-pipeline" />
    <tag k="source:datasets" v="colleague_google_maps_results" />
    <tag k="source:google_place_id" v="ChIJTdrUOAA9bzERPZwFPoott_M" />
    <tag k="source:google_cid" v="17561555343723830333" />
    <tag k="source:url" v="https://www.google.com/maps/place/Tr%E1%BA%A1m+Thu+ph%C3%AD+S%C3%A2n+bay+Ph%C3%B9+C%C3%A1t/data=!4m7!3m6!1s0x316f3d0038d4da4d:0xf3b72d8a3e059c3d!8m2!3d13.9535447!4d109.0503489!16s%2Fg%2F11x32xq050!19sChIJTdrUOAA9bzERPZwFPoott_M?authuser=0&amp;hl=vi&amp;rclk=1" />
    <tag k="maps_vietnam:id" v="vn-toll-results-5322ec51832366" />
    <tag k="maps_vietnam:clean_status" v="reviewed_from_results" />
    <tag k="maps_vietnam:confidence" v="0.80" />
    <tag k="maps_vietnam:status" v="active" />
  </node>
  <node id="14000000188" lat="16.394408" lon="107.698361" version="1" timestamp="2026-06-11T02:34:07Z">
    <tag k="barrier" v="toll_booth" />
    <tag k="highway" v="toll_gantry" />
    <tag k="payment" v="etc" />
    <tag k="payment:etc" v="yes" />
    <tag k="toll" v="yes" />
    <tag k="name" v="Trạm thu phí Sân bay Phú Bài" />
    <tag k="addr:full" v="9MWX+4P3 Trạm Thu phí Sân bay Phú Bài, Phú Bài, Huế, Việt Nam" />
    <tag k="source" v="maps-vietnam toll-station-pipeline" />
    <tag k="source:datasets" v="colleague_google_maps_results" />
    <tag k="source:google_place_id" v="ChIJA3ePeIKZQTERkQxe43EL2o8" />
    <tag k="source:google_cid" v="10365610076120419473" />
    <tag k="source:url" v="https://www.google.com/maps/place/Tr%E1%BA%A1m+Thu+ph%C3%AD+S%C3%A2n+bay+Ph%C3%BA+B%C3%A0i/data=!4m7!3m6!1s0x31419982788f7703:0x8fda0b71e35e0c91!8m2!3d16.3944078!4d107.6983607!16s%2Fg%2F11lcshtzsx!19sChIJA3ePeIKZQTERkQxe43EL2o8?authuser=0&amp;hl=vi&amp;rclk=1" />
    <tag k="maps_vietnam:id" v="vn-toll-results-9d556e8755f432" />
    <tag k="maps_vietnam:clean_status" v="reviewed_from_results" />
    <tag k="maps_vietnam:confidence" v="0.80" />
    <tag k="maps_vietnam:status" v="active" />
  </node>
  <node id="14000000189" lat="10.159664" lon="103.99769" version="1" timestamp="2026-06-11T02:34:07Z">
    <tag k="barrier" v="toll_booth" />
    <tag k="highway" v="toll_gantry" />
    <tag k="payment" v="etc" />
    <tag k="payment:etc" v="yes" />
    <tag k="toll" v="yes" />
    <tag k="name" v="Trạm thu phí Sân bay Phú Quốc" />
    <tag k="addr:full" v="5X5X+V38 Trạm Thu phí Sân bay Phú Quốc, Lối Ra Xa lộ Phú Quốc, Phú Quốc, An Giang, Việt Nam" />
    <tag k="source" v="maps-vietnam toll-station-pipeline" />
    <tag k="source:datasets" v="colleague_google_maps_results" />
    <tag k="source:google_place_id" v="ChIJfyPGPACNpzERG1FuuqDMn5w" />
    <tag k="source:google_cid" v="11285964181908377883" />
    <tag k="source:url" v="https://www.google.com/maps/place/Tr%E1%BA%A1m+Thu+ph%C3%AD+S%C3%A2n+bay+Ph%C3%BA+Qu%E1%BB%91c/data=!4m7!3m6!1s0x31a78d003cc6237f:0x9c9fcca0ba6e511b!8m2!3d10.1596639!4d103.99769!16s%2Fg%2F11x394dzqs!19sChIJfyPGPACNpzERG1FuuqDMn5w?authuser=0&amp;hl=vi&amp;rclk=1" />
    <tag k="maps_vietnam:id" v="vn-toll-results-89f2f678011e91" />
    <tag k="maps_vietnam:clean_status" v="reviewed_from_results" />
    <tag k="maps_vietnam:confidence" v="0.80" />
    <tag k="maps_vietnam:status" v="active" />
  </node>
  <node id="14000000190" lat="9.960942" lon="105.133597" version="1" timestamp="2026-06-11T02:34:07Z">
    <tag k="barrier" v="toll_booth" />
    <tag k="highway" v="toll_gantry" />
    <tag k="payment" v="etc" />
    <tag k="payment:etc" v="yes" />
    <tag k="toll" v="yes" />
    <tag k="name" v="Trạm thu phí Sân bay Rạch Giá" />
    <tag k="addr:full" v="X46M+9CH Trạm Thu phí Sân bay Rạch Giá, Rạch Giá, An Giang, Việt Nam" />
    <tag k="source" v="maps-vietnam toll-station-pipeline" />
    <tag k="source:datasets" v="colleague_google_maps_results" />
    <tag k="source:google_place_id" v="ChIJMcwTTAC3oDER4fpfByNmHp4" />
    <tag k="source:google_cid" v="11393656407927552737" />
    <tag k="source:url" v="https://www.google.com/maps/place/Tr%E1%BA%A1m+Thu+ph%C3%AD+S%C3%A2n+bay+R%E1%BA%A1ch+Gi%C3%A1/data=!4m7!3m6!1s0x31a0b7004c13cc31:0x9e1e6623075ffae1!8m2!3d9.960942!4d105.1335975!16s%2Fg%2F11m5xwmsy6!19sChIJMcwTTAC3oDER4fpfByNmHp4?authuser=0&amp;hl=vi&amp;rclk=1" />
    <tag k="maps_vietnam:id" v="vn-toll-results-f5cbe3fb32560c" />
    <tag k="maps_vietnam:clean_status" v="reviewed_from_results" />
    <tag k="maps_vietnam:confidence" v="0.80" />
    <tag k="maps_vietnam:status" v="active" />
  </node>
  <node id="14000000191" lat="19.892215" lon="105.473591" version="1" timestamp="2026-06-11T02:34:07Z">
    <tag k="barrier" v="toll_booth" />
    <tag k="highway" v="toll_gantry" />
    <tag k="payment" v="etc" />
    <tag k="payment:etc" v="yes" />
    <tag k="toll" v="yes" />
    <tag k="name" v="Trạm thu phí Sân bay Thọ Xuân" />
    <tag k="addr:full" v="VFRF+VCP Trạm Thu phí Sân bay Thọ Xuân, Xuân Hòa, Thanh Hóa, Việt Nam" />
    <tag k="source" v="maps-vietnam toll-station-pipeline" />
    <tag k="source:datasets" v="colleague_google_maps_results" />
    <tag k="source:google_place_id" v="ChIJKzazTwDpNjERqEVMdlsoI6s" />
    <tag k="source:google_cid" v="12331744577962395048" />
    <tag k="source:url" v="https://www.google.com/maps/place/Tr%E1%BA%A1m+Thu+ph%C3%AD+S%C3%A2n+bay+Th%E1%BB%8D+Xu%C3%A2n/data=!4m7!3m6!1s0x3136e9004fb3362b:0xab23285b764c45a8!8m2!3d19.8922155!4d105.4735914!16s%2Fg%2F11mc_2gd85!19sChIJKzazTwDpNjERqEVMdlsoI6s?authuser=0&amp;hl=vi&amp;rclk=1" />
    <tag k="maps_vietnam:id" v="vn-toll-results-227af1af3afdf1" />
    <tag k="maps_vietnam:clean_status" v="reviewed_from_results" />
    <tag k="maps_vietnam:confidence" v="0.80" />
    <tag k="maps_vietnam:status" v="active" />
  </node>
  <node id="14000000192" lat="13.05066" lon="109.346302" version="1" timestamp="2026-06-11T02:34:07Z">
    <tag k="barrier" v="toll_booth" />
    <tag k="highway" v="toll_gantry" />
    <tag k="payment" v="etc" />
    <tag k="payment:etc" v="yes" />
    <tag k="toll" v="yes" />
    <tag k="name" v="Trạm thu phí Sân bay Tuy Hoà" />
    <tag k="addr:full" v="382W+7G7 Trạm Thu phí Sân bay Tuy Hoà, Phú Yên, Đắk Lắk, Việt Nam" />
    <tag k="source" v="maps-vietnam toll-station-pipeline" />
    <tag k="source:datasets" v="colleague_google_maps_results" />
    <tag k="source:google_place_id" v="ChIJ3_zN9X7vbzER4H8yyV8Li_8" />
    <tag k="source:google_cid" v="18413824007459733472" />
    <tag k="source:url" v="https://www.google.com/maps/place/Tr%E1%BA%A1m+Thu+ph%C3%AD+S%C3%A2n+bay+Tuy+Ho%C3%A0/data=!4m7!3m6!1s0x316fef7ef5cdfcdf:0xff8b0b5fc9327fe0!8m2!3d13.0506598!4d109.3463018!16s%2Fg%2F11tcff0_tb!19sChIJ3_zN9X7vbzER4H8yyV8Li_8?authuser=0&amp;hl=vi&amp;rclk=1" />
    <tag k="maps_vietnam:id" v="vn-toll-results-87932c98aea4d2" />
    <tag k="maps_vietnam:clean_status" v="reviewed_from_results" />
    <tag k="maps_vietnam:confidence" v="0.80" />
    <tag k="maps_vietnam:status" v="active" />
  </node>
  <node id="14000000193" lat="16.050873" lon="108.206409" version="1" timestamp="2026-06-11T02:34:07Z">
    <tag k="barrier" v="toll_booth" />
    <tag k="highway" v="toll_gantry" />
    <tag k="payment" v="etc" />
    <tag k="payment:etc" v="yes" />
    <tag k="toll" v="yes" />
    <tag k="name" v="Trạm thu phí Sân bay Đà Nẵng" />
    <tag k="addr:full" v="3624+8HV Trạm Thu phí Sân bay Đà Nẵng, Hòa Cường, Đà Nẵng 550000, Việt Nam" />
    <tag k="source" v="maps-vietnam toll-station-pipeline" />
    <tag k="source:datasets" v="colleague_google_maps_results" />
    <tag k="source:google_place_id" v="ChIJa9ovTAAZQjERdvvdD11orkg" />
    <tag k="source:google_cid" v="5237238165585918838" />
    <tag k="source:url" v="https://www.google.com/maps/place/Tr%E1%BA%A1m+Thu+ph%C3%AD+S%C3%A2n+bay+%C4%90%C3%A0+N%E1%BA%B5ng/data=!4m7!3m6!1s0x314219004c2fda6b:0x48ae685d0fddfb76!8m2!3d16.0508728!4d108.2064095!16s%2Fg%2F11x0r2mvds!19sChIJa9ovTAAZQjERdvvdD11orkg?authuser=0&amp;hl=vi&amp;rclk=1" />
    <tag k="maps_vietnam:id" v="vn-toll-results-939faa49c400d0" />
    <tag k="maps_vietnam:clean_status" v="reviewed_from_results" />
    <tag k="maps_vietnam:confidence" v="0.80" />
    <tag k="maps_vietnam:status" v="active" />
  </node>
  <node id="14000000194" lat="16.058042" lon="108.20406" version="1" timestamp="2026-06-11T02:34:07Z">
    <tag k="barrier" v="toll_booth" />
    <tag k="highway" v="toll_gantry" />
    <tag k="payment" v="etc" />
    <tag k="payment:etc" v="yes" />
    <tag k="toll" v="yes" />
    <tag k="name" v="Trạm thu phí Sân bay Đà Nẵng" />
    <tag k="addr:full" v="3653+6J7 Trạm Thu phí Sân bay Đà Nẵng, Nguyễn Văn Linh, Hòa Cường, Đà Nẵng 550000, Việt Nam" />
    <tag k="source" v="maps-vietnam toll-station-pipeline" />
    <tag k="source:datasets" v="colleague_google_maps_results" />
    <tag k="source:google_place_id" v="ChIJGeTBdwAZQjERBKv6xInnt7U" />
    <tag k="source:google_cid" v="13094189020504304388" />
    <tag k="source:url" v="https://www.google.com/maps/place/Tr%E1%BA%A1m+Thu+ph%C3%AD+S%C3%A2n+bay+%C4%90%C3%A0+N%E1%BA%B5ng/data=!4m7!3m6!1s0x3142190077c1e419:0xb5b7e789c4faab04!8m2!3d16.058042!4d108.2040601!16s%2Fg%2F11m5s48srk!19sChIJGeTBdwAZQjERBKv6xInnt7U?authuser=0&amp;hl=vi&amp;rclk=1" />
    <tag k="maps_vietnam:id" v="vn-toll-results-84e23a122c88c0" />
    <tag k="maps_vietnam:clean_status" v="reviewed_from_results" />
    <tag k="maps_vietnam:confidence" v="0.80" />
    <tag k="maps_vietnam:status" v="active" />
  </node>
  <node id="14000000195" lat="10.972717" lon="106.800761" version="1" timestamp="2026-06-11T02:34:07Z">
    <tag k="barrier" v="toll_booth" />
    <tag k="highway" v="toll_gantry" />
    <tag k="payment" v="etc" />
    <tag k="payment:etc" v="yes" />
    <tag k="toll" v="yes" />
    <tag k="name" v="Trạm thu phí Số 1 - ĐT768" />
    <tag k="addr:full" v="XRF2+38J Trạm Thu phí Số 1 - ĐT768, Trấn Biên, Đồng Nai, Việt Nam" />
    <tag k="source" v="maps-vietnam toll-station-pipeline" />
    <tag k="source:datasets" v="colleague_google_maps_results" />
    <tag k="source:google_place_id" v="ChIJCXjIU3bbdDER5LCWTLTeA1w" />
    <tag k="source:google_cid" v="6630387942379925732" />
    <tag k="source:url" v="https://www.google.com/maps/place/Tr%E1%BA%A1m+Thu+ph%C3%AD+S%E1%BB%91+1+-+%C4%90T768/data=!4m7!3m6!1s0x3174db7653c87809:0x5c03deb44c96b0e4!8m2!3d10.9727166!4d106.8007609!16s%2Fg%2F11h8712m51!19sChIJCXjIU3bbdDER5LCWTLTeA1w?authuser=0&amp;hl=vi&amp;rclk=1" />
    <tag k="maps_vietnam:id" v="vn-toll-results-d1f02767544d7f" />
    <tag k="maps_vietnam:clean_status" v="reviewed_from_results" />
    <tag k="maps_vietnam:confidence" v="0.80" />
    <tag k="maps_vietnam:status" v="active" />
  </node>
  <node id="14000000196" lat="10.974075" lon="106.771396" version="1" timestamp="2026-06-11T02:34:07Z">
    <tag k="barrier" v="toll_booth" />
    <tag k="highway" v="toll_gantry" />
    <tag k="payment" v="etc" />
    <tag k="payment:etc" v="yes" />
    <tag k="toll" v="yes" />
    <tag k="name" v="Trạm thu phí Số 2 - ĐT747A Km 1+670" />
    <tag k="addr:full" v="XQFC+JHJ Trạm Thu phí Số 2 - ĐT747A Km 1+670, ĐT743, Tân Đông Hiệp, Hồ Chí Minh, Việt Nam" />
    <tag k="source" v="maps-vietnam toll-station-pipeline" />
    <tag k="source:datasets" v="colleague_google_maps_results" />
    <tag k="source:google_place_id" v="ChIJM-LNqrbbdDERTMwYp69CXGI" />
    <tag k="source:google_cid" v="7087613235764448332" />
    <tag k="source:url" v="https://www.google.com/maps/place/Tr%E1%BA%A1m+Thu+ph%C3%AD+S%E1%BB%91+2+-+%C4%90T747A+Km+1%2B670/data=!4m7!3m6!1s0x3174dbb6aacde233:0x625c42afa718cc4c!8m2!3d10.9740752!4d106.7713958!16s%2Fg%2F11sbt6lcc9!19sChIJM-LNqrbbdDERTMwYp69CXGI?authuser=0&amp;hl=vi&amp;rclk=1" />
    <tag k="maps_vietnam:id" v="vn-toll-results-7d8a668438a5d0" />
    <tag k="maps_vietnam:clean_status" v="reviewed_from_results" />
    <tag k="maps_vietnam:confidence" v="0.80" />
    <tag k="maps_vietnam:status" v="active" />
  </node>
  <node id="14000000197" lat="10.980267" lon="106.847811" version="1" timestamp="2026-06-11T02:34:07Z">
    <tag k="barrier" v="toll_booth" />
    <tag k="highway" v="toll_gantry" />
    <tag k="payment" v="etc" />
    <tag k="payment:etc" v="yes" />
    <tag k="toll" v="yes" />
    <tag k="name" v="Trạm thu phí Số 2A - ĐT768" />
    <tag k="addr:full" v="XRJX+443 Trạm Thu phí Số 2A - ĐT768, Đ. Đồng Khởi, Trảng Dài, Đồng Nai, Việt Nam" />
    <tag k="source" v="maps-vietnam toll-station-pipeline" />
    <tag k="source:datasets" v="colleague_google_maps_results" />
    <tag k="source:google_place_id" v="ChIJ_RPa00bcdDERn4TO4BjNuxA" />
    <tag k="source:google_cid" v="1205782831986279583" />
    <tag k="source:url" v="https://www.google.com/maps/place/Tr%E1%BA%A1m+Thu+ph%C3%AD+S%E1%BB%91+2A+-+%C4%90T768/data=!4m7!3m6!1s0x3174dc46d3da13fd:0x10bbcd18e0ce849f!8m2!3d10.980267!4d106.8478114!16s%2Fg%2F1tftz0z5!19sChIJ_RPa00bcdDERn4TO4BjNuxA?authuser=0&amp;hl=vi&amp;rclk=1" />
    <tag k="maps_vietnam:id" v="vn-toll-results-1c57136a69c8e5" />
    <tag k="maps_vietnam:clean_status" v="reviewed_from_results" />
    <tag k="maps_vietnam:confidence" v="0.80" />
    <tag k="maps_vietnam:status" v="active" />
  </node>
  <node id="14000000198" lat="11.028277" lon="106.777486" version="1" timestamp="2026-06-11T02:34:07Z">
    <tag k="barrier" v="toll_booth" />
    <tag k="highway" v="toll_gantry" />
    <tag k="payment" v="etc" />
    <tag k="payment:etc" v="yes" />
    <tag k="toll" v="yes" />
    <tag k="name" v="Trạm thu phí Số 3 - ĐT 747A Km 9+120" />
    <tag k="addr:full" v="2QHG+8X9 Trạm Thu phí Số 3 - ĐT 747A Km 9+120, Tân Hiệp, Hồ Chí Minh, Việt Nam" />
    <tag k="source" v="maps-vietnam toll-station-pipeline" />
    <tag k="source:datasets" v="colleague_google_maps_results" />
    <tag k="source:google_place_id" v="ChIJx9z1oCHbdDERlhH0jSjjxBc" />
    <tag k="source:google_cid" v="1712743521627410838" />
    <tag k="source:url" v="https://www.google.com/maps/place/Tr%E1%BA%A1m+Thu+ph%C3%AD+S%E1%BB%91+3+-+%C4%90T+747A+Km+9%2B120/data=!4m7!3m6!1s0x3174db21a0f5dcc7:0x17c4e3288df41196!8m2!3d11.0282773!4d106.7774858!16s%2Fg%2F12mkw94dl!19sChIJx9z1oCHbdDERlhH0jSjjxBc?authuser=0&amp;hl=vi&amp;rclk=1" />
    <tag k="maps_vietnam:id" v="vn-toll-results-6e4533b3acd003" />
    <tag k="maps_vietnam:clean_status" v="reviewed_from_results" />
    <tag k="maps_vietnam:confidence" v="0.80" />
    <tag k="maps_vietnam:status" v="active" />
  </node>
  <node id="14000000199" lat="11.028268" lon="106.913057" version="1" timestamp="2026-06-11T02:34:07Z">
    <tag k="barrier" v="toll_booth" />
    <tag k="highway" v="toll_gantry" />
    <tag k="payment" v="etc" />
    <tag k="payment:etc" v="yes" />
    <tag k="toll" v="yes" />
    <tag k="name" v="Trạm thu phí Số 3A - ĐT768" />
    <tag k="addr:full" v="2WH7+863 Trạm Thu phí Số 3A - ĐT768, ĐT768, Tân An, Đồng Nai, Việt Nam" />
    <tag k="source" v="maps-vietnam toll-station-pipeline" />
    <tag k="source:datasets" v="colleague_google_maps_results" />
    <tag k="source:google_place_id" v="ChIJrRxkUQDndDERiewBSVfvgYM" />
    <tag k="source:google_cid" v="9476118249130290313" />
    <tag k="source:url" v="https://www.google.com/maps/place/Tr%E1%BA%A1m+Thu+ph%C3%AD+S%E1%BB%91+3A+-+%C4%90T768/data=!4m7!3m6!1s0x3174e70051641cad:0x8381ef574901ec89!8m2!3d11.0282685!4d106.9130575!16s%2Fg%2F11vzdp69lj!19sChIJrRxkUQDndDERiewBSVfvgYM?authuser=0&amp;hl=vi&amp;rclk=1" />
    <tag k="maps_vietnam:id" v="vn-toll-results-118a315fd99ba0" />
    <tag k="maps_vietnam:clean_status" v="reviewed_from_results" />
    <tag k="maps_vietnam:confidence" v="0.80" />
    <tag k="maps_vietnam:status" v="active" />
  </node>
  <node id="14000000200" lat="11.023644" lon="106.899633" version="1" timestamp="2026-06-11T02:34:07Z">
    <tag k="barrier" v="toll_booth" />
    <tag k="highway" v="toll_gantry" />
    <tag k="payment" v="etc" />
    <tag k="payment:etc" v="yes" />
    <tag k="toll" v="yes" />
    <tag k="name" v="Trạm thu phí Số 3B - ĐT768" />
    <tag k="addr:full" v="2VFX+FV2 Trạm Thu phí Số 3B - ĐT768, Trảng Dài, Đồng Nai, Việt Nam" />
    <tag k="source" v="maps-vietnam toll-station-pipeline" />
    <tag k="source:datasets" v="colleague_google_maps_results" />
    <tag k="source:google_place_id" v="ChIJN7XLHljddDERUE6la08n1GU" />
    <tag k="source:google_cid" v="7337532914955275856" />
    <tag k="source:url" v="https://www.google.com/maps/place/Tr%E1%BA%A1m+Thu+ph%C3%AD+S%E1%BB%91+3B+-+%C4%90T768/data=!4m7!3m6!1s0x3174dd581ecbb537:0x65d4274f6ba54e50!8m2!3d11.0236442!4d106.8996333!16s%2Fg%2F11kjg5npt4!19sChIJN7XLHljddDERUE6la08n1GU?authuser=0&amp;hl=vi&amp;rclk=1" />
    <tag k="maps_vietnam:id" v="vn-toll-results-4d20271e734d74" />
    <tag k="maps_vietnam:clean_status" v="reviewed_from_results" />
    <tag k="maps_vietnam:confidence" v="0.80" />
    <tag k="maps_vietnam:status" v="active" />
  </node>
  <node id="14000000201" lat="21.357265" lon="105.606161" version="1" timestamp="2026-06-11T02:34:07Z">
    <tag k="barrier" v="toll_booth" />
    <tag k="highway" v="toll_gantry" />
    <tag k="payment" v="etc" />
    <tag k="payment:etc" v="yes" />
    <tag k="toll" v="yes" />
    <tag k="name" v="Trạm thu phí Tam Đảo (IC4)" />
    <tag k="addr:full" v="9J44+WF3 Trạm Thu phí Tam Đảo (IC4), Tam Dương, Phú Thọ, Việt Nam" />
    <tag k="source" v="maps-vietnam toll-station-pipeline" />
    <tag k="source:datasets" v="colleague_google_maps_results" />
    <tag k="source:google_place_id" v="ChIJBUvlRdjlNDERSnQID_1eak0" />
    <tag k="source:google_cid" v="5578375529423729738" />
    <tag k="source:url" v="https://www.google.com/maps/place/Tr%E1%BA%A1m+Thu+ph%C3%AD+Tam+%C4%90%E1%BA%A3o+%28IC4%29/data=!4m7!3m6!1s0x3134e5d845e54b05:0x4d6a5efd0f08744a!8m2!3d21.357265!4d105.6061607!16s%2Fg%2F11v0gyr70g!19sChIJBUvlRdjlNDERSnQID_1eak0?authuser=0&amp;hl=vi&amp;rclk=1" />
    <tag k="maps_vietnam:id" v="vn-toll-results-17bd13a8f54c64" />
    <tag k="maps_vietnam:clean_status" v="reviewed_from_results" />
    <tag k="maps_vietnam:confidence" v="0.80" />
    <tag k="maps_vietnam:status" v="active" />
  </node>
  <node id="14000000202" lat="10.435296" lon="106.295124" version="1" timestamp="2026-06-11T02:34:07Z">
    <tag k="barrier" v="toll_booth" />
    <tag k="highway" v="toll_gantry" />
    <tag k="payment" v="etc" />
    <tag k="payment:etc" v="yes" />
    <tag k="toll" v="yes" />
    <tag k="name" v="Trạm thu phí Thân Cửu Nghĩa - Chốt CA kiểm tra" />
    <tag k="addr:full" v="C7PW+429 Trạm Thu phí Thân Cửu Nghĩa - Chốt CA kiểm tra, Long Hưng, Đồng Tháp 84000, Việt Nam" />
    <tag k="source" v="maps-vietnam toll-station-pipeline" />
    <tag k="source:datasets" v="colleague_google_maps_results" />
    <tag k="source:google_place_id" v="ChIJKUv9PAC7CjERcOJhLZRPoP0" />
    <tag k="source:google_cid" v="18275694785704616560" />
    <tag k="source:url" v="https://www.google.com/maps/place/Tr%E1%BA%A1m+Thu+ph%C3%AD+Th%C3%A2n+C%E1%BB%ADu+Ngh%C4%A9a+-+Ch%E1%BB%91t+CA+ki%E1%BB%83m+tra/data=!4m7!3m6!1s0x310abb003cfd4b29:0xfda04f942d61e270!8m2!3d10.4352965!4d106.295124!16s%2Fg%2F11w9rh5l3m!19sChIJKUv9PAC7CjERcOJhLZRPoP0?authuser=0&amp;hl=vi&amp;rclk=1" />
    <tag k="maps_vietnam:id" v="vn-toll-results-386eef74a7fe33" />
    <tag k="maps_vietnam:clean_status" v="deduplicated_after_results_merge" />
    <tag k="maps_vietnam:confidence" v="0.80" />
    <tag k="maps_vietnam:status" v="active" />
  </node>
  <node id="14000000203" lat="20.87189" lon="105.877504" version="1" timestamp="2026-06-11T02:34:07Z">
    <tag k="barrier" v="toll_booth" />
    <tag k="highway" v="toll_gantry" />
    <tag k="payment" v="etc" />
    <tag k="payment:etc" v="yes" />
    <tag k="toll" v="yes" />
    <tag k="name" v="Trạm thu phí Thường Tín" />
    <tag k="addr:full" v="VVCG+MH5 Trạm Thu phí Thường Tín, Hồng Vân, Hà Nội, Việt Nam" />
    <tag k="source" v="maps-vietnam toll-station-pipeline" />
    <tag k="source:datasets" v="colleague_google_maps_results" />
    <tag k="source:google_place_id" v="ChIJ-YV7fwCxNTERe6R_ktf5VIU" />
    <tag k="source:google_cid" v="9607578609359234171" />
    <tag k="source:url" v="https://www.google.com/maps/place/Tr%E1%BA%A1m+Thu+ph%C3%AD+Th%C6%B0%E1%BB%9Dng+T%C3%ADn/data=!4m7!3m6!1s0x3135b1007f7b85f9:0x8554f9d7927fa47b!8m2!3d20.87189!4d105.8775042!16s%2Fg%2F11x32vtfwm!19sChIJ-YV7fwCxNTERe6R_ktf5VIU?authuser=0&amp;hl=vi&amp;rclk=1" />
    <tag k="maps_vietnam:id" v="vn-toll-results-1a88faa5c34efa" />
    <tag k="maps_vietnam:clean_status" v="reviewed_from_results" />
    <tag k="maps_vietnam:confidence" v="0.80" />
    <tag k="maps_vietnam:status" v="active" />
  </node>
  <node id="14000000204" lat="12.561158" lon="107.822379" version="1" timestamp="2026-06-11T02:34:07Z">
    <tag k="barrier" v="toll_booth" />
    <tag k="highway" v="toll_gantry" />
    <tag k="payment" v="etc" />
    <tag k="payment:etc" v="yes" />
    <tag k="toll" v="yes" />
    <tag k="name" v="Trạm thu phí Toàn Mỹ 14 (Km 1807+500)" />
    <tag k="addr:full" v="HR6C+FX6 Trạm Thu phí Toàn Mỹ 14 (Km 1807+500), AH17, Đắk Mil, Lâm Đồng, Việt Nam" />
    <tag k="source" v="maps-vietnam toll-station-pipeline" />
    <tag k="source:datasets" v="colleague_google_maps_results" />
    <tag k="source:google_place_id" v="ChIJoS-mSX09cjERn4KVEKBHMpw" />
    <tag k="source:google_cid" v="11255137171550864031" />
    <tag k="source:url" v="https://www.google.com/maps/place/Tr%E1%BA%A1m+Thu+ph%C3%AD+To%C3%A0n+M%E1%BB%B9+14+%28Km+1807%2B500%29/data=!4m7!3m6!1s0x31723d7d49a62fa1:0x9c3247a01095829f!8m2!3d12.561158!4d107.8223793!16s%2Fg%2F11clwlnqkc!19sChIJoS-mSX09cjERn4KVEKBHMpw?authuser=0&amp;hl=vi&amp;rclk=1" />
    <tag k="maps_vietnam:id" v="vn-toll-results-832551acb9094e" />
    <tag k="maps_vietnam:clean_status" v="reviewed_from_results" />
    <tag k="maps_vietnam:confidence" v="0.80" />
    <tag k="maps_vietnam:status" v="active" />
  </node>
  <node id="14000000205" lat="22.152732" lon="104.343695" version="1" timestamp="2026-06-11T02:34:07Z">
    <tag k="barrier" v="toll_booth" />
    <tag k="highway" v="toll_gantry" />
    <tag k="payment" v="etc" />
    <tag k="payment:etc" v="yes" />
    <tag k="toll" v="yes" />
    <tag k="name" v="Trạm thu phí Văn Bàn (IC16)" />
    <tag k="addr:full" v="582V+GF Trạm Thu phí Văn Bàn (IC16), Bảo Hà, Lào Cai, Việt Nam" />
    <tag k="source" v="maps-vietnam toll-station-pipeline" />
    <tag k="source:datasets" v="colleague_google_maps_results" />
    <tag k="source:google_place_id" v="ChIJBzL7PADXzDYRXzd94j-bFjE" />
    <tag k="source:google_cid" v="3537185256031205215" />
    <tag k="source:url" v="https://www.google.com/maps/place/Tr%E1%BA%A1m+Thu+ph%C3%AD+V%C4%83n+B%C3%A0n+%28IC16%29/data=!4m7!3m6!1s0x36ccd7003cfb3207:0x31169b3fe27d375f!8m2!3d22.1527324!4d104.3436947!16s%2Fg%2F11m5qj057j!19sChIJBzL7PADXzDYRXzd94j-bFjE?authuser=0&amp;hl=vi&amp;rclk=1" />
    <tag k="maps_vietnam:id" v="vn-toll-results-43cd4ceb51a555" />
    <tag k="maps_vietnam:clean_status" v="deduplicated_after_results_merge" />
    <tag k="maps_vietnam:confidence" v="0.80" />
    <tag k="maps_vietnam:status" v="active" />
  </node>
  <node id="14000000206" lat="10.81902" lon="106.757905" version="1" timestamp="2026-06-11T02:34:07Z">
    <tag k="barrier" v="toll_booth" />
    <tag k="highway" v="toll_gantry" />
    <tag k="payment" v="etc" />
    <tag k="payment:etc" v="yes" />
    <tag k="toll" v="yes" />
    <tag k="name" v="Trạm thu phí Xa Lộ Hà Nội" />
    <tag k="addr:full" v="B11 Đường 106, Khu phố 1, Thủ Đức, Hồ Chí Minh, Việt Nam" />
    <tag k="source" v="maps-vietnam toll-station-pipeline" />
    <tag k="source:datasets" v="colleague_google_maps_results" />
    <tag k="source:google_place_id" v="ChIJeZeYu3gndTERlLmOeWUAA8Y" />
    <tag k="source:google_cid" v="14268248480270956948" />
    <tag k="source:url" v="https://www.google.com/maps/place/Tr%E1%BA%A1m+Thu+ph%C3%AD+Xa+L%E1%BB%99+H%C3%A0+N%E1%BB%99i/data=!4m7!3m6!1s0x31752778bb989779:0xc6030065798eb994!8m2!3d10.81902!4d106.7579055!16s%2Fg%2F11srjkf37v!19sChIJeZeYu3gndTERlLmOeWUAA8Y?authuser=0&amp;hl=vi&amp;rclk=1" />
    <tag k="maps_vietnam:id" v="vn-toll-results-bb234595df3e9c" />
    <tag k="maps_vietnam:clean_status" v="deduplicated_after_results_merge" />
    <tag k="maps_vietnam:confidence" v="0.80" />
    <tag k="maps_vietnam:status" v="active" />
  </node>
  <node id="14000000207" lat="10.823889" lon="106.759614" version="1" timestamp="2026-06-11T02:34:07Z">
    <tag k="barrier" v="toll_booth" />
    <tag k="highway" v="toll_gantry" />
    <tag k="payment" v="etc" />
    <tag k="payment:etc" v="yes" />
    <tag k="toll" v="yes" />
    <tag k="name" v="Trạm thu phí Xa lộ Hà Nội" />
    <tag k="addr:full" v="Trạm thu phí xa lộ Hà Nội, Võ Nguyên Giáp, Phước Long, Hồ Chí Minh, Việt Nam" />
    <tag k="source" v="maps-vietnam toll-station-pipeline" />
    <tag k="source:datasets" v="colleague_google_maps_results" />
    <tag k="source:google_place_id" v="ChIJQyPOL1ImdTERImN9ej9OrDA" />
    <tag k="source:google_cid" v="3507264244359717666" />
    <tag k="source:url" v="https://www.google.com/maps/place/Tr%E1%BA%A1m+Thu+ph%C3%AD+Xa+l%E1%BB%99+H%C3%A0+N%E1%BB%99i/data=!4m7!3m6!1s0x317526522fce2343:0x30ac4e3f7a7d6322!8m2!3d10.8238891!4d106.7596144!16s%2Fg%2F11fzfdgdnz!19sChIJQyPOL1ImdTERImN9ej9OrDA?authuser=0&amp;hl=vi&amp;rclk=1" />
    <tag k="maps_vietnam:id" v="vn-toll-results-b2d41027212383" />
    <tag k="maps_vietnam:clean_status" v="reviewed_from_results" />
    <tag k="maps_vietnam:confidence" v="0.80" />
    <tag k="maps_vietnam:status" v="active" />
  </node>
  <node id="14000000208" lat="22.343404" lon="104.106081" version="1" timestamp="2026-06-11T02:34:07Z">
    <tag k="barrier" v="toll_booth" />
    <tag k="highway" v="toll_gantry" />
    <tag k="payment" v="etc" />
    <tag k="payment:etc" v="yes" />
    <tag k="toll" v="yes" />
    <tag k="name" v="Trạm thu phí Xuân Giao (IC18)" />
    <tag k="addr:full" v="84V4+9C8 Trạm Thu phí Xuân Giao (IC18), Gia Phú, Lào Cai, Việt Nam" />
    <tag k="source" v="maps-vietnam toll-station-pipeline" />
    <tag k="source:datasets" v="colleague_google_maps_results" />
    <tag k="source:google_place_id" v="ChIJYcitbAAjzTYRn38a379bYrw" />
    <tag k="source:google_cid" v="13574513106488033183" />
    <tag k="source:url" v="https://www.google.com/maps/place/Tr%E1%BA%A1m+Thu+ph%C3%AD+Xu%C3%A2n+Giao+%28IC18%29/data=!4m7!3m6!1s0x36cd23006cadc861:0xbc625bbfdf1a7f9f!8m2!3d22.3434041!4d104.1060812!16s%2Fg%2F11x0pkm_39!19sChIJYcitbAAjzTYRn38a379bYrw?authuser=0&amp;hl=vi&amp;rclk=1" />
    <tag k="maps_vietnam:id" v="vn-toll-results-bb6920af6c9fa1" />
    <tag k="maps_vietnam:clean_status" v="deduplicated_after_results_merge" />
    <tag k="maps_vietnam:confidence" v="0.80" />
    <tag k="maps_vietnam:status" v="active" />
  </node>
  <node id="14000000209" lat="21.648031" lon="104.891031" version="1" timestamp="2026-06-11T02:34:07Z">
    <tag k="barrier" v="toll_booth" />
    <tag k="highway" v="toll_gantry" />
    <tag k="payment" v="etc" />
    <tag k="payment:etc" v="yes" />
    <tag k="toll" v="yes" />
    <tag k="name" v="Trạm thu phí Yên Bái (IC12)" />
    <tag k="addr:full" v="JVXR+6C7 Trạm Thu phí Yên Bái (IC12), Âu Cơ, Âu Lâu, Lào Cai, Việt Nam" />
    <tag k="source" v="maps-vietnam toll-station-pipeline" />
    <tag k="source:datasets" v="colleague_google_maps_results" />
    <tag k="source:google_place_id" v="ChIJ8zNVC-pdMzERDtz2T3WxAgw" />
    <tag k="source:google_cid" v="865449195819424782" />
    <tag k="source:url" v="https://www.google.com/maps/place/Tr%E1%BA%A1m+Thu+ph%C3%AD+Y%C3%AAn+B%C3%A1i+%28IC12%29/data=!4m7!3m6!1s0x31335dea0b5533f3:0xc02b1754ff6dc0e!8m2!3d21.6480308!4d104.8910315!16s%2Fg%2F11gmdy7sfx!19sChIJ8zNVC-pdMzERDtz2T3WxAgw?authuser=0&amp;hl=vi&amp;rclk=1" />
    <tag k="maps_vietnam:id" v="vn-toll-results-e3b23ff691ff97" />
    <tag k="maps_vietnam:clean_status" v="reviewed_from_results" />
    <tag k="maps_vietnam:confidence" v="0.80" />
    <tag k="maps_vietnam:status" v="active" />
  </node>
  <node id="14000000210" lat="10.838926" lon="107.147478" version="1" timestamp="2026-06-11T02:34:07Z">
    <tag k="barrier" v="toll_booth" />
    <tag k="highway" v="toll_gantry" />
    <tag k="payment" v="etc" />
    <tag k="payment:etc" v="yes" />
    <tag k="toll" v="yes" />
    <tag k="name" v="Trạm thu phí Đường cao tốc Phan Thiết - Dầu Giây" />
    <tag k="addr:full" v="CT01, Xuân Quế, Đồng Nai, Việt Nam" />
    <tag k="source" v="maps-vietnam toll-station-pipeline" />
    <tag k="source:datasets" v="colleague_google_maps_results" />
    <tag k="source:google_place_id" v="ChIJRUbQHwADdTER65FDMYUuLlw" />
    <tag k="source:google_cid" v="6642297650010100203" />
    <tag k="source:url" v="https://www.google.com/maps/place/Tr%E1%BA%A1m+Thu+ph%C3%AD+%C4%90%C6%B0%E1%BB%9Dng+Cao+t%E1%BB%91c+Phan+Thi%E1%BA%BFt-+D%E1%BA%A7u+Gi%C3%A2y/data=!4m7!3m6!1s0x317503001fd04645:0x5c2e2e85314391eb!8m2!3d10.8389255!4d107.1474779!16s%2Fg%2F11ldvppg1r!19sChIJRUbQHwADdTER65FDMYUuLlw?authuser=0&amp;hl=vi&amp;rclk=1" />
    <tag k="maps_vietnam:id" v="vn-toll-results-4427bf100242b5" />
    <tag k="maps_vietnam:clean_status" v="reviewed_from_results" />
    <tag k="maps_vietnam:confidence" v="0.80" />
    <tag k="maps_vietnam:status" v="active" />
  </node>
  <node id="14000000211" lat="10.824753" lon="106.603516" version="1" timestamp="2026-06-11T02:34:07Z">
    <tag k="barrier" v="toll_booth" />
    <tag k="highway" v="toll_gantry" />
    <tag k="payment" v="etc" />
    <tag k="payment:etc" v="yes" />
    <tag k="toll" v="yes" />
    <tag k="name" v="Trạm thu phí Đường M1" />
    <tag k="addr:full" v="43 Đ. M1, Bình Hưng Hòa, Hồ Chí Minh, Việt Nam" />
    <tag k="source" v="maps-vietnam toll-station-pipeline" />
    <tag k="source:datasets" v="colleague_google_maps_results" />
    <tag k="source:google_place_id" v="ChIJ_cMXGQArdTERc7h2HoShbBE" />
    <tag k="source:google_cid" v="1255555984948377715" />
    <tag k="source:url" v="https://www.google.com/maps/place/Tr%E1%BA%A1m+Thu+ph%C3%AD+%C4%90%C6%B0%E1%BB%9Dng+M1/data=!4m7!3m6!1s0x31752b001917c3fd:0x116ca1841e76b873!8m2!3d10.8247529!4d106.6035165!16s%2Fg%2F11y3tx4lq9!19sChIJ_cMXGQArdTERc7h2HoShbBE?authuser=0&amp;hl=vi&amp;rclk=1" />
    <tag k="maps_vietnam:id" v="vn-toll-results-e9bcdc9b6ca90e" />
    <tag k="maps_vietnam:clean_status" v="reviewed_from_results" />
    <tag k="maps_vietnam:confidence" v="0.80" />
    <tag k="maps_vietnam:status" v="active" />
  </node>
  <node id="14000000212" lat="10.789745" lon="106.595885" version="1" timestamp="2026-06-11T02:34:07Z">
    <tag k="barrier" v="toll_booth" />
    <tag k="highway" v="toll_gantry" />
    <tag k="payment" v="etc" />
    <tag k="payment:etc" v="yes" />
    <tag k="toll" v="yes" />
    <tag k="name" v="Trạm thu phí Đường Tân Kỳ Tân Quý" />
    <tag k="addr:full" v="QHQW+V9R Trạm Thu phí Đường Tân Kỳ Tân Quý, Bình Hưng Hòa, Hồ Chí Minh, Việt Nam" />
    <tag k="source" v="maps-vietnam toll-station-pipeline" />
    <tag k="source:datasets" v="colleague_google_maps_results" />
    <tag k="source:google_place_id" v="ChIJje5jMXcsdTERRVIGhUuiaQo" />
    <tag k="source:google_cid" v="750309258171929157" />
    <tag k="source:url" v="https://www.google.com/maps/place/Tr%E1%BA%A1m+Thu+ph%C3%AD+%C4%90%C6%B0%E1%BB%9Dng+T%C3%A2n+K%E1%BB%B3+T%C3%A2n+Qu%C3%BD/data=!4m7!3m6!1s0x31752c773163ee8d:0xa69a24b85065245!8m2!3d10.7897449!4d106.595885!16s%2Fg%2F11f3bf1vf4!19sChIJje5jMXcsdTERRVIGhUuiaQo?authuser=0&amp;hl=vi&amp;rclk=1" />
    <tag k="maps_vietnam:id" v="vn-toll-results-77e47d2d58be12" />
    <tag k="maps_vietnam:clean_status" v="reviewed_from_results" />
    <tag k="maps_vietnam:confidence" v="0.80" />
    <tag k="maps_vietnam:status" v="active" />
  </node>
  <node id="14000000213" lat="10.82501" lon="106.602115" version="1" timestamp="2026-06-11T02:34:07Z">
    <tag k="barrier" v="toll_booth" />
    <tag k="highway" v="toll_gantry" />
    <tag k="payment" v="etc" />
    <tag k="payment:etc" v="yes" />
    <tag k="toll" v="yes" />
    <tag k="name" v="Trạm thu phí Đường số 7" />
    <tag k="addr:full" v="RJG2+2R5 Trạm Thu phí Đường số 7, Đ. Số 7, Bình Tân, Hồ Chí Minh, Việt Nam" />
    <tag k="source" v="maps-vietnam toll-station-pipeline" />
    <tag k="source:datasets" v="colleague_google_maps_results" />
    <tag k="source:google_place_id" v="ChIJfdQ3FAArdTER9lct2LrbXHY" />
    <tag k="source:google_cid" v="8528933389870127094" />
    <tag k="source:url" v="https://www.google.com/maps/place/Tr%E1%BA%A1m+Thu+ph%C3%AD+%C4%90%C6%B0%E1%BB%9Dng+s%E1%BB%91+7/data=!4m7!3m6!1s0x31752b001437d47d:0x765cdbbad82d57f6!8m2!3d10.8250095!4d106.6021153!16s%2Fg%2F11m5s0v85v!19sChIJfdQ3FAArdTER9lct2LrbXHY?authuser=0&amp;hl=vi&amp;rclk=1" />
    <tag k="maps_vietnam:id" v="vn-toll-results-76d3e5c63fb60c" />
    <tag k="maps_vietnam:clean_status" v="reviewed_from_results" />
    <tag k="maps_vietnam:confidence" v="0.80" />
    <tag k="maps_vietnam:status" v="active" />
  </node>
  <node id="14000000214" lat="20.70211" lon="105.912933" version="1" timestamp="2026-06-11T02:34:07Z">
    <tag k="barrier" v="toll_booth" />
    <tag k="highway" v="toll_gantry" />
    <tag k="payment" v="etc" />
    <tag k="payment:etc" v="yes" />
    <tag k="toll" v="yes" />
    <tag k="name" v="Trạm thu phí Đại Xuyên 2" />
    <tag k="addr:full" v="PW27+R5V Trạm Thu phí Đại Xuyên 2, Đại Xuyên, Hà Nội, Việt Nam" />
    <tag k="source" v="maps-vietnam toll-station-pipeline" />
    <tag k="source:datasets" v="colleague_google_maps_results" />
    <tag k="source:google_place_id" v="ChIJh7zXQ8jJNTERIOiXlEloikU" />
    <tag k="source:google_cid" v="5010932200637982752" />
    <tag k="source:url" v="https://www.google.com/maps/place/Tr%E1%BA%A1m+Thu+ph%C3%AD+%C4%90%E1%BA%A1i+Xuy%C3%AAn+2/data=!4m7!3m6!1s0x3135c9c843d7bc87:0x458a68499497e820!8m2!3d20.7021099!4d105.9129332!16s%2Fg%2F11c55c47hr!19sChIJh7zXQ8jJNTERIOiXlEloikU?authuser=0&amp;hl=vi&amp;rclk=1" />
    <tag k="maps_vietnam:id" v="vn-toll-results-292365965dc6de" />
    <tag k="maps_vietnam:clean_status" v="reviewed_from_results" />
    <tag k="maps_vietnam:confidence" v="0.80" />
    <tag k="maps_vietnam:status" v="active" />
  </node>
  <node id="14000000215" lat="21.213758" lon="105.801742" version="1" timestamp="2026-06-11T02:34:07Z">
    <tag k="barrier" v="toll_booth" />
    <tag k="highway" v="toll_gantry" />
    <tag k="payment" v="etc" />
    <tag k="payment:etc" v="yes" />
    <tag k="toll" v="yes" />
    <tag k="name" v="Trạm phát vé lối vào ga nội địa sân bay Nội Bài" />
    <tag k="addr:full" v="6R72+GM5 Trạm phát vé lối vào ga nội địa sân bay Nội Bài, Nội Bài, Hà Nội, Việt Nam" />
    <tag k="source" v="maps-vietnam toll-station-pipeline" />
    <tag k="source:datasets" v="colleague_google_maps_results" />
    <tag k="source:google_place_id" v="ChIJyeatpwwDNTERsYjOsOY2inI" />
    <tag k="source:google_cid" v="8253469631546558641" />
    <tag k="source:url" v="https://www.google.com/maps/place/Tr%E1%BA%A1m+ph%C3%A1t+v%C3%A9+l%E1%BB%91i+v%C3%A0o+ga+n%E1%BB%99i+%C4%91%E1%BB%8Ba+s%C3%A2n+bay+N%E1%BB%99i+B%C3%A0i/data=!4m7!3m6!1s0x3135030ca7ade6c9:0x728a36e6b0ce88b1!8m2!3d21.2137584!4d105.8017419!16s%2Fg%2F11fss0l7gz!19sChIJyeatpwwDNTERsYjOsOY2inI?authuser=0&amp;hl=vi&amp;rclk=1" />
    <tag k="maps_vietnam:id" v="vn-toll-results-bbbbbeef41c550" />
    <tag k="maps_vietnam:clean_status" v="reviewed_from_results" />
    <tag k="maps_vietnam:confidence" v="0.80" />
    <tag k="maps_vietnam:status" v="active" />
  </node>
  <node id="14000000216" lat="10.547452" lon="106.372365" version="1" timestamp="2026-06-11T02:34:07Z">
    <tag k="barrier" v="toll_booth" />
    <tag k="highway" v="toll_gantry" />
    <tag k="payment" v="etc" />
    <tag k="payment:etc" v="yes" />
    <tag k="toll" v="yes" />
    <tag k="name" v="Trạm thu phí Tân An" />
    <tag k="addr:full" v="G9WC+XWQ Trạm thu phí Tân An, Khánh Hậu, Tây Ninh, Việt Nam" />
    <tag k="source" v="maps-vietnam toll-station-pipeline" />
    <tag k="source:datasets" v="colleague_google_maps_results" />
    <tag k="source:google_place_id" v="ChIJq6q6WyDICjERZshslEYTH5c" />
    <tag k="source:google_cid" v="10889443617863944294" />
    <tag k="source:url" v="https://www.google.com/maps/place/Tr%E1%BA%A1m+thu+phi%CC%81+T%C3%A2n+An/data=!4m7!3m6!1s0x310ac8205bbaaaab:0x971f1346946cc866!8m2!3d10.5474518!4d106.3723648!16s%2Fg%2F11ddzcfpg8!19sChIJq6q6WyDICjERZshslEYTH5c?authuser=0&amp;hl=vi&amp;rclk=1" />
    <tag k="maps_vietnam:id" v="vn-toll-results-f4ed6158c3a30d" />
    <tag k="maps_vietnam:clean_status" v="reviewed_from_results" />
    <tag k="maps_vietnam:confidence" v="0.80" />
    <tag k="maps_vietnam:status" v="active" />
  </node>
  <node id="14000000217" lat="10.776661" lon="106.92935" version="1" timestamp="2026-06-11T02:34:07Z">
    <tag k="barrier" v="toll_booth" />
    <tag k="highway" v="toll_gantry" />
    <tag k="payment" v="etc" />
    <tag k="payment:etc" v="yes" />
    <tag k="toll" v="yes" />
    <tag k="name" v="Trạm thu phí 319 KCN CNC Long Thành" />
    <tag k="addr:full" v="Khu Công Nghiệp Công Nghệ Cao, Long Thành, Đồng Nai, Việt Nam" />
    <tag k="source" v="maps-vietnam toll-station-pipeline" />
    <tag k="source:datasets" v="colleague_google_maps_results" />
    <tag k="source:google_place_id" v="ChIJa4eyIQAfdTER7JnppF3hFtY" />
    <tag k="source:google_cid" v="15426765365919193580" />
    <tag k="source:url" v="https://www.google.com/maps/place/Tr%E1%BA%A1m+thu+ph%C3%AD+319+KCN+CNC+Long+Th%C3%A0nh/data=!4m7!3m6!1s0x31751f0021b2876b:0xd616e15da4e999ec!8m2!3d10.7766611!4d106.9293501!16s%2Fg%2F11ymkdzgqq!19sChIJa4eyIQAfdTER7JnppF3hFtY?authuser=0&amp;hl=vi&amp;rclk=1" />
    <tag k="maps_vietnam:id" v="vn-toll-results-c17a2376b0cb89" />
    <tag k="maps_vietnam:clean_status" v="reviewed_from_results" />
    <tag k="maps_vietnam:confidence" v="0.80" />
    <tag k="maps_vietnam:status" v="active" />
  </node>
  <node id="14000000218" lat="10.660946" lon="106.723442" version="1" timestamp="2026-06-11T02:34:07Z">
    <tag k="barrier" v="toll_booth" />
    <tag k="highway" v="toll_gantry" />
    <tag k="payment" v="etc" />
    <tag k="payment:etc" v="yes" />
    <tag k="toll" v="yes" />
    <tag k="name" v="Trạm thu phí 4" />
    <tag k="addr:full" v="155 Đ. Nguyễn Văn Tạo, Ấp 3, Hiệp Phước, Hồ Chí Minh, Việt Nam" />
    <tag k="source" v="maps-vietnam toll-station-pipeline" />
    <tag k="source:datasets" v="colleague_google_maps_results" />
    <tag k="source:google_place_id" v="ChIJsfOGGgAxdTERSvArJutahHE" />
    <tag k="source:google_cid" v="8179762789215891530" />
    <tag k="source:url" v="https://www.google.com/maps/place/Tr%E1%BA%A1m+thu+ph%C3%AD+4/data=!4m7!3m6!1s0x317531001a86f3b1:0x71845aeb262bf04a!8m2!3d10.660946!4d106.7234417!16s%2Fg%2F11ynw17_ml!19sChIJsfOGGgAxdTERSvArJutahHE?authuser=0&amp;hl=vi&amp;rclk=1" />
    <tag k="maps_vietnam:id" v="vn-toll-results-d7533fd75a68cf" />
    <tag k="maps_vietnam:clean_status" v="reviewed_from_results" />
    <tag k="maps_vietnam:confidence" v="0.80" />
    <tag k="maps_vietnam:status" v="active" />
  </node>
  <node id="14000000219" lat="10.653937" lon="106.938063" version="1" timestamp="2026-06-11T02:34:07Z">
    <tag k="barrier" v="toll_booth" />
    <tag k="highway" v="toll_gantry" />
    <tag k="payment" v="etc" />
    <tag k="payment:etc" v="yes" />
    <tag k="toll" v="yes" />
    <tag k="name" v="Trạm thu phí 5" />
    <tag k="addr:full" v="MW3Q+H6 Trạm thu phí 5, Phước An, Đồng Nai, Việt Nam" />
    <tag k="source" v="maps-vietnam toll-station-pipeline" />
    <tag k="source:datasets" v="colleague_google_maps_results" />
    <tag k="source:google_place_id" v="ChIJFe9TeAAXdTERxZ4fVbGjraE" />
    <tag k="source:google_cid" v="11650147793110015685" />
    <tag k="source:url" v="https://www.google.com/maps/place/Tr%E1%BA%A1m+thu+ph%C3%AD+5/data=!4m7!3m6!1s0x317517007853ef15:0xa1ada3b1551f9ec5!8m2!3d10.6539375!4d106.9380625!16s%2Fg%2F11ypmv2bsg!19sChIJFe9TeAAXdTERxZ4fVbGjraE?authuser=0&amp;hl=vi&amp;rclk=1" />
    <tag k="maps_vietnam:id" v="vn-toll-results-fbc3025936ef80" />
    <tag k="maps_vietnam:clean_status" v="reviewed_from_results" />
    <tag k="maps_vietnam:confidence" v="0.80" />
    <tag k="maps_vietnam:status" v="active" />
  </node>
  <node id="14000000220" lat="10.663812" lon="106.971937" version="1" timestamp="2026-06-11T02:34:07Z">
    <tag k="barrier" v="toll_booth" />
    <tag k="highway" v="toll_gantry" />
    <tag k="payment" v="etc" />
    <tag k="payment:etc" v="yes" />
    <tag k="toll" v="yes" />
    <tag k="name" v="Trạm thu phí 6" />
    <tag k="addr:full" v="MX7C+GQ Trạm thu phí 6, Phước An, Đồng Nai, Việt Nam" />
    <tag k="source" v="maps-vietnam toll-station-pipeline" />
    <tag k="source:datasets" v="colleague_google_maps_results" />
    <tag k="source:google_place_id" v="ChIJucRFcgAXdTERta8uCWN2-Bs" />
    <tag k="source:google_cid" v="2015491000976191413" />
    <tag k="source:url" v="https://www.google.com/maps/place/Tr%E1%BA%A1m+thu+ph%C3%AD+6/data=!4m7!3m6!1s0x317517007245c4b9:0x1bf87663092eafb5!8m2!3d10.6638125!4d106.9719375!16s%2Fg%2F11ymkx7cy2!19sChIJucRFcgAXdTERta8uCWN2-Bs?authuser=0&amp;hl=vi&amp;rclk=1" />
    <tag k="maps_vietnam:id" v="vn-toll-results-e2c61b4e755938" />
    <tag k="maps_vietnam:clean_status" v="reviewed_from_results" />
    <tag k="maps_vietnam:confidence" v="0.80" />
    <tag k="maps_vietnam:status" v="active" />
  </node>
  <node id="14000000221" lat="10.730745" lon="106.610549" version="1" timestamp="2026-06-11T02:34:07Z">
    <tag k="barrier" v="toll_booth" />
    <tag k="highway" v="toll_gantry" />
    <tag k="payment" v="etc" />
    <tag k="payment:etc" v="yes" />
    <tag k="toll" v="yes" />
    <tag k="name" v="Trạm thu phí An Lạc" />
    <tag k="addr:full" v="Đ. Kinh Dương Vương, An Lạc, Hồ Chí Minh, Việt Nam" />
    <tag k="source" v="maps-vietnam toll-station-pipeline" />
    <tag k="source:datasets" v="colleague_google_maps_results" />
    <tag k="source:google_place_id" v="ChIJ1W97kMEtdTERgWOGPdhgsus" />
    <tag k="source:google_cid" v="16983743626628981633" />
    <tag k="source:url" v="https://www.google.com/maps/place/Tr%E1%BA%A1m+thu+ph%C3%AD+An+L%E1%BA%A1c/data=!4m7!3m6!1s0x31752dc1907b6fd5:0xebb260d83d866381!8m2!3d10.7307445!4d106.6105494!16s%2Fg%2F12hqm5fm4!19sChIJ1W97kMEtdTERgWOGPdhgsus?authuser=0&amp;hl=vi&amp;rclk=1" />
    <tag k="maps_vietnam:id" v="vn-toll-results-bded8a9f2a57c8" />
    <tag k="maps_vietnam:clean_status" v="reviewed_from_results" />
    <tag k="maps_vietnam:confidence" v="0.80" />
    <tag k="maps_vietnam:status" v="active" />
  </node>
  <node id="14000000222" lat="18.706686" lon="105.613888" version="1" timestamp="2026-06-11T02:34:07Z">
    <tag k="barrier" v="toll_booth" />
    <tag k="highway" v="toll_gantry" />
    <tag k="payment" v="etc" />
    <tag k="payment:etc" v="yes" />
    <tag k="toll" v="yes" />
    <tag k="name" v="Trạm thu phí BOT" />
    <tag k="addr:full" v="PJ47+MH Trạm thu phí BOT, Hưng Nguyên, Nghệ An, Việt Nam" />
    <tag k="source" v="maps-vietnam toll-station-pipeline" />
    <tag k="source:datasets" v="colleague_google_maps_results" />
    <tag k="source:google_place_id" v="ChIJTVOZCQDPOTERrPXeFifrN7I" />
    <tag k="source:google_cid" v="12841991415590221228" />
    <tag k="source:url" v="https://www.google.com/maps/place/Tr%E1%BA%A1m+thu+ph%C3%AD+BOT/data=!4m7!3m6!1s0x3139cf000999534d:0xb237eb2716def5ac!8m2!3d18.7066864!4d105.613888!16s%2Fg%2F11mkvhmhwt!19sChIJTVOZCQDPOTERrPXeFifrN7I?authuser=0&amp;hl=vi&amp;rclk=1" />
    <tag k="maps_vietnam:id" v="vn-toll-results-6ff2252e49786b" />
    <tag k="maps_vietnam:clean_status" v="reviewed_from_results" />
    <tag k="maps_vietnam:confidence" v="0.80" />
    <tag k="maps_vietnam:status" v="active" />
  </node>
  <node id="14000000223" lat="10.661281" lon="106.55914" version="1" timestamp="2026-06-11T02:34:07Z">
    <tag k="barrier" v="toll_booth" />
    <tag k="highway" v="toll_gantry" />
    <tag k="payment" v="etc" />
    <tag k="payment:etc" v="yes" />
    <tag k="toll" v="yes" />
    <tag k="name" v="Trạm thu phí Bình Chánh" />
    <tag k="addr:full" v="B19/31A Ấp 2, Bình Chánh, Hồ Chí Minh, Việt Nam" />
    <tag k="source" v="maps-vietnam toll-station-pipeline" />
    <tag k="source:datasets" v="colleague_google_maps_results" />
    <tag k="source:google_place_id" v="ChIJvcbsRQAzdTERORzYrgm1LZA" />
    <tag k="source:google_cid" v="10389158968606334009" />
    <tag k="source:url" v="https://www.google.com/maps/place/Tr%E1%BA%A1m+thu+ph%C3%AD+B%C3%ACnh+Ch%C3%A1nh/data=!4m7!3m6!1s0x3175330045ecc6bd:0x902db509aed81c39!8m2!3d10.6612814!4d106.5591397!16s%2Fg%2F11nj2xbwzd!19sChIJvcbsRQAzdTERORzYrgm1LZA?authuser=0&amp;hl=vi&amp;rclk=1" />
    <tag k="maps_vietnam:id" v="vn-toll-results-3a563783bca3f4" />
    <tag k="maps_vietnam:clean_status" v="reviewed_from_results" />
    <tag k="maps_vietnam:confidence" v="0.80" />
    <tag k="maps_vietnam:status" v="active" />
  </node>
  <node id="14000000224" lat="20.124809" lon="105.851581" version="1" timestamp="2026-06-11T02:34:07Z">
    <tag k="barrier" v="toll_booth" />
    <tag k="highway" v="toll_gantry" />
    <tag k="payment" v="etc" />
    <tag k="payment:etc" v="yes" />
    <tag k="toll" v="yes" />
    <tag k="name" v="Trạm thu phí Bắc Bỉm Sơn" />
    <tag k="addr:full" v="Trạm thu phí Bỉm Sơn, Khu phố 7, Quang Trung, Thanh Hóa, Việt Nam" />
    <tag k="source" v="maps-vietnam toll-station-pipeline" />
    <tag k="source:datasets" v="colleague_google_maps_results" />
    <tag k="source:google_place_id" v="ChIJec1-OqBjNjERU8j0m8WxXwU" />
    <tag k="source:google_cid" v="387223555260336211" />
    <tag k="source:url" v="https://www.google.com/maps/place/Tr%E1%BA%A1m+thu+ph%C3%AD+B%E1%BA%AFc+B%E1%BB%89m+S%C6%A1n/data=!4m7!3m6!1s0x313663a03a7ecd79:0x55fb1c59bf4c853!8m2!3d20.1248093!4d105.8515808!16s%2Fg%2F11h0b6y_6b!19sChIJec1-OqBjNjERU8j0m8WxXwU?authuser=0&amp;hl=vi&amp;rclk=1" />
    <tag k="maps_vietnam:id" v="vn-toll-results-f0dbe8703fe60a" />
    <tag k="maps_vietnam:clean_status" v="reviewed_from_results" />
    <tag k="maps_vietnam:confidence" v="0.80" />
    <tag k="maps_vietnam:status" v="active" />
  </node>
  <node id="14000000225" lat="20.28872" lon="106.014311" version="1" timestamp="2026-06-11T02:34:07Z">
    <tag k="barrier" v="toll_booth" />
    <tag k="highway" v="toll_gantry" />
    <tag k="payment" v="etc" />
    <tag k="payment:etc" v="yes" />
    <tag k="toll" v="yes" />
    <tag k="name" v="Trạm thu phí Cầu Giẽ - Ninh Bình Cao Bồ" />
    <tag k="addr:full" v="ĐCT Cầu Giẽ - Ninh Bình, Ý Yên, Ninh Bình, Việt Nam" />
    <tag k="source" v="maps-vietnam toll-station-pipeline" />
    <tag k="source:datasets" v="colleague_google_maps_results" />
    <tag k="source:google_place_id" v="ChIJeUIzVwF3NjER3FD5EFmlhBA" />
    <tag k="source:google_cid" v="1190258003488100572" />
    <tag k="source:url" v="https://www.google.com/maps/place/Tr%E1%BA%A1m+thu+ph%C3%AD+C%E1%BA%A7u+Gi%E1%BA%BD+-+Ninh+B%C3%ACnh+Cao+B%E1%BB%93/data=!4m7!3m6!1s0x3136770157334279:0x1084a55910f950dc!8m2!3d20.2887201!4d106.0143112!16s%2Fg%2F11bx1___2x!19sChIJeUIzVwF3NjER3FD5EFmlhBA?authuser=0&amp;hl=vi&amp;rclk=1" />
    <tag k="maps_vietnam:id" v="vn-toll-results-f54373378a0b16" />
    <tag k="maps_vietnam:clean_status" v="reviewed_from_results" />
    <tag k="maps_vietnam:confidence" v="0.80" />
    <tag k="maps_vietnam:status" v="active" />
  </node>
  <node id="14000000226" lat="10.502437" lon="105.494554" version="1" timestamp="2026-06-11T02:34:07Z">
    <tag k="barrier" v="toll_booth" />
    <tag k="highway" v="toll_gantry" />
    <tag k="payment" v="etc" />
    <tag k="payment:etc" v="yes" />
    <tag k="toll" v="yes" />
    <tag k="name" v="Trạm thu phí Cầu Mỹ Luông" />
    <tag k="addr:full" v="GF2V+XRF Trạm thu phí Cầu Mỹ Luông, Cầu Mỹ Luông - Tấn Mỹ, Long Điền, An Giang, Việt Nam" />
    <tag k="source" v="maps-vietnam toll-station-pipeline" />
    <tag k="source:datasets" v="colleague_google_maps_results" />
    <tag k="source:google_place_id" v="ChIJDefxTwBtCjERg-n6ITe0UYw" />
    <tag k="source:google_cid" v="10111060787309767043" />
    <tag k="source:url" v="https://www.google.com/maps/place/Tr%E1%BA%A1m+thu+ph%C3%AD+C%E1%BA%A7u+M%E1%BB%B9+Lu%C3%B4ng/data=!4m7!3m6!1s0x310a6d004ff1e70d:0x8c51b43721fae983!8m2!3d10.5024368!4d105.4945536!16s%2Fg%2F11xfkb4lrn!19sChIJDefxTwBtCjERg-n6ITe0UYw?authuser=0&amp;hl=vi&amp;rclk=1" />
    <tag k="maps_vietnam:id" v="vn-toll-results-951e281d14350c" />
    <tag k="maps_vietnam:clean_status" v="reviewed_from_results" />
    <tag k="maps_vietnam:confidence" v="0.80" />
    <tag k="maps_vietnam:status" v="active" />
  </node>
  <node id="14000000227" lat="21.878211" lon="104.675454" version="1" timestamp="2026-06-11T02:34:07Z">
    <tag k="barrier" v="toll_booth" />
    <tag k="highway" v="toll_gantry" />
    <tag k="payment" v="etc" />
    <tag k="payment:etc" v="yes" />
    <tag k="toll" v="yes" />
    <tag k="name" v="Trạm thu phí IC14" />
    <tag k="addr:full" v="Mậu A, Lào Cai, Việt Nam" />
    <tag k="source" v="maps-vietnam toll-station-pipeline" />
    <tag k="source:datasets" v="colleague_google_maps_results" />
    <tag k="source:google_place_id" v="ChIJgSq67xNKMzERkbR7xTnnNF0" />
    <tag k="source:google_cid" v="6716247179628622993" />
    <tag k="source:url" v="https://www.google.com/maps/place/Tr%E1%BA%A1m+thu+ph%C3%AD+IC14/data=!4m7!3m6!1s0x31334a13efba2a81:0x5d34e739c57bb491!8m2!3d21.8782112!4d104.6754538!16s%2Fg%2F11cknf2111!19sChIJgSq67xNKMzERkbR7xTnnNF0?authuser=0&amp;hl=vi&amp;rclk=1" />
    <tag k="maps_vietnam:id" v="vn-toll-results-48248f4a436b06" />
    <tag k="maps_vietnam:clean_status" v="reviewed_from_results" />
    <tag k="maps_vietnam:confidence" v="0.80" />
    <tag k="maps_vietnam:status" v="active" />
  </node>
  <node id="14000000228" lat="21.35819" lon="105.605608" version="1" timestamp="2026-06-11T02:34:07Z">
    <tag k="barrier" v="toll_booth" />
    <tag k="highway" v="toll_gantry" />
    <tag k="payment" v="etc" />
    <tag k="payment:etc" v="yes" />
    <tag k="toll" v="yes" />
    <tag k="name" v="Trạm thu phí IC4" />
    <tag k="addr:full" v="Tam Dương, Phú Thọ, Việt Nam" />
    <tag k="source" v="maps-vietnam toll-station-pipeline" />
    <tag k="source:datasets" v="colleague_google_maps_results" />
    <tag k="source:google_place_id" v="ChIJ3SkS1oLlNDERZrzwFGNNma8" />
    <tag k="source:google_cid" v="12653229716022541414" />
    <tag k="source:url" v="https://www.google.com/maps/place/Tr%E1%BA%A1m+thu+ph%C3%AD+IC4/data=!4m7!3m6!1s0x3134e582d61229dd:0xaf994d6314f0bc66!8m2!3d21.3581902!4d105.605608!16s%2Fg%2F11b8td12s2!19sChIJ3SkS1oLlNDERZrzwFGNNma8?authuser=0&amp;hl=vi&amp;rclk=1" />
    <tag k="maps_vietnam:id" v="vn-toll-results-4b51c698d91be4" />
    <tag k="maps_vietnam:clean_status" v="reviewed_from_results" />
    <tag k="maps_vietnam:confidence" v="0.80" />
    <tag k="maps_vietnam:status" v="active" />
  </node>
  <node id="14000000229" lat="20.707464" lon="105.917503" version="1" timestamp="2026-06-11T02:34:07Z">
    <tag k="barrier" v="toll_booth" />
    <tag k="highway" v="toll_gantry" />
    <tag k="payment" v="etc" />
    <tag k="payment:etc" v="yes" />
    <tag k="toll" v="yes" />
    <tag k="name" v="Trạm thu phí KCN HANSSIP" />
    <tag k="addr:full" v="PW49+X2 Trạm thu phí KCN HANSSIP, Đại Xuyên, Hà Nội, Việt Nam" />
    <tag k="source" v="maps-vietnam toll-station-pipeline" />
    <tag k="source:datasets" v="colleague_google_maps_results" />
    <tag k="source:google_place_id" v="ChIJGZf3HgDJNTERgls3IwUhExk" />
    <tag k="source:google_cid" v="1806824181455084418" />
    <tag k="source:url" v="https://www.google.com/maps/place/Tr%E1%BA%A1m+thu+ph%C3%AD+KCN+HANSSIP/data=!4m7!3m6!1s0x3135c9001ef79719:0x1913210523375b82!8m2!3d20.707464!4d105.917503!16s%2Fg%2F11ykbk5m_4!19sChIJGZf3HgDJNTERgls3IwUhExk?authuser=0&amp;hl=vi&amp;rclk=1" />
    <tag k="maps_vietnam:id" v="vn-toll-results-df25b7187cd049" />
    <tag k="maps_vietnam:clean_status" v="reviewed_from_results" />
    <tag k="maps_vietnam:confidence" v="0.80" />
    <tag k="maps_vietnam:status" v="active" />
  </node>
  <node id="14000000230" lat="20.539974" lon="105.948268" version="1" timestamp="2026-06-11T02:34:07Z">
    <tag k="barrier" v="toll_booth" />
    <tag k="highway" v="toll_gantry" />
    <tag k="payment" v="etc" />
    <tag k="payment:etc" v="yes" />
    <tag k="toll" v="yes" />
    <tag k="name" v="Trạm thu phí Liêm Tuyền" />
    <tag k="addr:full" v="GWQX+X8J Trạm thu phí Liêm Tuyền, CT01, Liêm Tuyền, Ninh Bình, Việt Nam" />
    <tag k="source" v="maps-vietnam toll-station-pipeline" />
    <tag k="source:datasets" v="colleague_google_maps_results" />
    <tag k="source:google_place_id" v="ChIJp4cuX1vPNTERfhCXa9DHEiA" />
    <tag k="source:google_cid" v="2311129256766673022" />
    <tag k="source:url" v="https://www.google.com/maps/place/Tr%E1%BA%A1m+thu+ph%C3%AD+Li%C3%AAm+Tuy%E1%BB%81n/data=!4m7!3m6!1s0x3135cf5b5f2e87a7:0x2012c7d06b97107e!8m2!3d20.5399736!4d105.9482681!16s%2Fg%2F11n5twjhgc!19sChIJp4cuX1vPNTERfhCXa9DHEiA?authuser=0&amp;hl=vi&amp;rclk=1" />
    <tag k="maps_vietnam:id" v="vn-toll-results-b81e9e3b43b716" />
    <tag k="maps_vietnam:clean_status" v="deduplicated_after_results_merge" />
    <tag k="maps_vietnam:confidence" v="0.80" />
    <tag k="maps_vietnam:status" v="active" />
  </node>
  <node id="14000000231" lat="20.540081" lon="105.947552" version="1" timestamp="2026-06-11T02:34:07Z">
    <tag k="barrier" v="toll_booth" />
    <tag k="highway" v="toll_gantry" />
    <tag k="payment" v="etc" />
    <tag k="payment:etc" v="yes" />
    <tag k="toll" v="yes" />
    <tag k="name" v="Trạm thu phí Liêm Tuyền (Hà Nội ra Phủ Lý)" />
    <tag k="addr:full" v="Trạm thu phí Liêm Tuyền, ĐCT Cầu Giẽ - Ninh Bình, Liêm Tuyền, Ninh Bình, Việt Nam" />
    <tag k="source" v="maps-vietnam toll-station-pipeline" />
    <tag k="source:datasets" v="colleague_google_maps_results" />
    <tag k="source:google_place_id" v="ChIJX0d8JADPNTERNfXXI-J7_eE" />
    <tag k="source:google_cid" v="16284308038835762485" />
    <tag k="source:url" v="https://www.google.com/maps/place/Tr%E1%BA%A1m+thu+ph%C3%AD+Li%C3%AAm+Tuy%E1%BB%81n+%28H%C3%A0+N%E1%BB%99i+ra+Ph%E1%BB%A7+L%C3%BD%29/data=!4m7!3m6!1s0x3135cf00247c475f:0xe1fd7be223d7f535!8m2!3d20.5400813!4d105.9475521!16s%2Fg%2F11ms_1ptvy!19sChIJX0d8JADPNTERNfXXI-J7_eE?authuser=0&amp;hl=vi&amp;rclk=1" />
    <tag k="maps_vietnam:id" v="vn-toll-results-67a6e410a10e41" />
    <tag k="maps_vietnam:clean_status" v="reviewed_from_results" />
    <tag k="maps_vietnam:confidence" v="0.80" />
    <tag k="maps_vietnam:status" v="active" />
  </node>
  <node id="14000000232" lat="20.538149" lon="105.947656" version="1" timestamp="2026-06-11T02:34:07Z">
    <tag k="barrier" v="toll_booth" />
    <tag k="highway" v="toll_gantry" />
    <tag k="payment" v="etc" />
    <tag k="payment:etc" v="yes" />
    <tag k="toll" v="yes" />
    <tag k="name" v="Trạm thu phí Liêm Tuyền (Lối vào đi nam)" />
    <tag k="addr:full" v="Trạm thu phí Liêm Tuyền, ĐCT Cầu Giẽ - Ninh Bình, Phủ Lý, Ninh Bình, Việt Nam" />
    <tag k="source" v="maps-vietnam toll-station-pipeline" />
    <tag k="source:datasets" v="colleague_google_maps_results" />
    <tag k="source:google_place_id" v="ChIJ4fIbJQDPNTERcX6RO0Fqwv8" />
    <tag k="source:google_cid" v="18429409453558300273" />
    <tag k="source:url" v="https://www.google.com/maps/place/Tr%E1%BA%A1m+thu+ph%C3%AD+Li%C3%AAm+Tuy%E1%BB%81n+%28L%E1%BB%91i+v%C3%A0o+%C4%91i+nam%29/data=!4m7!3m6!1s0x3135cf00251bf2e1:0xffc26a413b917e71!8m2!3d20.5381492!4d105.9476564!16s%2Fg%2F11ytnmg9f0!19sChIJ4fIbJQDPNTERcX6RO0Fqwv8?authuser=0&amp;hl=vi&amp;rclk=1" />
    <tag k="maps_vietnam:id" v="vn-toll-results-16c530e1f92491" />
    <tag k="maps_vietnam:clean_status" v="reviewed_from_results" />
    <tag k="maps_vietnam:confidence" v="0.80" />
    <tag k="maps_vietnam:status" v="active" />
  </node>
  <node id="14000000233" lat="10.660347" lon="106.726839" version="1" timestamp="2026-06-11T02:34:07Z">
    <tag k="barrier" v="toll_booth" />
    <tag k="highway" v="toll_gantry" />
    <tag k="payment" v="etc" />
    <tag k="payment:etc" v="yes" />
    <tag k="toll" v="yes" />
    <tag k="name" v="Trạm thu phí Long Thới" />
    <tag k="addr:full" v="kề, 159a Đ. Nguyễn Văn Tạo, Hiệp Phước, Hồ Chí Minh, Việt Nam" />
    <tag k="source" v="maps-vietnam toll-station-pipeline" />
    <tag k="source:datasets" v="colleague_google_maps_results" />
    <tag k="source:google_place_id" v="ChIJSwDbQ8wxdTERbZYKXC_XqDA" />
    <tag k="source:google_cid" v="3506288908315563629" />
    <tag k="source:url" v="https://www.google.com/maps/place/Tr%E1%BA%A1m+thu+ph%C3%AD+Long+Th%E1%BB%9Bi/data=!4m7!3m6!1s0x317531cc43db004b:0x30a8d72f5c0a966d!8m2!3d10.6603468!4d106.7268386!16s%2Fg%2F11fr5lpq6r!19sChIJSwDbQ8wxdTERbZYKXC_XqDA?authuser=0&amp;hl=vi&amp;rclk=1" />
    <tag k="maps_vietnam:id" v="vn-toll-results-cf024083593b52" />
    <tag k="maps_vietnam:clean_status" v="reviewed_from_results" />
    <tag k="maps_vietnam:confidence" v="0.80" />
    <tag k="maps_vietnam:status" v="active" />
  </node>
  <node id="14000000234" lat="10.786715" lon="106.830901" version="1" timestamp="2026-06-11T02:34:07Z">
    <tag k="barrier" v="toll_booth" />
    <tag k="highway" v="toll_gantry" />
    <tag k="payment" v="etc" />
    <tag k="payment:etc" v="yes" />
    <tag k="toll" v="yes" />
    <tag k="name" v="Trạm thu phí Long Trường" />
    <tag k="addr:full" v="QRPJ+M9 Trạm thu phí Long Trường, Long Trường, Hồ Chí Minh, Việt Nam" />
    <tag k="source" v="maps-vietnam toll-station-pipeline" />
    <tag k="source:datasets" v="colleague_google_maps_results" />
    <tag k="source:google_place_id" v="ChIJ2-v8YwAhdTER5qg5rg_4Cbg" />
    <tag k="source:google_cid" v="13261403324000348390" />
    <tag k="source:url" v="https://www.google.com/maps/place/Tr%E1%BA%A1m+thu+ph%C3%AD+Long+Tr%C6%B0%E1%BB%9Dng/data=!4m7!3m6!1s0x3175210063fcebdb:0xb809f80fae39a8e6!8m2!3d10.7867155!4d106.8309015!16s%2Fg%2F11z7knqbkq!19sChIJ2-v8YwAhdTER5qg5rg_4Cbg?authuser=0&amp;hl=vi&amp;rclk=1" />
    <tag k="maps_vietnam:id" v="vn-toll-results-fe4d3c24e951ab" />
    <tag k="maps_vietnam:clean_status" v="reviewed_from_results" />
    <tag k="maps_vietnam:confidence" v="0.80" />
    <tag k="maps_vietnam:status" v="active" />
  </node>
  <node id="14000000235" lat="10.859563" lon="107.235763" version="1" timestamp="2026-06-11T02:34:07Z">
    <tag k="barrier" v="toll_booth" />
    <tag k="highway" v="toll_gantry" />
    <tag k="payment" v="etc" />
    <tag k="payment:etc" v="yes" />
    <tag k="toll" v="yes" />
    <tag k="name" v="Trạm thu phí Nút giao Cẩm Mỹ" />
    <tag k="addr:full" v="V65P+R8C Trạm thu phí Nút giao Cẩm Mỹ, Hàng Gòn, Đồng Nai, Việt Nam" />
    <tag k="source" v="maps-vietnam toll-station-pipeline" />
    <tag k="source:datasets" v="colleague_google_maps_results" />
    <tag k="source:google_place_id" v="ChIJa5P-CgD_dDERlPeEVlckStI" />
    <tag k="source:google_cid" v="15152963853773764500" />
    <tag k="source:url" v="https://www.google.com/maps/place/Tr%E1%BA%A1m+thu+ph%C3%AD+N%C3%BAt+giao+C%E1%BA%A9m+M%E1%BB%B9/data=!4m7!3m6!1s0x3174ff000afe936b:0xd24a24575684f794!8m2!3d10.8595632!4d107.2357632!16s%2Fg%2F11z2xsvn8s!19sChIJa5P-CgD_dDERlPeEVlckStI?authuser=0&amp;hl=vi&amp;rclk=1" />
    <tag k="maps_vietnam:id" v="vn-toll-results-a77105c244cb59" />
    <tag k="maps_vietnam:clean_status" v="reviewed_from_results" />
    <tag k="maps_vietnam:confidence" v="0.80" />
    <tag k="maps_vietnam:status" v="active" />
  </node>
  <node id="14000000236" lat="10.896345" lon="107.421286" version="1" timestamp="2026-06-11T02:34:07Z">
    <tag k="barrier" v="toll_booth" />
    <tag k="highway" v="toll_gantry" />
    <tag k="payment" v="etc" />
    <tag k="payment:etc" v="yes" />
    <tag k="toll" v="yes" />
    <tag k="name" v="Trạm thu phí Nút giao Xuân Lộc" />
    <tag k="addr:full" v="VCWC+GGM Trạm thu phí Nút giao Xuân Lộc, Xuân Hòa, Đồng Nai, Việt Nam" />
    <tag k="source" v="maps-vietnam toll-station-pipeline" />
    <tag k="source:datasets" v="colleague_google_maps_results" />
    <tag k="source:google_place_id" v="ChIJpeO7MABTdDERdRv4Qd5Z27Q" />
    <tag k="source:google_cid" v="13032108757851052917" />
    <tag k="source:url" v="https://www.google.com/maps/place/Tr%E1%BA%A1m+thu+ph%C3%AD+N%C3%BAt+giao+Xu%C3%A2n+L%E1%BB%99c/data=!4m7!3m6!1s0x3174530030bbe3a5:0xb4db59de41f81b75!8m2!3d10.8963452!4d107.4212857!16s%2Fg%2F11z2xsxr0d!19sChIJpeO7MABTdDERdRv4Qd5Z27Q?authuser=0&amp;hl=vi&amp;rclk=1" />
    <tag k="maps_vietnam:id" v="vn-toll-results-1c45c3fd6f4111" />
    <tag k="maps_vietnam:clean_status" v="reviewed_from_results" />
    <tag k="maps_vietnam:confidence" v="0.80" />
    <tag k="maps_vietnam:status" v="active" />
  </node>
  <node id="14000000237" lat="11.627912" lon="108.898875" version="1" timestamp="2026-06-11T02:34:07Z">
    <tag k="barrier" v="toll_booth" />
    <tag k="highway" v="toll_gantry" />
    <tag k="payment" v="etc" />
    <tag k="payment:etc" v="yes" />
    <tag k="toll" v="yes" />
    <tag k="name" v="Trạm thu phí Phan Rang" />
    <tag k="addr:full" v="JVHX+7C Trạm thu phí Phan Rang, Đô Vinh, Khánh Hòa, Việt Nam" />
    <tag k="source" v="maps-vietnam toll-station-pipeline" />
    <tag k="source:datasets" v="colleague_google_maps_results" />
    <tag k="source:google_place_id" v="ChIJFQ-PawDZcDER1ldgiCSrVRg" />
    <tag k="source:google_cid" v="1753495803325863894" />
    <tag k="source:url" v="https://www.google.com/maps/place/Tr%E1%BA%A1m+thu+ph%C3%AD+Phan+Rang/data=!4m7!3m6!1s0x3170d9006b8f0f15:0x1855ab24886057d6!8m2!3d11.6279116!4d108.8988752!16s%2Fg%2F11vzf3y8cg!19sChIJFQ-PawDZcDER1ldgiCSrVRg?authuser=0&amp;hl=vi&amp;rclk=1" />
    <tag k="maps_vietnam:id" v="vn-toll-results-c52faf9b348b92" />
    <tag k="maps_vietnam:clean_status" v="reviewed_from_results" />
    <tag k="maps_vietnam:confidence" v="0.80" />
    <tag k="maps_vietnam:status" v="active" />
  </node>
  <node id="14000000238" lat="10.791609" lon="106.80744" version="1" timestamp="2026-06-11T02:34:07Z">
    <tag k="barrier" v="toll_booth" />
    <tag k="highway" v="toll_gantry" />
    <tag k="payment" v="etc" />
    <tag k="payment:etc" v="yes" />
    <tag k="toll" v="yes" />
    <tag k="name" v="Trạm thu phí Phú Hữu" />
    <tag k="addr:full" v="QRR4+JXW Trạm thu phí Phú Hữu, Đường Nguyễn Thị Tư, Long Trường, Hồ Chí Minh, Việt Nam" />
    <tag k="source" v="maps-vietnam toll-station-pipeline" />
    <tag k="source:datasets" v="colleague_google_maps_results" />
    <tag k="source:google_place_id" v="ChIJDwxsn68mdTERj4YW6TMlL9M" />
    <tag k="source:google_cid" v="15217422570792322703" />
    <tag k="source:url" v="https://www.google.com/maps/place/Tr%E1%BA%A1m+thu+ph%C3%AD+Ph%C3%BA+H%E1%BB%AFu/data=!4m7!3m6!1s0x317526af9f6c0c0f:0xd32f2533e916868f!8m2!3d10.791609!4d106.80744!16s%2Fg%2F11c6vd7vhr!19sChIJDwxsn68mdTERj4YW6TMlL9M?authuser=0&amp;hl=vi&amp;rclk=1" />
    <tag k="maps_vietnam:id" v="vn-toll-results-70c775f8a4e694" />
    <tag k="maps_vietnam:clean_status" v="reviewed_from_results" />
    <tag k="maps_vietnam:confidence" v="0.80" />
    <tag k="maps_vietnam:status" v="active" />
  </node>
  <node id="14000000239" lat="11.564076" lon="106.953961" version="1" timestamp="2026-06-11T02:34:07Z">
    <tag k="barrier" v="toll_booth" />
    <tag k="highway" v="toll_gantry" />
    <tag k="payment" v="etc" />
    <tag k="payment:etc" v="yes" />
    <tag k="toll" v="yes" />
    <tag k="name" v="Trạm thu phí Quốc lộ 14 - BP" />
    <tag k="addr:full" v="QL14, Đồng Tâm, Đồng Nai, Việt Nam" />
    <tag k="source" v="maps-vietnam toll-station-pipeline" />
    <tag k="source:datasets" v="colleague_google_maps_results" />
    <tag k="source:google_place_id" v="ChIJ4WEKLCpgczERq21nZqrauqQ" />
    <tag k="source:google_cid" v="11870040193285713323" />
    <tag k="source:url" v="https://www.google.com/maps/place/Tr%E1%BA%A1m+thu+ph%C3%AD+QL14-BP/data=!4m7!3m6!1s0x3173602a2c0a61e1:0xa4badaaa66676dab!8m2!3d11.5640759!4d106.9539611!16s%2Fg%2F11bw4rjnv7!19sChIJ4WEKLCpgczERq21nZqrauqQ?authuser=0&amp;hl=vi&amp;rclk=1" />
    <tag k="maps_vietnam:id" v="vn-toll-results-44baec63600db9" />
    <tag k="maps_vietnam:clean_status" v="reviewed_from_results" />
    <tag k="maps_vietnam:confidence" v="0.80" />
    <tag k="maps_vietnam:status" v="active" />
  </node>
  <node id="14000000240" lat="21.094946" lon="105.964594" version="1" timestamp="2026-06-11T02:34:07Z">
    <tag k="barrier" v="toll_booth" />
    <tag k="highway" v="toll_gantry" />
    <tag k="payment" v="etc" />
    <tag k="payment:etc" v="yes" />
    <tag k="toll" v="yes" />
    <tag k="name" v="Trạm thu phí Quốc lộ 1A" />
    <tag k="addr:full" v="AH1, Từ Sơn, Bắc Ninh, Việt Nam" />
    <tag k="source" v="maps-vietnam toll-station-pipeline" />
    <tag k="source:datasets" v="colleague_google_maps_results" />
    <tag k="source:google_place_id" v="ChIJb9O-qf4HNTERaYE-uF8T5Ss" />
    <tag k="source:google_cid" v="3162955615131566441" />
    <tag k="source:url" v="https://www.google.com/maps/place/Tr%E1%BA%A1m+thu+ph%C3%AD+QL1A/data=!4m7!3m6!1s0x313507fea9bed36f:0x2be5135fb83e8169!8m2!3d21.0949457!4d105.9645939!16s%2Fg%2F11cn8wftm0!19sChIJb9O-qf4HNTERaYE-uF8T5Ss?authuser=0&amp;hl=vi&amp;rclk=1" />
    <tag k="maps_vietnam:id" v="vn-toll-results-4e016e7a8a920c" />
    <tag k="maps_vietnam:clean_status" v="reviewed_from_results" />
    <tag k="maps_vietnam:confidence" v="0.80" />
    <tag k="maps_vietnam:status" v="active" />
  </node>
  <node id="14000000241" lat="10.903162" lon="106.844208" version="1" timestamp="2026-06-11T02:34:07Z">
    <tag k="barrier" v="toll_booth" />
    <tag k="highway" v="toll_gantry" />
    <tag k="payment" v="etc" />
    <tag k="payment:etc" v="yes" />
    <tag k="toll" v="yes" />
    <tag k="name" v="Trạm thu phí Quốc lộ 1A" />
    <tag k="addr:full" v="Đ. Võ Nguyên Giáp, Long Hưng, Đồng Nai, Việt Nam" />
    <tag k="source" v="maps-vietnam toll-station-pipeline" />
    <tag k="source:datasets" v="colleague_google_maps_results" />
    <tag k="source:google_place_id" v="ChIJNbj4UhjfdDERqNT20k4RiWs" />
    <tag k="source:google_cid" v="7748743664112161960" />
    <tag k="source:url" v="https://www.google.com/maps/place/Tr%E1%BA%A1m+thu+ph%C3%AD+QL1A/data=!4m7!3m6!1s0x3174df1852f8b835:0x6b89114ed2f6d4a8!8m2!3d10.9031623!4d106.8442082!16s%2Fg%2F11cmtbwjmj!19sChIJNbj4UhjfdDERqNT20k4RiWs?authuser=0&amp;hl=vi&amp;rclk=1" />
    <tag k="maps_vietnam:id" v="vn-toll-results-e34a65c079e78f" />
    <tag k="maps_vietnam:clean_status" v="reviewed_from_results" />
    <tag k="maps_vietnam:confidence" v="0.80" />
    <tag k="maps_vietnam:status" v="active" />
    <tag k="maps_vietnam:status_note" v="2 trạm này đều trùng nhau, nhưng lại ở 2 địa chỉ khác nhau đấy, 158 và 159" />
  </node>
  <node id="14000000242" lat="21.457198" lon="106.295906" version="1" timestamp="2026-06-11T02:34:07Z">
    <tag k="barrier" v="toll_booth" />
    <tag k="highway" v="toll_gantry" />
    <tag k="payment" v="etc" />
    <tag k="payment:etc" v="yes" />
    <tag k="toll" v="yes" />
    <tag k="name" v="Trạm thu phí Quốc Lộ" />
    <tag k="addr:full" v="Tuấn Sơn, Lạng Sơn, Việt Nam" />
    <tag k="source" v="maps-vietnam toll-station-pipeline" />
    <tag k="source:datasets" v="colleague_google_maps_results" />
    <tag k="source:google_place_id" v="ChIJnz_BJVlCNTER4tr8JHkc_oc" />
    <tag k="source:google_cid" v="9799301145841949410" />
    <tag k="source:url" v="https://www.google.com/maps/place/Tr%E1%BA%A1m+thu+ph%C3%AD+Qu%E1%BB%91c+L%E1%BB%99/data=!4m7!3m6!1s0x3135425925c13f9f:0x87fe1c7924fcdae2!8m2!3d21.4571976!4d106.2959057!16s%2Fg%2F12hvwf5c1!19sChIJnz_BJVlCNTER4tr8JHkc_oc?authuser=0&amp;hl=vi&amp;rclk=1" />
    <tag k="maps_vietnam:id" v="vn-toll-results-3daee83ecd2a3e" />
    <tag k="maps_vietnam:clean_status" v="reviewed_from_results" />
    <tag k="maps_vietnam:confidence" v="0.80" />
    <tag k="maps_vietnam:status" v="active" />
  </node>
  <node id="14000000243" lat="20.000406" lon="105.770482" version="1" timestamp="2026-06-11T02:34:07Z">
    <tag k="barrier" v="toll_booth" />
    <tag k="highway" v="toll_gantry" />
    <tag k="payment" v="etc" />
    <tag k="payment:etc" v="yes" />
    <tag k="toll" v="yes" />
    <tag k="name" v="Trạm thu phí Tống Sơn (Hà Lĩnh cũ)" />
    <tag k="addr:full" v="2Q29+8M5 Trạm thu phí Tống Sơn (Hà Lĩnh cũ), Thanh Xá 1, Tống Sơn, Thanh Hóa, Việt Nam" />
    <tag k="source" v="maps-vietnam toll-station-pipeline" />
    <tag k="source:datasets" v="colleague_google_maps_results" />
    <tag k="source:google_place_id" v="ChIJ_29QMQCLNjEROlAZQKaAhTA" />
    <tag k="source:google_cid" v="3496342137251385402" />
    <tag k="source:url" v="https://www.google.com/maps/place/Tr%E1%BA%A1m+thu+ph%C3%AD+T%E1%BB%91ng+S%C6%A1n+%28H%C3%A0+L%C4%A9nh+c%C5%A9%29/data=!4m7!3m6!1s0x31368b0031506fff:0x308580a64019503a!8m2!3d20.0004062!4d105.7704824!16s%2Fg%2F11z1t3672t!19sChIJ_29QMQCLNjEROlAZQKaAhTA?authuser=0&amp;hl=vi&amp;rclk=1" />
    <tag k="maps_vietnam:id" v="vn-toll-results-fa75fee205f2ec" />
    <tag k="maps_vietnam:clean_status" v="reviewed_from_results" />
    <tag k="maps_vietnam:confidence" v="0.80" />
    <tag k="maps_vietnam:status" v="active" />
  </node>
  <node id="14000000244" lat="11.304399" lon="108.725077" version="1" timestamp="2026-06-11T02:34:07Z">
    <tag k="barrier" v="toll_booth" />
    <tag k="highway" v="toll_gantry" />
    <tag k="payment" v="etc" />
    <tag k="payment:etc" v="yes" />
    <tag k="toll" v="yes" />
    <tag k="name" v="Trạm thu phí Vĩnh Hảo" />
    <tag k="addr:full" v="8P3G+Q2 Trạm thu phí Vĩnh Hảo, Vĩnh Hảo, Lâm Đồng, Việt Nam" />
    <tag k="source" v="maps-vietnam toll-station-pipeline" />
    <tag k="source:datasets" v="colleague_google_maps_results" />
    <tag k="source:google_place_id" v="ChIJB0jSOgDXdjERI384Tv4ydbw" />
    <tag k="source:google_cid" v="13579816319221006115" />
    <tag k="source:url" v="https://www.google.com/maps/place/Tr%E1%BA%A1m+thu+ph%C3%AD+V%C4%A9nh+H%E1%BA%A3o/data=!4m7!3m6!1s0x3176d7003ad24807:0xbc7532fe4e387f23!8m2!3d11.3043986!4d108.7250775!16s%2Fg%2F11z1k7x_9n!19sChIJB0jSOgDXdjERI384Tv4ydbw?authuser=0&amp;hl=vi&amp;rclk=1" />
    <tag k="maps_vietnam:id" v="vn-toll-results-0e3b2adaf70013" />
    <tag k="maps_vietnam:clean_status" v="reviewed_from_results" />
    <tag k="maps_vietnam:confidence" v="0.80" />
    <tag k="maps_vietnam:status" v="active" />
  </node>
  <node id="14000000245" lat="10.2664" lon="105.874324" version="1" timestamp="2026-06-11T02:34:07Z">
    <tag k="barrier" v="toll_booth" />
    <tag k="highway" v="toll_gantry" />
    <tag k="payment" v="etc" />
    <tag k="payment:etc" v="yes" />
    <tag k="toll" v="yes" />
    <tag k="name" v="Trạm thu phí cầu Nguyễn Huệ" />
    <tag k="addr:full" v="7V8F+HP4 Trạm thu phí cầu Nguyễn Huệ, Phú Hựu, Đồng Tháp, Việt Nam" />
    <tag k="source" v="maps-vietnam toll-station-pipeline" />
    <tag k="source:datasets" v="colleague_google_maps_results" />
    <tag k="source:google_place_id" v="ChIJrbP-fQCBCjERSK2VsGAi8qs" />
    <tag k="source:google_cid" v="12390003323524459848" />
    <tag k="source:url" v="https://www.google.com/maps/place/Tr%E1%BA%A1m+thu+ph%C3%AD+c%E1%BA%A7u+Nguy%E1%BB%85n+Hu%E1%BB%87/data=!4m7!3m6!1s0x310a81007dfeb3ad:0xabf22260b095ad48!8m2!3d10.2663996!4d105.8743241!16s%2Fg%2F11xvqhfnl4!19sChIJrbP-fQCBCjERSK2VsGAi8qs?authuser=0&amp;hl=vi&amp;rclk=1" />
    <tag k="maps_vietnam:id" v="vn-toll-results-6783d7fc7181dc" />
    <tag k="maps_vietnam:clean_status" v="reviewed_from_results" />
    <tag k="maps_vietnam:confidence" v="0.80" />
    <tag k="maps_vietnam:status" v="active" />
  </node>
  <node id="14000000246" lat="10.408434" lon="105.859615" version="1" timestamp="2026-06-11T02:34:07Z">
    <tag k="barrier" v="toll_booth" />
    <tag k="highway" v="toll_gantry" />
    <tag k="payment" v="etc" />
    <tag k="payment:etc" v="yes" />
    <tag k="toll" v="yes" />
    <tag k="name" v="Trạm thu phí cầu Thanh Mỹ" />
    <tag k="addr:full" v="Cầu Thanh Mỹ - Mỹ Lợi B, Thanh Mỹ, Đồng Tháp, Việt Nam" />
    <tag k="source" v="maps-vietnam toll-station-pipeline" />
    <tag k="source:datasets" v="colleague_google_maps_results" />
    <tag k="source:google_place_id" v="ChIJm1sxGgCJCjERkEwQYcl6_DU" />
    <tag k="source:google_cid" v="3890119183476739216" />
    <tag k="source:url" v="https://www.google.com/maps/place/Tr%E1%BA%A1m+thu+ph%C3%AD+c%E1%BA%A7u+Thanh+M%E1%BB%B9/data=!4m7!3m6!1s0x310a89001a315b9b:0x35fc7ac961104c90!8m2!3d10.4084338!4d105.8596146!16s%2Fg%2F11z0_s2n0r!19sChIJm1sxGgCJCjERkEwQYcl6_DU?authuser=0&amp;hl=vi&amp;rclk=1" />
    <tag k="maps_vietnam:id" v="vn-toll-results-3fe3affe0cc9b6" />
    <tag k="maps_vietnam:clean_status" v="reviewed_from_results" />
    <tag k="maps_vietnam:confidence" v="0.80" />
    <tag k="maps_vietnam:status" v="active" />
  </node>
  <node id="14000000247" lat="21.583927" lon="105.865876" version="1" timestamp="2026-06-11T02:34:07Z">
    <tag k="barrier" v="toll_booth" />
    <tag k="highway" v="toll_gantry" />
    <tag k="payment" v="etc" />
    <tag k="payment:etc" v="yes" />
    <tag k="toll" v="yes" />
    <tag k="name" v="Trạm thu phí cầu treo Huống" />
    <tag k="addr:full" v="Linh Sơn, Thái Nguyên, Việt Nam" />
    <tag k="source" v="maps-vietnam toll-station-pipeline" />
    <tag k="source:datasets" v="colleague_google_maps_results" />
    <tag k="source:google_place_id" v="ChIJIW346qImNTERdk_E_2ZmZOk" />
    <tag k="source:google_cid" v="16817679501072027510" />
    <tag k="source:url" v="https://www.google.com/maps/place/Tr%E1%BA%A1m+thu+ph%C3%AD+c%E1%BA%A7u+treo+Hu%E1%BB%91ng/data=!4m7!3m6!1s0x313526a2eaf86d21:0xe9646666ffc44f76!8m2!3d21.5839275!4d105.8658765!16s%2Fg%2F12hkj7tnp!19sChIJIW346qImNTERdk_E_2ZmZOk?authuser=0&amp;hl=vi&amp;rclk=1" />
    <tag k="maps_vietnam:id" v="vn-toll-results-e676b2fb54426d" />
    <tag k="maps_vietnam:clean_status" v="reviewed_from_results" />
    <tag k="maps_vietnam:confidence" v="0.68" />
    <tag k="maps_vietnam:status" v="active" />
    <tag k="maps_vietnam:status_note" v="này nó là cầu treo và đi qua phải trả phí" />
  </node>
  <node id="14000000248" lat="10.902997" lon="106.843788" version="1" timestamp="2026-06-11T02:34:07Z">
    <tag k="barrier" v="toll_booth" />
    <tag k="highway" v="toll_gantry" />
    <tag k="payment" v="etc" />
    <tag k="payment:etc" v="yes" />
    <tag k="toll" v="yes" />
    <tag k="name" v="Trạm thu phí cầu Đồng Nai" />
    <tag k="addr:full" v="Biên Hòa, Đồng Nai, Việt Nam" />
    <tag k="source" v="maps-vietnam toll-station-pipeline" />
    <tag k="source:datasets" v="colleague_google_maps_results" />
    <tag k="source:google_place_id" v="ChIJP3S7RBjfdDEREpJTDd1Qo8g" />
    <tag k="source:google_cid" v="14457488139130999314" />
    <tag k="source:url" v="https://www.google.com/maps/place/Tr%E1%BA%A1m+thu+ph%C3%AD+c%E1%BA%A7u+%C4%90%E1%BB%93ng+Nai/data=!4m7!3m6!1s0x3174df1844bb743f:0xc8a350dd0d539212!8m2!3d10.9029973!4d106.8437882!16s%2Fg%2F11x6r8v30d!19sChIJP3S7RBjfdDEREpJTDd1Qo8g?authuser=0&amp;hl=vi&amp;rclk=1" />
    <tag k="maps_vietnam:id" v="vn-toll-results-77badfc41b20d1" />
    <tag k="maps_vietnam:clean_status" v="reviewed_from_results" />
    <tag k="maps_vietnam:confidence" v="0.68" />
    <tag k="maps_vietnam:status" v="active" />
  </node>
  <node id="14000000249" lat="14.043348" lon="109.027487" version="1" timestamp="2026-06-11T02:34:07Z">
    <tag k="barrier" v="toll_booth" />
    <tag k="highway" v="toll_gantry" />
    <tag k="payment" v="etc" />
    <tag k="payment:etc" v="yes" />
    <tag k="toll" v="yes" />
    <tag k="name" v="Trạm thu phí nút giao ĐT.634" />
    <tag k="addr:full" v="22VH+V38 Trạm thu phí nút giao ĐT.634, ĐT634, Hòa Hội, Gia Lai, Việt Nam" />
    <tag k="source" v="maps-vietnam toll-station-pipeline" />
    <tag k="source:datasets" v="colleague_google_maps_results" />
    <tag k="source:google_place_id" v="ChIJ29ZJHgA7bzERYasrs7Cb_Ws" />
    <tag k="source:google_cid" v="7781546914388618081" />
    <tag k="source:url" v="https://www.google.com/maps/place/Tr%E1%BA%A1m+thu+ph%C3%AD+n%C3%BAt+giao+%C4%90T.634/data=!4m7!3m6!1s0x316f3b001e49d6db:0x6bfd9bb0b32bab61!8m2!3d14.043348!4d109.027487!16s%2Fg%2F11mylwqq8f!19sChIJ29ZJHgA7bzERYasrs7Cb_Ws?authuser=0&amp;hl=vi&amp;rclk=1" />
    <tag k="maps_vietnam:id" v="vn-toll-results-902e161ae6a10c" />
    <tag k="maps_vietnam:clean_status" v="reviewed_from_results" />
    <tag k="maps_vietnam:confidence" v="0.80" />
    <tag k="maps_vietnam:status" v="active" />
  </node>
  <node id="14000000250" lat="10.660289" lon="106.654482" version="1" timestamp="2026-06-11T02:34:07Z">
    <tag k="barrier" v="toll_booth" />
    <tag k="highway" v="toll_gantry" />
    <tag k="payment" v="etc" />
    <tag k="payment:etc" v="yes" />
    <tag k="toll" v="yes" />
    <tag k="name" v="Trạm thu phí số 03" />
    <tag k="addr:full" v="C15 Hẻm B2, Hưng Long, Hồ Chí Minh, Việt Nam" />
    <tag k="source" v="maps-vietnam toll-station-pipeline" />
    <tag k="source:datasets" v="colleague_google_maps_results" />
    <tag k="source:google_place_id" v="ChIJ8YvCIQAxdTERytYuxitTu1w" />
    <tag k="source:google_cid" v="6682025919607920330" />
    <tag k="source:url" v="https://www.google.com/maps/place/Tr%E1%BA%A1m+thu+ph%C3%AD+s%E1%BB%91+03/data=!4m7!3m6!1s0x3175310021c28bf1:0x5cbb532bc62ed6ca!8m2!3d10.6602893!4d106.6544822!16s%2Fg%2F11xzmlk13q!19sChIJ8YvCIQAxdTERytYuxitTu1w?authuser=0&amp;hl=vi&amp;rclk=1" />
    <tag k="maps_vietnam:id" v="vn-toll-results-50257b7477bc9a" />
    <tag k="maps_vietnam:clean_status" v="reviewed_from_results" />
    <tag k="maps_vietnam:confidence" v="0.80" />
    <tag k="maps_vietnam:status" v="active" />
  </node>
  <node id="14000000251" lat="11.031479" lon="106.7755" version="1" timestamp="2026-06-11T02:34:07Z">
    <tag k="barrier" v="toll_booth" />
    <tag k="highway" v="toll_gantry" />
    <tag k="payment" v="etc" />
    <tag k="payment:etc" v="yes" />
    <tag k="toll" v="yes" />
    <tag k="name" v="Trạm thu phí số 3" />
    <tag k="addr:full" v="2QHF+4VP Trạm thu phí số 3, ĐT747, Tân Hiệp, Hồ Chí Minh, Việt Nam" />
    <tag k="source" v="maps-vietnam toll-station-pipeline" />
    <tag k="source:datasets" v="colleague_google_maps_results" />
    <tag k="source:google_place_id" v="ChIJXxHPWwDbdDERYXCofK702_w" />
    <tag k="source:google_cid" v="18220425747710373985" />
    <tag k="source:url" v="https://www.google.com/maps/place/Tr%E1%BA%A1m+thu+ph%C3%AD+s%E1%BB%91+3/data=!4m7!3m6!1s0x3174db005bcf115f:0xfcdbf4ae7ca87061!8m2!3d11.0314786!4d106.7755003!16s%2Fg%2F11z8nczd78!19sChIJXxHPWwDbdDERYXCofK702_w?authuser=0&amp;hl=vi&amp;rclk=1" />
    <tag k="maps_vietnam:id" v="vn-toll-results-7c4a93dd56bb9f" />
    <tag k="maps_vietnam:clean_status" v="reviewed_from_results" />
    <tag k="maps_vietnam:confidence" v="0.80" />
    <tag k="maps_vietnam:status" v="active" />
  </node>
  <node id="14000000252" lat="10.393306" lon="106.143552" version="1" timestamp="2026-06-11T02:34:07Z">
    <tag k="barrier" v="toll_booth" />
    <tag k="highway" v="toll_gantry" />
    <tag k="payment" v="etc" />
    <tag k="payment:etc" v="yes" />
    <tag k="toll" v="yes" />
    <tag k="name" v="Trạm thu phí tuyến tránh TX Cai Lậy" />
    <tag k="addr:full" v="94VV+8CF Trạm thu phí tuyến tránh TX Cai Lậy, Đ. Tránh TX Cai Lậy, Cai Lậy, Đồng Tháp, Việt Nam" />
    <tag k="source" v="maps-vietnam toll-station-pipeline" />
    <tag k="source:datasets" v="colleague_google_maps_results" />
    <tag k="source:google_place_id" v="ChIJt8mV6EWXCjEReyH9gN75B5E" />
    <tag k="source:google_cid" v="10450596194378654075" />
    <tag k="source:url" v="https://www.google.com/maps/place/Tr%E1%BA%A1m+thu+ph%C3%AD+tuy%E1%BA%BFn+tr%C3%A1nh+TX+Cai+L%E1%BA%ADy/data=!4m7!3m6!1s0x310a9745e895c9b7:0x9107f9de80fd217b!8m2!3d10.3933064!4d106.1435517!16s%2Fg%2F11sr6kszy0!19sChIJt8mV6EWXCjEReyH9gN75B5E?authuser=0&amp;hl=vi&amp;rclk=1" />
    <tag k="maps_vietnam:id" v="vn-toll-results-329cb8981a939e" />
    <tag k="maps_vietnam:clean_status" v="deduplicated_after_results_merge" />
    <tag k="maps_vietnam:confidence" v="0.80" />
    <tag k="maps_vietnam:status" v="active" />
  </node>
  <node id="14000000253" lat="17.939489" lon="106.477189" version="1" timestamp="2026-06-11T02:34:07Z">
    <tag k="barrier" v="toll_booth" />
    <tag k="highway" v="toll_gantry" />
    <tag k="payment" v="etc" />
    <tag k="payment:etc" v="yes" />
    <tag k="toll" v="yes" />
    <tag k="name" v="Trạm thu phí Đèo Ngang" />
    <tag k="addr:full" v="QL1A, Vĩnh Hải, Phú Trạch, Quảng Trị, Việt Nam" />
    <tag k="source" v="maps-vietnam toll-station-pipeline" />
    <tag k="source:datasets" v="colleague_google_maps_results" />
    <tag k="source:google_place_id" v="ChIJY_BTcgWDODEReOTVIvinUXE" />
    <tag k="source:google_cid" v="8165492283577590904" />
    <tag k="source:url" v="https://www.google.com/maps/place/Tr%E1%BA%A1m+thu+ph%C3%AD+%C4%90%C3%A8o+Ngang/data=!4m7!3m6!1s0x313883057253f063:0x7151a7f822d5e478!8m2!3d17.9394893!4d106.4771895!16s%2Fg%2F11bx20jcvj!19sChIJY_BTcgWDODEReOTVIvinUXE?authuser=0&amp;hl=vi&amp;rclk=1" />
    <tag k="maps_vietnam:id" v="vn-toll-results-6539ebfe9288e9" />
    <tag k="maps_vietnam:clean_status" v="reviewed_from_results" />
    <tag k="maps_vietnam:confidence" v="0.68" />
    <tag k="maps_vietnam:status" v="active" />
  </node>
  <node id="14000000254" lat="10.879647" lon="106.911861" version="1" timestamp="2026-06-11T02:34:07Z">
    <tag k="barrier" v="toll_booth" />
    <tag k="highway" v="toll_gantry" />
    <tag k="payment" v="etc" />
    <tag k="payment:etc" v="yes" />
    <tag k="toll" v="yes" />
    <tag k="name" v="Trạm thu phí Đường chuyên dùng vận chuyển VLXD Phước Tân (Trạm Phước Tân)" />
    <tag k="addr:full" v="Đường chuyên dùng Phước Tân, Phước Tân, Đồng Nai, Việt Nam" />
    <tag k="source" v="maps-vietnam toll-station-pipeline" />
    <tag k="source:datasets" v="colleague_google_maps_results" />
    <tag k="source:google_place_id" v="ChIJU41bwk7fdDERk9sXrKCcP08" />
    <tag k="source:google_cid" v="5710455066425023379" />
    <tag k="source:url" v="https://www.google.com/maps/place/Tr%E1%BA%A1m+thu+ph%C3%AD+%C4%90%C6%B0%E1%BB%9Dng+chuy%C3%AAn+d%C3%B9ng+v%E1%BA%ADn+chuy%E1%BB%83n+VLXD+Ph%C6%B0%E1%BB%9Bc+T%C3%A2n+%28Tr%E1%BA%A1m+Ph%C6%B0%E1%BB%9Bc+T%C3%A2n%29/data=!4m7!3m6!1s0x3174df4ec25b8d53:0x4f3f9ca0ac17db93!8m2!3d10.879647!4d106.9118607!16s%2Fg%2F11nmflk_33!19sChIJU41bwk7fdDERk9sXrKCcP08?authuser=0&amp;hl=vi&amp;rclk=1" />
    <tag k="maps_vietnam:id" v="vn-toll-results-70491e7c25f059" />
    <tag k="maps_vietnam:clean_status" v="reviewed_from_results" />
    <tag k="maps_vietnam:confidence" v="0.80" />
    <tag k="maps_vietnam:status" v="active" />
  </node>
  <node id="14000000255" lat="20.169081" lon="105.870207" version="1" timestamp="2026-06-11T02:34:07Z">
    <tag k="barrier" v="toll_booth" />
    <tag k="highway" v="toll_gantry" />
    <tag k="payment" v="etc" />
    <tag k="payment:etc" v="yes" />
    <tag k="toll" v="yes" />
    <tag k="name" v="Trạm thu phí Đồng Giao" />
    <tag k="addr:full" v="5V9C+J3 Trạm thu phí Đồng Giao, Tam Điệp, Ninh Bình, Việt Nam" />
    <tag k="source" v="maps-vietnam toll-station-pipeline" />
    <tag k="source:datasets" v="colleague_google_maps_results" />
    <tag k="source:google_place_id" v="ChIJ9aUlTgBjNjER1BK2flcy2jw" />
    <tag k="source:google_cid" v="4384872538568004308" />
    <tag k="source:url" v="https://www.google.com/maps/place/Tr%E1%BA%A1m+thu+ph%C3%AD+%C4%90%E1%BB%93ng+Giao/data=!4m7!3m6!1s0x313663004e25a5f5:0x3cda32577eb612d4!8m2!3d20.1690811!4d105.8702073!16s%2Fg%2F11nk2w_ppb!19sChIJ9aUlTgBjNjER1BK2flcy2jw?authuser=0&amp;hl=vi&amp;rclk=1" />
    <tag k="maps_vietnam:id" v="vn-toll-results-c86839a8da086c" />
    <tag k="maps_vietnam:clean_status" v="reviewed_from_results" />
    <tag k="maps_vietnam:confidence" v="0.80" />
    <tag k="maps_vietnam:status" v="active" />
  </node>
  <node id="14000000256" lat="10.977884" lon="106.744844" version="1" timestamp="2026-06-11T02:34:07Z">
    <tag k="barrier" v="toll_booth" />
    <tag k="highway" v="toll_gantry" />
    <tag k="payment" v="etc" />
    <tag k="payment:etc" v="yes" />
    <tag k="toll" v="yes" />
    <tag k="name" v="Trạm thu phí đường bộ số 1 DT743" />
    <tag k="addr:full" v="XPHV+5W4 Trạm thu phí đường bộ số 1 DT743, 743, An Phú, Hồ Chí Minh, Việt Nam" />
    <tag k="source" v="maps-vietnam toll-station-pipeline" />
    <tag k="source:datasets" v="colleague_google_maps_results" />
    <tag k="source:google_place_id" v="ChIJHTYT2hXadDEReqknAkN3-1c" />
    <tag k="source:google_cid" v="6339792030136772986" />
    <tag k="source:url" v="https://www.google.com/maps/place/Tr%E1%BA%A1m+thu+ph%C3%AD+%C4%91%C6%B0%E1%BB%9Dng+b%E1%BB%99+s%E1%BB%91+1+DT743/data=!4m7!3m6!1s0x3174da15da13361d:0x57fb77430227a97a!8m2!3d10.9778837!4d106.7448435!16s%2Fg%2F113j_77lf!19sChIJHTYT2hXadDEReqknAkN3-1c?authuser=0&amp;hl=vi&amp;rclk=1" />
    <tag k="maps_vietnam:id" v="vn-toll-results-60cc0884d97283" />
    <tag k="maps_vietnam:clean_status" v="reviewed_from_results" />
    <tag k="maps_vietnam:confidence" v="0.80" />
    <tag k="maps_vietnam:status" v="active" />
  </node>
  <node id="14000000257" lat="15.538297" lon="108.453753" version="1" timestamp="2026-06-11T02:34:07Z">
    <tag k="barrier" v="toll_booth" />
    <tag k="highway" v="toll_gantry" />
    <tag k="payment" v="etc" />
    <tag k="payment:etc" v="yes" />
    <tag k="toll" v="yes" />
    <tag k="name" v="plaza toll tam ky" />
    <tag k="addr:full" v="GFQ3+8G6 plaza toll tam ky, Unnamed, Road, Chiên Đàn, Đà Nẵng, Việt Nam" />
    <tag k="source" v="maps-vietnam toll-station-pipeline" />
    <tag k="source:datasets" v="colleague_google_maps_results" />
    <tag k="source:google_place_id" v="ChIJU4Wd203DaTEREUI6nHg_Juk" />
    <tag k="source:google_cid" v="16800185247201903121" />
    <tag k="source:url" v="https://www.google.com/maps/place/plaza+toll+tam+ky/data=!4m7!3m6!1s0x3169c34ddb9d8553:0xe9263f789c3a4211!8m2!3d15.5382974!4d108.4537533!16s%2Fg%2F11j0nfqjt4!19sChIJU4Wd203DaTEREUI6nHg_Juk?authuser=0&amp;hl=vi&amp;rclk=1" />
    <tag k="maps_vietnam:id" v="vn-toll-results-3a4913bba49761" />
    <tag k="maps_vietnam:clean_status" v="reviewed_from_results" />
    <tag k="maps_vietnam:confidence" v="0.80" />
    <tag k="maps_vietnam:status" v="active" />
  </node>
  <node id="14000000258" lat="10.384581" lon="107.064495" version="1" timestamp="2026-06-11T02:34:07Z">
    <tag k="barrier" v="toll_booth" />
    <tag k="highway" v="toll_gantry" />
    <tag k="payment" v="etc" />
    <tag k="payment:etc" v="yes" />
    <tag k="toll" v="yes" />
    <tag k="name" v="Điểm Thu Phí Bến Hải" />
    <tag k="addr:full" v="141 Trần Phú, Vũng Tàu, Hồ Chí Minh, Việt Nam" />
    <tag k="source" v="maps-vietnam toll-station-pipeline" />
    <tag k="source:datasets" v="colleague_google_maps_results" />
    <tag k="source:google_place_id" v="ChIJhwWo7VFudTERqFhI1qSzXQ0" />
    <tag k="source:google_cid" v="963123415878228136" />
    <tag k="source:url" v="https://www.google.com/maps/place/%C4%90i%E1%BB%83m+Thu+Ph%C3%AD+B%E1%BA%BFn+H%E1%BA%A3i/data=!4m7!3m6!1s0x31756e51eda80587:0xd5db3a4d64858a8!8m2!3d10.3845814!4d107.0644948!16s%2Fg%2F11b67yhvds!19sChIJhwWo7VFudTERqFhI1qSzXQ0?authuser=0&amp;hl=vi&amp;rclk=1" />
    <tag k="maps_vietnam:id" v="vn-toll-results-0809040f917db9" />
    <tag k="maps_vietnam:clean_status" v="reviewed_from_results" />
    <tag k="maps_vietnam:confidence" v="0.80" />
    <tag k="maps_vietnam:status" v="active" />
  </node>
  <node id="14000000259" lat="10.888675" lon="106.700936" version="1" timestamp="2026-06-11T02:34:07Z">
    <tag k="barrier" v="toll_booth" />
    <tag k="highway" v="toll_gantry" />
    <tag k="payment" v="etc" />
    <tag k="payment:etc" v="yes" />
    <tag k="toll" v="yes" />
    <tag k="name" v="Trạm thu phí" />
    <tag k="addr:full" v="Đại lộ Bình Dương, Lái Thiêu, Hồ Chí Minh, Việt Nam" />
    <tag k="source" v="maps-vietnam toll-station-pipeline" />
    <tag k="source:datasets" v="colleague_google_maps_results" />
    <tag k="source:google_place_id" v="ChIJNYjoPejXdDERJ3_G9c0UvxE" />
    <tag k="source:google_cid" v="1278763694020788007" />
    <tag k="source:url" v="https://www.google.com/maps/place/Tr%E1%BA%A1m+thu+ph%C3%AD/data=!4m7!3m6!1s0x3174d7e83de88835:0x11bf14cdf5c67f27!8m2!3d10.8886754!4d106.7009362!16s%2Fg%2F11b8tdpstv!19sChIJNYjoPejXdDERJ3_G9c0UvxE?authuser=0&amp;hl=vi&amp;rclk=1" />
    <tag k="maps_vietnam:id" v="vn-toll-results-18d929834244af" />
    <tag k="maps_vietnam:clean_status" v="manual_keep_after_results_review" />
    <tag k="maps_vietnam:confidence" v="0.75" />
    <tag k="maps_vietnam:status" v="active" />
    <tag k="maps_vietnam:status_note" v="manual_keep_google_confirmed_generic_toll_station" />
  </node>
  <node id="14000000260" lat="10.430492" lon="106.316667" version="1" timestamp="2026-06-11T02:34:07Z">
    <tag k="barrier" v="toll_booth" />
    <tag k="highway" v="toll_gantry" />
    <tag k="payment" v="etc" />
    <tag k="payment:etc" v="yes" />
    <tag k="toll" v="yes" />
    <tag k="name" v="Trạm thu phí" />
    <tag k="addr:full" v="98R4+M2W Trạm thu phí, QL1A, Long Hưng, Đồng Tháp, Việt Nam" />
    <tag k="source" v="maps-vietnam toll-station-pipeline" />
    <tag k="source:datasets" v="colleague_google_maps_results" />
    <tag k="source:google_place_id" v="ChIJ2zzBQQC7CjEROWVW1EoOmb8" />
    <tag k="source:google_cid" v="13806081847233766713" />
    <tag k="source:url" v="https://www.google.com/maps/place/Tr%E1%BA%A1m+thu+ph%C3%AD/data=!4m7!3m6!1s0x310abb0041c13cdb:0xbf990e4ad4566539!8m2!3d10.4304916!4d106.3166667!16s%2Fg%2F11z5952lz5!19sChIJ2zzBQQC7CjEROWVW1EoOmb8?authuser=0&amp;hl=vi&amp;rclk=1" />
    <tag k="maps_vietnam:id" v="vn-toll-results-389322d4f5b691" />
    <tag k="maps_vietnam:clean_status" v="manual_keep_after_results_review" />
    <tag k="maps_vietnam:confidence" v="0.75" />
    <tag k="maps_vietnam:status" v="active" />
    <tag k="maps_vietnam:status_note" v="manual_keep_google_confirmed_generic_toll_station" />
  </node>
</osm>